cohort,study,benchmark,suite,family,condition_id,category,severity,seed,init_index,initial_state_sha256,group_id,clip_id,arm,raw_success,selection_class,original_selection_class,paired_claim_eligible,baseline_outcome,baseline_stage,baseline_confidence,overlap_outcome,overlap_stage,overlap_confidence,adjudicated_outcome,immutable_raw_url,immutable_replay_url
historical,selective_flow,libero_plus,libero_object,pick_up_the_bbq_sauce_and_place_it_in_the_basket,libero_plus:libero_object:1869,Objects Layout,3,2003,0,f9e5d7fb376672734222e3dbd47f4b16b7310be8f65ef7af6e99009a617107c2,Gb560805eabad9e72,C01d8d05a09a8be868bdb,10,True,rescue,rescue,True,completed,completed,high,,,,,https://github.com/lapid92/openpi/blob/e0c9d7e8b2937a2b61674dac0d90185be14e4fc9/examples/selective_flow/results/209e434b3363/libero_plus-main-worker-1.jsonl#L226,https://github.com/lapid92/openpi/blob/f631acc42573a5de5217cd57de4bf7c9b4bf8891/examples/rescue_characterization/results/historical-replay/libero_plus-worker-0.jsonl#L86
historical,selective_flow,libero_plus,libero_10,KITCHEN_SCENE8_put_both_moka_pots_on_the_stove,libero_plus:libero_10:2024,Objects Layout,2,2003,0,f3b7013106f4457edbc989a14bf525f80e41f711b2c3709ec41abbbd868c9fa1,G9d2619fed60414a9,C051dd6f7b2c8c6cb3cbb,10,False,regression,regression,True,completed,completed,high,,,,,https://github.com/lapid92/openpi/blob/e0c9d7e8b2937a2b61674dac0d90185be14e4fc9/examples/selective_flow/results/209e434b3363/libero_plus-main-worker-3.jsonl#L446,https://github.com/lapid92/openpi/blob/f631acc42573a5de5217cd57de4bf7c9b4bf8891/examples/rescue_characterization/results/historical-replay/libero_plus-worker-1.jsonl#L56
historical,selective_flow,libero_plus,libero_10,KITCHEN_SCENE8_put_both_moka_pots_on_the_stove,libero_plus:libero_10:2039,Objects Layout,3,2001,0,008d74989412d6de395adc3c2b721cc0863031d2e2591b27283a953bb9436f62,G5a099f73fd9e9ef7,C053b149fcda4f4e20f91,10,False,failed_at_1_and_10_intermediates_unmeasured,never_rescued,True,not completed,manipulation,medium,,,,,https://github.com/lapid92/openpi/blob/e0c9d7e8b2937a2b61674dac0d90185be14e4fc9/examples/selective_flow/results/209e434b3363/libero_plus-main-worker-1.jsonl#L462,https://github.com/lapid92/openpi/blob/f631acc42573a5de5217cd57de4bf7c9b4bf8891/examples/rescue_characterization/results/historical-replay/libero_plus-worker-0.jsonl#L60
historical,frozen_flow,libero,libero_10,KITCHEN_SCENE8_put_both_moka_pots_on_the_stove,libero:libero_10:8,standard,0,1005,4,02b2b6ed14553a05557e097c0a838ce6f5d5aa05c839844aef81678752dace65,G146bd322fcaa8b6d,C097e0fd4955952e0c8c0,1,False,rescue,rescue,True,unclear,placement,low,unclear,placement,low,,https://github.com/lapid92/openpi/blob/e0c9d7e8b2937a2b61674dac0d90185be14e4fc9/examples/frozen_flow/results/d16dba54a815/libero-main-worker-2.jsonl#L377,https://github.com/lapid92/openpi/blob/f631acc42573a5de5217cd57de4bf7c9b4bf8891/examples/rescue_characterization/results/historical-replay/libero-worker-1.jsonl#L9
historical,selective_flow,libero_plus,libero_object,pick_up_the_bbq_sauce_and_place_it_in_the_basket,libero_plus:libero_object:1860,Objects Layout,2,2009,0,c63fb5035fb541cc64592f47c83c16b8f0e93175a448521517d00a92cd4db326,G84f8a35efb0de155,C09ca248f13fb0e2bae03,10,False,regression,regression,True,not completed,grasp,high,,,,,https://github.com/lapid92/openpi/blob/e0c9d7e8b2937a2b61674dac0d90185be14e4fc9/examples/selective_flow/results/209e434b3363/libero_plus-main-worker-1.jsonl#L218,https://github.com/lapid92/openpi/blob/f631acc42573a5de5217cd57de4bf7c9b4bf8891/examples/rescue_characterization/results/historical-replay/libero_plus-worker-3.jsonl#L82
historical,frozen_flow,libero_plus,libero_10,LIVING_ROOM_SCENE2_put_both_the_alphabet_soup_and_the_tomato_sauce_in_the_basket,libero_plus:libero_10:299,Robot Initial States,3,1010,9,3d09fb7b6965328e11bd7abfdb58333428e00484c192bf88338d0f3d69ac5406,G6638e665fff62699,C0a20a7c2533acf21f6fd,1,False,never_rescued,never_rescued,True,not completed,approach,medium,,,,,https://github.com/lapid92/openpi/blob/e0c9d7e8b2937a2b61674dac0d90185be14e4fc9/examples/frozen_flow/results/d16dba54a815/libero_plus-main-worker-2.jsonl#L400,https://github.com/lapid92/openpi/blob/f631acc42573a5de5217cd57de4bf7c9b4bf8891/examples/rescue_characterization/results/historical-replay/libero_plus-worker-1.jsonl#L13
historical,frozen_flow,libero_plus,libero_spatial,pick_up_the_black_bowl_between_the_plate_and_the_ramekin_and_place_it_on_the_plate,libero_plus:libero_spatial:611,Camera Viewpoints,2,1008,7,d297dd693cb3e13a607d16f211730e28c50b463f597f066ef2a424a8a036186c,G132144b71bf7dcaf,C0a58d0c50522593b730e,10,False,regression,regression,True,completed,completed,medium,,,,,https://github.com/lapid92/openpi/blob/e0c9d7e8b2937a2b61674dac0d90185be14e4fc9/examples/frozen_flow/results/d16dba54a815/libero_plus-main-worker-0.jsonl#L69,https://github.com/lapid92/openpi/blob/f631acc42573a5de5217cd57de4bf7c9b4bf8891/examples/rescue_characterization/results/historical-replay/libero_plus-worker-1.jsonl#L48
historical,frozen_flow,libero_plus,libero_10,LIVING_ROOM_SCENE2_put_both_the_alphabet_soup_and_the_tomato_sauce_in_the_basket,libero_plus:libero_10:685,Camera Viewpoints,2,1001,0,747b653b2ca1feeae8f3bd994880ce743730993ea5ce4bd003623e877f26b3bd,G7cd78a71d456ccd8,C0b316888649fe0e6893f,2,True,regression,regression,True,completed,completed,high,,,,,https://github.com/lapid92/openpi/blob/e0c9d7e8b2937a2b61674dac0d90185be14e4fc9/examples/frozen_flow/results/d16dba54a815/libero_plus-main-worker-0.jsonl#L402,https://github.com/lapid92/openpi/blob/f631acc42573a5de5217cd57de4bf7c9b4bf8891/examples/rescue_characterization/results/historical-replay/libero_plus-worker-1.jsonl#L18
historical,selective_flow,libero_plus,libero_spatial,pick_up_the_black_bowl_on_the_cookie_box_and_place_it_on_the_plate,libero_plus:libero_spatial:733,Camera Viewpoints,3,2010,19,506d45d3efe3f6738675330af8d19d16069ff0ddf8470ffad2306e592c3b48ed,G2f359bd46a55d143,C0d2c9994bfb06e7b30dd,1,True,regression,regression,True,completed,completed,medium,,,,,https://github.com/lapid92/openpi/blob/e0c9d7e8b2937a2b61674dac0d90185be14e4fc9/examples/selective_flow/results/209e434b3363/libero_plus-main-worker-1.jsonl#L80,https://github.com/lapid92/openpi/blob/f631acc42573a5de5217cd57de4bf7c9b4bf8891/examples/rescue_characterization/results/historical-replay/libero_plus-worker-0.jsonl#L105
historical,frozen_flow,libero,libero_10,KITCHEN_SCENE8_put_both_moka_pots_on_the_stove,libero:libero_10:8,standard,0,1010,9,ebdcc138b98b701bf3bd1a6c90abf66aa7abd34574250c258cf9be5c26271cd4,G73708eeb5227c71f,C0ebf0cec5f2a87dc47a0,1,True,regression,regression,True,completed,completed,medium,,,,,https://github.com/lapid92/openpi/blob/e0c9d7e8b2937a2b61674dac0d90185be14e4fc9/examples/frozen_flow/results/d16dba54a815/libero-main-worker-2.jsonl#L400,https://github.com/lapid92/openpi/blob/f631acc42573a5de5217cd57de4bf7c9b4bf8891/examples/rescue_characterization/results/historical-replay/libero-worker-1.jsonl#L13
historical,frozen_flow,libero_plus,libero_10,KITCHEN_SCENE3_turn_on_the_stove_and_put_the_moka_pot_on_it,libero_plus:libero_10:1940,Objects Layout,2,1003,0,43bf0a70cd05e0fb7a3ed3555da0c37ee0f85f56ae861ae19b79f8f1673f4033,G1e471a4d2aa7f024,C0f644f8ae6c83daff557,10,True,rescue,rescue,True,completed,completed,high,,,,,https://github.com/lapid92/openpi/blob/e0c9d7e8b2937a2b61674dac0d90185be14e4fc9/examples/frozen_flow/results/d16dba54a815/libero_plus-main-worker-0.jsonl#L450,https://github.com/lapid92/openpi/blob/f631acc42573a5de5217cd57de4bf7c9b4bf8891/examples/rescue_characterization/results/historical-replay/libero_plus-worker-1.jsonl#L4
historical,frozen_flow,libero,libero_goal,put_the_wine_bottle_on_the_rack,libero:libero_goal:9,standard,0,1006,5,0ed1415086c068aaebf6950af176578ff484710fcab86e8afbb03ce59aceb14b,G1bc4aa3be46b991d,C1056f2488a5c16889808,2,False,rescue,rescue,True,not completed,grasp,high,,,,,https://github.com/lapid92/openpi/blob/e0c9d7e8b2937a2b61674dac0d90185be14e4fc9/examples/frozen_flow/results/d16dba54a815/libero-main-worker-1.jsonl#L303,https://github.com/lapid92/openpi/blob/f631acc42573a5de5217cd57de4bf7c9b4bf8891/examples/rescue_characterization/results/historical-replay/libero-worker-2.jsonl#L22
historical,frozen_flow,libero_plus,libero_object,pick_up_the_cream_cheese_and_place_it_in_the_basket,libero_plus:libero_object:292,Robot Initial States,3,1004,3,d3aef66d3da45a29cdc1354a26ded28b2699e0a8a7ad18a69209a0f35df1e1b4,G72df827fcb404956,C108c262ccb80fa80f43b,2,False,never_rescued,never_rescued,True,not completed,approach,high,,,,,https://github.com/lapid92/openpi/blob/e0c9d7e8b2937a2b61674dac0d90185be14e4fc9/examples/frozen_flow/results/d16dba54a815/libero_plus-main-worker-3.jsonl#L133,https://github.com/lapid92/openpi/blob/f631acc42573a5de5217cd57de4bf7c9b4bf8891/examples/rescue_characterization/results/historical-replay/libero_plus-worker-1.jsonl#L38
historical,selective_flow,libero_plus,libero_spatial,pick_up_the_black_bowl_in_the_top_drawer_of_the_wooden_cabinet_and_place_it_on_the_plate,libero_plus:libero_spatial:737,Camera Viewpoints,3,2008,17,f5d465f187549523ee7aaedba70bf6427cc717feb1cdc5beffdb576b406b6ead,Gfdc1a6b07b4a7f54,C122f9e9b67a4c0140de2,1,True,regression,regression,True,completed,completed,medium,completed,completed,medium,,https://github.com/lapid92/openpi/blob/e0c9d7e8b2937a2b61674dac0d90185be14e4fc9/examples/selective_flow/results/209e434b3363/libero_plus-main-worker-2.jsonl#L76,https://github.com/lapid92/openpi/blob/f631acc42573a5de5217cd57de4bf7c9b4bf8891/examples/rescue_characterization/results/historical-replay/libero_plus-worker-1.jsonl#L105
historical,frozen_flow,libero,libero_goal,put_the_wine_bottle_on_the_rack,libero:libero_goal:9,standard,0,1006,5,0ed1415086c068aaebf6950af176578ff484710fcab86e8afbb03ce59aceb14b,G1bc4aa3be46b991d,C13025af0b16d7eec66b4,10,True,rescue,rescue,True,completed,completed,high,,,,,https://github.com/lapid92/openpi/blob/e0c9d7e8b2937a2b61674dac0d90185be14e4fc9/examples/frozen_flow/results/d16dba54a815/libero-main-worker-1.jsonl#L301,https://github.com/lapid92/openpi/blob/f631acc42573a5de5217cd57de4bf7c9b4bf8891/examples/rescue_characterization/results/historical-replay/libero-worker-2.jsonl#L24
historical,frozen_flow,libero_plus,libero_10,LIVING_ROOM_SCENE2_put_both_the_alphabet_soup_and_the_tomato_sauce_in_the_basket,libero_plus:libero_10:299,Robot Initial States,3,1010,9,3d09fb7b6965328e11bd7abfdb58333428e00484c192bf88338d0f3d69ac5406,G6638e665fff62699,C194699ba0bac2fbae4e3,4,False,never_rescued,never_rescued,True,not completed,approach,medium,,,,,https://github.com/lapid92/openpi/blob/e0c9d7e8b2937a2b61674dac0d90185be14e4fc9/examples/frozen_flow/results/d16dba54a815/libero_plus-main-worker-2.jsonl#L398,https://github.com/lapid92/openpi/blob/f631acc42573a5de5217cd57de4bf7c9b4bf8891/examples/rescue_characterization/results/historical-replay/libero_plus-worker-1.jsonl#L15
historical,selective_flow,libero_plus,libero_object,pick_up_the_bbq_sauce_and_place_it_in_the_basket,libero_plus:libero_object:369,Robot Initial States,3,2007,16,75270eafe39d067d5050212addad99332c447a7863d77c105174b0304594d2cc,Gd72f944651e79f0e,C1ed06ef343cac319c80f,10,True,rescue,rescue,True,completed,completed,high,,,,,https://github.com/lapid92/openpi/blob/e0c9d7e8b2937a2b61674dac0d90185be14e4fc9/examples/selective_flow/results/209e434b3363/libero_plus-main-worker-3.jsonl#L154,https://github.com/lapid92/openpi/blob/f631acc42573a5de5217cd57de4bf7c9b4bf8891/examples/rescue_characterization/results/historical-replay/libero_plus-worker-1.jsonl#L94
historical,frozen_flow,libero_plus,libero_10,LIVING_ROOM_SCENE2_put_both_the_alphabet_soup_and_the_tomato_sauce_in_the_basket,libero_plus:libero_10:299,Robot Initial States,3,1010,9,3d09fb7b6965328e11bd7abfdb58333428e00484c192bf88338d0f3d69ac5406,G6638e665fff62699,C1f61738f3b7e94ff6984,10,False,never_rescued,never_rescued,True,not completed,approach,medium,,,,,https://github.com/lapid92/openpi/blob/e0c9d7e8b2937a2b61674dac0d90185be14e4fc9/examples/frozen_flow/results/d16dba54a815/libero_plus-main-worker-2.jsonl#L399,https://github.com/lapid92/openpi/blob/f631acc42573a5de5217cd57de4bf7c9b4bf8891/examples/rescue_characterization/results/historical-replay/libero_plus-worker-1.jsonl#L16
historical,selective_flow,libero_plus,libero_goal,push_the_plate_to_the_front_of_the_stove,libero_plus:libero_goal:1976,Objects Layout,2,2010,0,c33020012462dd640e32f641d571f712132b477a699be937346c8632d774e3e5,G447590676fdf33df,C20e57c1f3d14fef5c020,10,False,regression,regression,True,completed,completed,medium,,,,,https://github.com/lapid92/openpi/blob/e0c9d7e8b2937a2b61674dac0d90185be14e4fc9/examples/selective_flow/results/209e434b3363/libero_plus-main-worker-2.jsonl#L339,https://github.com/lapid92/openpi/blob/f631acc42573a5de5217cd57de4bf7c9b4bf8891/examples/rescue_characterization/results/historical-replay/libero_plus-worker-1.jsonl#L76
historical,frozen_flow,libero_plus,libero_10,KITCHEN_SCENE3_turn_on_the_stove_and_put_the_moka_pot_on_it,libero_plus:libero_10:1940,Objects Layout,2,1003,0,43bf0a70cd05e0fb7a3ed3555da0c37ee0f85f56ae861ae19b79f8f1673f4033,G1e471a4d2aa7f024,C242c6d052b64b8109a9f,1,False,rescue,rescue,True,not completed,grasp,medium,,,,,https://github.com/lapid92/openpi/blob/e0c9d7e8b2937a2b61674dac0d90185be14e4fc9/examples/frozen_flow/results/d16dba54a815/libero_plus-main-worker-0.jsonl#L451,https://github.com/lapid92/openpi/blob/f631acc42573a5de5217cd57de4bf7c9b4bf8891/examples/rescue_characterization/results/historical-replay/libero_plus-worker-1.jsonl#L1
historical,selective_flow,libero_plus,libero_object,pick_up_the_bbq_sauce_and_place_it_in_the_basket,libero_plus:libero_object:1869,Objects Layout,3,2003,0,f9e5d7fb376672734222e3dbd47f4b16b7310be8f65ef7af6e99009a617107c2,Gb560805eabad9e72,C24d59cdb0d25dadc6235,1,False,rescue,rescue,True,not completed,grasp,high,,,,,https://github.com/lapid92/openpi/blob/e0c9d7e8b2937a2b61674dac0d90185be14e4fc9/examples/selective_flow/results/209e434b3363/libero_plus-main-worker-1.jsonl#L225,https://github.com/lapid92/openpi/blob/f631acc42573a5de5217cd57de4bf7c9b4bf8891/examples/rescue_characterization/results/historical-replay/libero_plus-worker-0.jsonl#L85
historical,frozen_flow,libero,libero_10,STUDY_SCENE1_pick_up_the_book_and_place_it_in_the_back_compartment_of_the_caddy,libero:libero_10:5,standard,0,1002,1,fbf82707bd0a7721f0e118ac32aad30182e487e7a940bec7128ad6f18457e139,G4099f5572aed6656,C2883f40c250b2b764a47,1,False,rescue,rescue,True,unclear,placement,low,unclear,placement,low,,https://github.com/lapid92/openpi/blob/e0c9d7e8b2937a2b61674dac0d90185be14e4fc9/examples/frozen_flow/results/d16dba54a815/libero-main-worker-3.jsonl#L326,https://github.com/lapid92/openpi/blob/f631acc42573a5de5217cd57de4bf7c9b4bf8891/examples/rescue_characterization/results/historical-replay/libero-worker-1.jsonl#L1
historical,frozen_flow,libero_plus,libero_10,LIVING_ROOM_SCENE2_put_both_the_alphabet_soup_and_the_tomato_sauce_in_the_basket,libero_plus:libero_10:299,Robot Initial States,3,1003,2,be0c23f82748baf99eea1ecc4ff28eb82163945bc0bfffb509eeef0decced138,Gf3ce7a9dab5900bc,C2ce472e44da5724f4cda,4,True,rescue,rescue,True,completed,completed,high,,,,,https://github.com/lapid92/openpi/blob/e0c9d7e8b2937a2b61674dac0d90185be14e4fc9/examples/frozen_flow/results/d16dba54a815/libero_plus-main-worker-2.jsonl#L369,https://github.com/lapid92/openpi/blob/f631acc42573a5de5217cd57de4bf7c9b4bf8891/examples/rescue_characterization/results/historical-replay/libero_plus-worker-1.jsonl#L11
historical,selective_flow,libero_plus,libero_object,pick_up_the_bbq_sauce_and_place_it_in_the_basket,libero_plus:libero_object:734,Camera Viewpoints,3,2005,14,1ac0dfe83c46ea6296d6921a75f2723cc9868f4a0a0079d77874d55f19781a2f,Gc6bf96cc2cbe7113,C3045c8c3995363dd157b,1,False,failed_at_1_and_10_intermediates_unmeasured,never_rescued,True,completed,completed,medium,,,,,https://github.com/lapid92/openpi/blob/e0c9d7e8b2937a2b61674dac0d90185be14e4fc9/examples/selective_flow/results/209e434b3363/libero_plus-main-worker-1.jsonl#L189,https://github.com/lapid92/openpi/blob/f631acc42573a5de5217cd57de4bf7c9b4bf8891/examples/rescue_characterization/results/historical-replay/libero_plus-worker-3.jsonl#L93
historical,selective_flow,libero_plus,libero_10,KITCHEN_SCENE8_put_both_moka_pots_on_the_stove,libero_plus:libero_10:2039,Objects Layout,3,2005,0,008d74989412d6de395adc3c2b721cc0863031d2e2591b27283a953bb9436f62,Gd741d7ce81046b27,C305ef674a0a5289b558a,1,False,rescue,rescue,True,not completed,grasp,medium,,,,,https://github.com/lapid92/openpi/blob/e0c9d7e8b2937a2b61674dac0d90185be14e4fc9/examples/selective_flow/results/209e434b3363/libero_plus-main-worker-1.jsonl#L469,https://github.com/lapid92/openpi/blob/f631acc42573a5de5217cd57de4bf7c9b4bf8891/examples/rescue_characterization/results/historical-replay/libero_plus-worker-0.jsonl#L61
historical,selective_flow,libero_plus,libero_object,pick_up_the_bbq_sauce_and_place_it_in_the_basket,libero_plus:libero_object:734,Camera Viewpoints,3,2006,15,60db891b70a96f62e7ad45289afe150ce153e6d760c6322d67517416a4aa6a86,G0a3484d76ec07c97,C31713f4d99d0de8f7e4b,10,False,regression,regression,True,not completed,placement,high,not completed,placement,high,,https://github.com/lapid92/openpi/blob/e0c9d7e8b2937a2b61674dac0d90185be14e4fc9/examples/selective_flow/results/209e434b3363/libero_plus-main-worker-1.jsonl#L191,https://github.com/lapid92/openpi/blob/f631acc42573a5de5217cd57de4bf7c9b4bf8891/examples/rescue_characterization/results/historical-replay/libero_plus-worker-0.jsonl#L98
historical,selective_flow,libero_plus,libero_goal,push_the_plate_to_the_front_of_the_stove,libero_plus:libero_goal:1976,Objects Layout,2,2002,0,c33020012462dd640e32f641d571f712132b477a699be937346c8632d774e3e5,Gd4140e24a9fd7caf,C337e3f4d44fd6c087d12,1,True,regression,regression,True,completed,completed,medium,completed,completed,medium,,https://github.com/lapid92/openpi/blob/e0c9d7e8b2937a2b61674dac0d90185be14e4fc9/examples/selective_flow/results/209e434b3363/libero_plus-main-worker-2.jsonl#L324,https://github.com/lapid92/openpi/blob/f631acc42573a5de5217cd57de4bf7c9b4bf8891/examples/rescue_characterization/results/historical-replay/libero_plus-worker-1.jsonl#L73
historical,frozen_flow,libero_plus,libero_object,pick_up_the_alphabet_soup_and_place_it_in_the_basket,libero_plus:libero_object:657,Camera Viewpoints,3,1002,1,2fe669827623c130cb212d851d2ac5189aa22d888856b2c056ee744b2b698bcc,Gfae200c54cac1009,C339ed14f3a8eb5d9e119,10,True,regression,regression,True,completed,completed,high,,,,,https://github.com/lapid92/openpi/blob/e0c9d7e8b2937a2b61674dac0d90185be14e4fc9/examples/frozen_flow/results/d16dba54a815/libero_plus-main-worker-2.jsonl#L167,https://github.com/lapid92/openpi/blob/f631acc42573a5de5217cd57de4bf7c9b4bf8891/examples/rescue_characterization/results/historical-replay/libero_plus-worker-1.jsonl#L44
historical,selective_flow,libero_plus,libero_spatial,pick_up_the_black_bowl_on_the_cookie_box_and_place_it_on_the_plate,libero_plus:libero_spatial:733,Camera Viewpoints,3,2008,17,afbd7079d975f031f72f9f86d4f9b0546bb5aba956165e546a303aca82f6b006,G0c781d8a18b22944,C3503184fe4e44f5f7be1,1,True,regression,regression,True,completed,completed,medium,completed,completed,medium,,https://github.com/lapid92/openpi/blob/e0c9d7e8b2937a2b61674dac0d90185be14e4fc9/examples/selective_flow/results/209e434b3363/libero_plus-main-worker-1.jsonl#L76,https://github.com/lapid92/openpi/blob/f631acc42573a5de5217cd57de4bf7c9b4bf8891/examples/rescue_characterization/results/historical-replay/libero_plus-worker-3.jsonl#L101
historical,selective_flow,libero_plus,libero_10,KITCHEN_SCENE4_put_the_black_bowl_in_the_bottom_drawer_of_the_cabinet_and_close_it,libero_plus:libero_10:1963,Objects Layout,2,2008,0,66e573188d589bb4e262cb558effd97af1b97f8a01da8d3671cbacba8dad64ec,G8e77a4189ab6d2a0,C358133f35a0b718f1311,1,True,regression,regression,True,completed,completed,high,,,,,https://github.com/lapid92/openpi/blob/e0c9d7e8b2937a2b61674dac0d90185be14e4fc9/examples/selective_flow/results/209e434b3363/libero_plus-main-worker-1.jsonl#L456,https://github.com/lapid92/openpi/blob/f631acc42573a5de5217cd57de4bf7c9b4bf8891/examples/rescue_characterization/results/historical-replay/libero_plus-worker-3.jsonl#L49
historical,selective_flow,libero_plus,libero_10,KITCHEN_SCENE8_put_both_moka_pots_on_the_stove,libero_plus:libero_10:2039,Objects Layout,3,2005,0,008d74989412d6de395adc3c2b721cc0863031d2e2591b27283a953bb9436f62,Gd741d7ce81046b27,C36a47823513c8b1bd6c1,10,True,rescue,rescue,True,completed,completed,medium,,,,,https://github.com/lapid92/openpi/blob/e0c9d7e8b2937a2b61674dac0d90185be14e4fc9/examples/selective_flow/results/209e434b3363/libero_plus-main-worker-1.jsonl#L470,https://github.com/lapid92/openpi/blob/f631acc42573a5de5217cd57de4bf7c9b4bf8891/examples/rescue_characterization/results/historical-replay/libero_plus-worker-0.jsonl#L62
historical,selective_flow,libero_plus,libero_10,KITCHEN_SCENE8_put_both_moka_pots_on_the_stove,libero_plus:libero_10:2039,Objects Layout,3,2009,0,008d74989412d6de395adc3c2b721cc0863031d2e2591b27283a953bb9436f62,G3205d81229ab96d1,C37826e017e882df71014,1,False,failed_at_1_and_10_intermediates_unmeasured,never_rescued,True,not completed,manipulation,medium,,,,,https://github.com/lapid92/openpi/blob/e0c9d7e8b2937a2b61674dac0d90185be14e4fc9/examples/selective_flow/results/209e434b3363/libero_plus-main-worker-1.jsonl#L477,https://github.com/lapid92/openpi/blob/f631acc42573a5de5217cd57de4bf7c9b4bf8891/examples/rescue_characterization/results/historical-replay/libero_plus-worker-0.jsonl#L63
historical,selective_flow,libero_plus,libero_object,pick_up_the_cream_cheese_and_place_it_in_the_basket,libero_plus:libero_object:296,Robot Initial States,3,2004,13,1b96e6db47e6c0538dda69b50db5e131927a29fd6905fc973405c3693454ff82,Gc3e547a256cde08c,C3ec947c87cc2f649b2be,1,False,rescue,rescue,True,not completed,grasp,medium,,,,,https://github.com/lapid92/openpi/blob/e0c9d7e8b2937a2b61674dac0d90185be14e4fc9/examples/selective_flow/results/209e434b3363/libero_plus-main-worker-1.jsonl#L148,https://github.com/lapid92/openpi/blob/f631acc42573a5de5217cd57de4bf7c9b4bf8891/examples/rescue_characterization/results/historical-replay/libero_plus-worker-3.jsonl#L89
historical,selective_flow,libero_plus,libero_10,KITCHEN_SCENE3_turn_on_the_stove_and_put_the_moka_pot_on_it,libero_plus:libero_10:365,Robot Initial States,2,2007,16,59a44550ba158e8a2bdf09b7c4ffce0920fa98beb41ab6e90fa6a4f89426f757,Ga8dbf68a9dfbce1b,C424e7daa01a54edee401,1,True,regression,regression,True,completed,completed,high,,,,,https://github.com/lapid92/openpi/blob/e0c9d7e8b2937a2b61674dac0d90185be14e4fc9/examples/selective_flow/results/209e434b3363/libero_plus-main-worker-2.jsonl#L373,https://github.com/lapid92/openpi/blob/f631acc42573a5de5217cd57de4bf7c9b4bf8891/examples/rescue_characterization/results/historical-replay/libero_plus-worker-1.jsonl#L65
historical,selective_flow,libero_plus,libero_object,pick_up_the_bbq_sauce_and_place_it_in_the_basket,libero_plus:libero_object:735,Camera Viewpoints,2,2002,11,18b2be160ade309c3f9bdc24cf56468560a8b8e56421d0adae6c423182068c9a,Gdf3c9dbfefa0d0eb,C48e8b747e9b2aac0e949,1,False,rescue,rescue,True,not completed,grasp,high,,,,,https://github.com/lapid92/openpi/blob/e0c9d7e8b2937a2b61674dac0d90185be14e4fc9/examples/selective_flow/results/209e434b3363/libero_plus-main-worker-3.jsonl#L164,https://github.com/lapid92/openpi/blob/f631acc42573a5de5217cd57de4bf7c9b4bf8891/examples/rescue_characterization/results/historical-replay/libero_plus-worker-1.jsonl#L95
historical,selective_flow,libero_plus,libero_object,pick_up_the_bbq_sauce_and_place_it_in_the_basket,libero_plus:libero_object:735,Camera Viewpoints,2,2002,11,18b2be160ade309c3f9bdc24cf56468560a8b8e56421d0adae6c423182068c9a,Gdf3c9dbfefa0d0eb,C50965944976c43df6502,10,True,rescue,rescue,True,completed,completed,high,,,,,https://github.com/lapid92/openpi/blob/e0c9d7e8b2937a2b61674dac0d90185be14e4fc9/examples/selective_flow/results/209e434b3363/libero_plus-main-worker-3.jsonl#L163,https://github.com/lapid92/openpi/blob/f631acc42573a5de5217cd57de4bf7c9b4bf8891/examples/rescue_characterization/results/historical-replay/libero_plus-worker-1.jsonl#L96
historical,selective_flow,libero_plus,libero_goal,push_the_plate_to_the_front_of_the_stove,libero_plus:libero_goal:1976,Objects Layout,2,2002,0,c33020012462dd640e32f641d571f712132b477a699be937346c8632d774e3e5,Gd4140e24a9fd7caf,C511b66d95673cbc8830d,10,False,regression,regression,True,completed,completed,medium,,,,,https://github.com/lapid92/openpi/blob/e0c9d7e8b2937a2b61674dac0d90185be14e4fc9/examples/selective_flow/results/209e434b3363/libero_plus-main-worker-2.jsonl#L323,https://github.com/lapid92/openpi/blob/f631acc42573a5de5217cd57de4bf7c9b4bf8891/examples/rescue_characterization/results/historical-replay/libero_plus-worker-1.jsonl#L74
historical,frozen_flow,libero_plus,libero_10,LIVING_ROOM_SCENE2_put_both_the_alphabet_soup_and_the_tomato_sauce_in_the_basket,libero_plus:libero_10:685,Camera Viewpoints,2,1001,0,747b653b2ca1feeae8f3bd994880ce743730993ea5ce4bd003623e877f26b3bd,G7cd78a71d456ccd8,C59b6bee159d6c789d537,1,True,regression,regression,True,completed,completed,high,completed,completed,medium,,https://github.com/lapid92/openpi/blob/e0c9d7e8b2937a2b61674dac0d90185be14e4fc9/examples/frozen_flow/results/d16dba54a815/libero_plus-main-worker-0.jsonl#L401,https://github.com/lapid92/openpi/blob/f631acc42573a5de5217cd57de4bf7c9b4bf8891/examples/rescue_characterization/results/historical-replay/libero_plus-worker-1.jsonl#L17
historical,frozen_flow,libero_plus,libero_10,LIVING_ROOM_SCENE2_put_both_the_alphabet_soup_and_the_tomato_sauce_in_the_basket,libero_plus:libero_10:685,Camera Viewpoints,2,1001,0,747b653b2ca1feeae8f3bd994880ce743730993ea5ce4bd003623e877f26b3bd,G7cd78a71d456ccd8,C5b1a69a14349c57e90d6,10,False,regression,regression,True,not completed,grasp,medium,,,,,https://github.com/lapid92/openpi/blob/e0c9d7e8b2937a2b61674dac0d90185be14e4fc9/examples/frozen_flow/results/d16dba54a815/libero_plus-main-worker-0.jsonl#L404,https://github.com/lapid92/openpi/blob/f631acc42573a5de5217cd57de4bf7c9b4bf8891/examples/rescue_characterization/results/historical-replay/libero_plus-worker-1.jsonl#L20
historical,frozen_flow,libero_plus,libero_10,KITCHEN_SCENE3_turn_on_the_stove_and_put_the_moka_pot_on_it,libero_plus:libero_10:1957,Objects Layout,3,1001,0,aef667d3d01010a4070c741ba3573716135c2290aae3d8ba1ebdca9eda8349d2,G08af8489a483c371,C5d24feeb73e49dcb8724,1,True,regression,regression,True,completed,completed,medium,,,,,https://github.com/lapid92/openpi/blob/e0c9d7e8b2937a2b61674dac0d90185be14e4fc9/examples/frozen_flow/results/d16dba54a815/libero_plus-main-worker-2.jsonl#L441,https://github.com/lapid92/openpi/blob/f631acc42573a5de5217cd57de4bf7c9b4bf8891/examples/rescue_characterization/results/historical-replay/libero_plus-worker-1.jsonl#L5
historical,frozen_flow,libero_plus,libero_object,pick_up_the_cream_cheese_and_place_it_in_the_basket,libero_plus:libero_object:292,Robot Initial States,3,1004,3,d3aef66d3da45a29cdc1354a26ded28b2699e0a8a7ad18a69209a0f35df1e1b4,G72df827fcb404956,C5d3bf676e39baf7dcfac,1,False,never_rescued,never_rescued,True,not completed,approach,high,,,,,https://github.com/lapid92/openpi/blob/e0c9d7e8b2937a2b61674dac0d90185be14e4fc9/examples/frozen_flow/results/d16dba54a815/libero_plus-main-worker-3.jsonl#L136,https://github.com/lapid92/openpi/blob/f631acc42573a5de5217cd57de4bf7c9b4bf8891/examples/rescue_characterization/results/historical-replay/libero_plus-worker-1.jsonl#L37
historical,selective_flow,libero_plus,libero_10,KITCHEN_SCENE4_put_the_black_bowl_in_the_bottom_drawer_of_the_cabinet_and_close_it,libero_plus:libero_10:787,Camera Viewpoints,3,2004,13,e8023763a1f25b673a9b0ddb9cd665629eb1c1939676cf736e177950fa119c23,Gea7c2f1228c36588,C5f26602bf7866c908643,1,True,regression,regression,True,completed,completed,high,,,,,https://github.com/lapid92/openpi/blob/e0c9d7e8b2937a2b61674dac0d90185be14e4fc9/examples/selective_flow/results/209e434b3363/libero_plus-main-worker-3.jsonl#L428,https://github.com/lapid92/openpi/blob/f631acc42573a5de5217cd57de4bf7c9b4bf8891/examples/rescue_characterization/results/historical-replay/libero_plus-worker-1.jsonl#L69
historical,frozen_flow,libero_plus,libero_object,pick_up_the_alphabet_soup_and_place_it_in_the_basket,libero_plus:libero_object:657,Camera Viewpoints,3,1002,1,2fe669827623c130cb212d851d2ac5189aa22d888856b2c056ee744b2b698bcc,Gfae200c54cac1009,C644ee23bf9358e38f00e,2,True,regression,regression,True,completed,completed,medium,,,,,https://github.com/lapid92/openpi/blob/e0c9d7e8b2937a2b61674dac0d90185be14e4fc9/examples/frozen_flow/results/d16dba54a815/libero_plus-main-worker-2.jsonl#L165,https://github.com/lapid92/openpi/blob/f631acc42573a5de5217cd57de4bf7c9b4bf8891/examples/rescue_characterization/results/historical-replay/libero_plus-worker-1.jsonl#L42
historical,frozen_flow,libero_plus,libero_object,pick_up_the_cream_cheese_and_place_it_in_the_basket,libero_plus:libero_object:292,Robot Initial States,3,1004,3,d3aef66d3da45a29cdc1354a26ded28b2699e0a8a7ad18a69209a0f35df1e1b4,G72df827fcb404956,C65b733e6a3b1fa988990,4,False,never_rescued,never_rescued,True,not completed,approach,high,,,,,https://github.com/lapid92/openpi/blob/e0c9d7e8b2937a2b61674dac0d90185be14e4fc9/examples/frozen_flow/results/d16dba54a815/libero_plus-main-worker-3.jsonl#L134,https://github.com/lapid92/openpi/blob/f631acc42573a5de5217cd57de4bf7c9b4bf8891/examples/rescue_characterization/results/historical-replay/libero_plus-worker-1.jsonl#L39
historical,frozen_flow,libero_plus,libero_10,KITCHEN_SCENE3_turn_on_the_stove_and_put_the_moka_pot_on_it,libero_plus:libero_10:1940,Objects Layout,2,1003,0,43bf0a70cd05e0fb7a3ed3555da0c37ee0f85f56ae861ae19b79f8f1673f4033,G1e471a4d2aa7f024,C69c10bf663be659c1438,2,False,rescue,rescue,True,not completed,grasp,medium,,,,,https://github.com/lapid92/openpi/blob/e0c9d7e8b2937a2b61674dac0d90185be14e4fc9/examples/frozen_flow/results/d16dba54a815/libero_plus-main-worker-0.jsonl#L452,https://github.com/lapid92/openpi/blob/f631acc42573a5de5217cd57de4bf7c9b4bf8891/examples/rescue_characterization/results/historical-replay/libero_plus-worker-1.jsonl#L2
historical,selective_flow,libero_plus,libero_spatial,pick_up_the_black_bowl_next_to_the_ramekin_and_place_it_on_the_plate,libero_plus:libero_spatial:615,Camera Viewpoints,2,2008,17,d7e0d413dd7853419fb3d2c740087d47828487f25b21b485447376ebaf1946ee,G25b016d27ea298f1,C6d19bf9d4ee2bc050aaf,1,True,regression,regression,True,completed,completed,medium,,,,,https://github.com/lapid92/openpi/blob/e0c9d7e8b2937a2b61674dac0d90185be14e4fc9/examples/selective_flow/results/209e434b3363/libero_plus-main-worker-1.jsonl#L56,https://github.com/lapid92/openpi/blob/f631acc42573a5de5217cd57de4bf7c9b4bf8891/examples/rescue_characterization/results/historical-replay/libero_plus-worker-3.jsonl#L99
historical,frozen_flow,libero_plus,libero_10,LIVING_ROOM_SCENE2_put_both_the_alphabet_soup_and_the_tomato_sauce_in_the_basket,libero_plus:libero_10:299,Robot Initial States,3,1010,9,3d09fb7b6965328e11bd7abfdb58333428e00484c192bf88338d0f3d69ac5406,G6638e665fff62699,C6e6ba1afb361c50f6f71,2,False,never_rescued,never_rescued,True,not completed,approach,medium,,,,,https://github.com/lapid92/openpi/blob/e0c9d7e8b2937a2b61674dac0d90185be14e4fc9/examples/frozen_flow/results/d16dba54a815/libero_plus-main-worker-2.jsonl#L397,https://github.com/lapid92/openpi/blob/f631acc42573a5de5217cd57de4bf7c9b4bf8891/examples/rescue_characterization/results/historical-replay/libero_plus-worker-1.jsonl#L14
historical,frozen_flow,libero_plus,libero_object,pick_up_the_alphabet_soup_and_place_it_in_the_basket,libero_plus:libero_object:657,Camera Viewpoints,3,1002,1,2fe669827623c130cb212d851d2ac5189aa22d888856b2c056ee744b2b698bcc,Gfae200c54cac1009,C6f1192dd092ee7923ad0,4,False,regression,regression,True,completed,completed,medium,not completed,placement,high,unclear,https://github.com/lapid92/openpi/blob/e0c9d7e8b2937a2b61674dac0d90185be14e4fc9/examples/frozen_flow/results/d16dba54a815/libero_plus-main-worker-2.jsonl#L166,https://github.com/lapid92/openpi/blob/f631acc42573a5de5217cd57de4bf7c9b4bf8891/examples/rescue_characterization/results/historical-replay/libero_plus-worker-1.jsonl#L43
historical,frozen_flow,libero_plus,libero_object,pick_up_the_alphabet_soup_and_place_it_in_the_basket,libero_plus:libero_object:657,Camera Viewpoints,3,1002,1,2fe669827623c130cb212d851d2ac5189aa22d888856b2c056ee744b2b698bcc,Gfae200c54cac1009,C7011d6072342a7df19ca,1,True,regression,regression,True,completed,completed,high,,,,,https://github.com/lapid92/openpi/blob/e0c9d7e8b2937a2b61674dac0d90185be14e4fc9/examples/frozen_flow/results/d16dba54a815/libero_plus-main-worker-2.jsonl#L168,https://github.com/lapid92/openpi/blob/f631acc42573a5de5217cd57de4bf7c9b4bf8891/examples/rescue_characterization/results/historical-replay/libero_plus-worker-1.jsonl#L41
historical,frozen_flow,libero_plus,libero_goal,open_the_middle_drawer_of_the_cabinet,libero_plus:libero_goal:284,Robot Initial States,2,1002,1,7e37e0c67213d1237e09e0e5e381cd9bfd4b0bfc2013807549c0436c0e84e655,Gb5bb56b994923d36,C71f4f3e69d93bd0adb64,4,False,never_rescued,never_rescued,True,not completed,approach,medium,,,,,https://github.com/lapid92/openpi/blob/e0c9d7e8b2937a2b61674dac0d90185be14e4fc9/examples/frozen_flow/results/d16dba54a815/libero_plus-main-worker-0.jsonl#L246,https://github.com/lapid92/openpi/blob/f631acc42573a5de5217cd57de4bf7c9b4bf8891/examples/rescue_characterization/results/historical-replay/libero_plus-worker-1.jsonl#L23
historical,frozen_flow,libero_plus,libero_goal,put_the_bowl_on_the_stove,libero_plus:libero_goal:727,Camera Viewpoints,3,1010,9,e99d87858bf79864568081622d605cc195b9a5d17e314dd27faa526e88b0f9ee,G561d20e897b42996,C72e3994138d8fe310ccd,1,True,regression,regression,False,completed,completed,high,,,,,https://github.com/lapid92/openpi/blob/e0c9d7e8b2937a2b61674dac0d90185be14e4fc9/examples/frozen_flow/results/d16dba54a815/libero_plus-main-worker-3.jsonl#L318,https://github.com/lapid92/openpi/blob/f631acc42573a5de5217cd57de4bf7c9b4bf8891/examples/rescue_characterization/results/historical-replay/libero_plus-worker-0.jsonl#L29
historical,frozen_flow,libero_plus,libero_goal,open_the_middle_drawer_of_the_cabinet,libero_plus:libero_goal:284,Robot Initial States,2,1002,1,7e37e0c67213d1237e09e0e5e381cd9bfd4b0bfc2013807549c0436c0e84e655,Gb5bb56b994923d36,C73d132aa9e4779f319fd,2,False,never_rescued,never_rescued,True,not completed,approach,medium,completed,completed,high,unclear,https://github.com/lapid92/openpi/blob/e0c9d7e8b2937a2b61674dac0d90185be14e4fc9/examples/frozen_flow/results/d16dba54a815/libero_plus-main-worker-0.jsonl#L245,https://github.com/lapid92/openpi/blob/f631acc42573a5de5217cd57de4bf7c9b4bf8891/examples/rescue_characterization/results/historical-replay/libero_plus-worker-1.jsonl#L22
historical,selective_flow,libero_plus,libero_10,KITCHEN_SCENE4_put_the_black_bowl_in_the_bottom_drawer_of_the_cabinet_and_close_it,libero_plus:libero_10:787,Camera Viewpoints,3,2004,13,e8023763a1f25b673a9b0ddb9cd665629eb1c1939676cf736e177950fa119c23,Gea7c2f1228c36588,C7460efb4db9e0647928c,10,False,regression,regression,True,not completed,manipulation,high,not completed,manipulation,medium,,https://github.com/lapid92/openpi/blob/e0c9d7e8b2937a2b61674dac0d90185be14e4fc9/examples/selective_flow/results/209e434b3363/libero_plus-main-worker-3.jsonl#L427,https://github.com/lapid92/openpi/blob/f631acc42573a5de5217cd57de4bf7c9b4bf8891/examples/rescue_characterization/results/historical-replay/libero_plus-worker-1.jsonl#L70
historical,frozen_flow,libero_plus,libero_10,LIVING_ROOM_SCENE2_put_both_the_alphabet_soup_and_the_tomato_sauce_in_the_basket,libero_plus:libero_10:685,Camera Viewpoints,2,1001,0,747b653b2ca1feeae8f3bd994880ce743730993ea5ce4bd003623e877f26b3bd,G7cd78a71d456ccd8,C76d686f63c1590b560dc,4,True,regression,regression,True,completed,completed,high,,,,,https://github.com/lapid92/openpi/blob/e0c9d7e8b2937a2b61674dac0d90185be14e4fc9/examples/frozen_flow/results/d16dba54a815/libero_plus-main-worker-0.jsonl#L403,https://github.com/lapid92/openpi/blob/f631acc42573a5de5217cd57de4bf7c9b4bf8891/examples/rescue_characterization/results/historical-replay/libero_plus-worker-1.jsonl#L19
historical,frozen_flow,libero_plus,libero_10,LIVING_ROOM_SCENE2_put_both_the_alphabet_soup_and_the_tomato_sauce_in_the_basket,libero_plus:libero_10:299,Robot Initial States,3,1003,2,be0c23f82748baf99eea1ecc4ff28eb82163945bc0bfffb509eeef0decced138,Gf3ce7a9dab5900bc,C79d293fa1528ad940677,10,False,rescue,rescue,True,completed,completed,medium,,,,,https://github.com/lapid92/openpi/blob/e0c9d7e8b2937a2b61674dac0d90185be14e4fc9/examples/frozen_flow/results/d16dba54a815/libero_plus-main-worker-2.jsonl#L370,https://github.com/lapid92/openpi/blob/f631acc42573a5de5217cd57de4bf7c9b4bf8891/examples/rescue_characterization/results/historical-replay/libero_plus-worker-1.jsonl#L12
historical,frozen_flow,libero,libero_10,KITCHEN_SCENE8_put_both_moka_pots_on_the_stove,libero:libero_10:8,standard,0,1010,9,ebdcc138b98b701bf3bd1a6c90abf66aa7abd34574250c258cf9be5c26271cd4,G73708eeb5227c71f,C7c05e882db02e1a5463c,4,False,regression,regression,True,completed,completed,high,,,,,https://github.com/lapid92/openpi/blob/e0c9d7e8b2937a2b61674dac0d90185be14e4fc9/examples/frozen_flow/results/d16dba54a815/libero-main-worker-2.jsonl#L398,https://github.com/lapid92/openpi/blob/f631acc42573a5de5217cd57de4bf7c9b4bf8891/examples/rescue_characterization/results/historical-replay/libero-worker-1.jsonl#L15
historical,frozen_flow,libero,libero_10,KITCHEN_SCENE8_put_both_moka_pots_on_the_stove,libero:libero_10:8,standard,0,1010,9,ebdcc138b98b701bf3bd1a6c90abf66aa7abd34574250c258cf9be5c26271cd4,G73708eeb5227c71f,C7d4d942607bd1c66e00e,2,True,regression,regression,True,completed,completed,medium,completed,completed,medium,,https://github.com/lapid92/openpi/blob/e0c9d7e8b2937a2b61674dac0d90185be14e4fc9/examples/frozen_flow/results/d16dba54a815/libero-main-worker-2.jsonl#L397,https://github.com/lapid92/openpi/blob/f631acc42573a5de5217cd57de4bf7c9b4bf8891/examples/rescue_characterization/results/historical-replay/libero-worker-1.jsonl#L14
historical,frozen_flow,libero_plus,libero_10,KITCHEN_SCENE3_turn_on_the_stove_and_put_the_moka_pot_on_it,libero_plus:libero_10:1940,Objects Layout,2,1003,0,43bf0a70cd05e0fb7a3ed3555da0c37ee0f85f56ae861ae19b79f8f1673f4033,G1e471a4d2aa7f024,C7ec74d8c80ac60ce7b7c,4,False,rescue,rescue,True,not completed,grasp,medium,not completed,grasp,medium,,https://github.com/lapid92/openpi/blob/e0c9d7e8b2937a2b61674dac0d90185be14e4fc9/examples/frozen_flow/results/d16dba54a815/libero_plus-main-worker-0.jsonl#L449,https://github.com/lapid92/openpi/blob/f631acc42573a5de5217cd57de4bf7c9b4bf8891/examples/rescue_characterization/results/historical-replay/libero_plus-worker-1.jsonl#L3
historical,frozen_flow,libero_plus,libero_10,KITCHEN_SCENE3_turn_on_the_stove_and_put_the_moka_pot_on_it,libero_plus:libero_10:1957,Objects Layout,3,1001,0,aef667d3d01010a4070c741ba3573716135c2290aae3d8ba1ebdca9eda8349d2,G08af8489a483c371,C87ffcd44b98ff336d3b6,4,True,regression,regression,True,completed,completed,medium,,,,,https://github.com/lapid92/openpi/blob/e0c9d7e8b2937a2b61674dac0d90185be14e4fc9/examples/frozen_flow/results/d16dba54a815/libero_plus-main-worker-2.jsonl#L443,https://github.com/lapid92/openpi/blob/f631acc42573a5de5217cd57de4bf7c9b4bf8891/examples/rescue_characterization/results/historical-replay/libero_plus-worker-1.jsonl#L7
historical,frozen_flow,libero_plus,libero_10,KITCHEN_SCENE3_turn_on_the_stove_and_put_the_moka_pot_on_it,libero_plus:libero_10:1957,Objects Layout,3,1001,0,aef667d3d01010a4070c741ba3573716135c2290aae3d8ba1ebdca9eda8349d2,G08af8489a483c371,C89f5ab12444d7b56a2d2,2,False,regression,regression,True,not completed,grasp,high,,,,,https://github.com/lapid92/openpi/blob/e0c9d7e8b2937a2b61674dac0d90185be14e4fc9/examples/frozen_flow/results/d16dba54a815/libero_plus-main-worker-2.jsonl#L442,https://github.com/lapid92/openpi/blob/f631acc42573a5de5217cd57de4bf7c9b4bf8891/examples/rescue_characterization/results/historical-replay/libero_plus-worker-1.jsonl#L6
historical,frozen_flow,libero,libero_goal,put_the_wine_bottle_on_the_rack,libero:libero_goal:9,standard,0,1006,5,0ed1415086c068aaebf6950af176578ff484710fcab86e8afbb03ce59aceb14b,G1bc4aa3be46b991d,C8c700c642d9c969d06ec,1,False,rescue,rescue,True,not completed,grasp,high,,,,,https://github.com/lapid92/openpi/blob/e0c9d7e8b2937a2b61674dac0d90185be14e4fc9/examples/frozen_flow/results/d16dba54a815/libero-main-worker-1.jsonl#L302,https://github.com/lapid92/openpi/blob/f631acc42573a5de5217cd57de4bf7c9b4bf8891/examples/rescue_characterization/results/historical-replay/libero-worker-2.jsonl#L21
historical,selective_flow,libero_plus,libero_spatial,pick_up_the_black_bowl_on_the_cookie_box_and_place_it_on_the_plate,libero_plus:libero_spatial:733,Camera Viewpoints,3,2008,17,afbd7079d975f031f72f9f86d4f9b0546bb5aba956165e546a303aca82f6b006,G0c781d8a18b22944,C8cc49b6f03a831b2d539,10,False,regression,regression,True,unclear,placement,low,completed,completed,medium,,https://github.com/lapid92/openpi/blob/e0c9d7e8b2937a2b61674dac0d90185be14e4fc9/examples/selective_flow/results/209e434b3363/libero_plus-main-worker-1.jsonl#L75,https://github.com/lapid92/openpi/blob/f631acc42573a5de5217cd57de4bf7c9b4bf8891/examples/rescue_characterization/results/historical-replay/libero_plus-worker-3.jsonl#L102
historical,selective_flow,libero_plus,libero_spatial,pick_up_the_black_bowl_in_the_top_drawer_of_the_wooden_cabinet_and_place_it_on_the_plate,libero_plus:libero_spatial:737,Camera Viewpoints,3,2001,10,7bb0de6b71378924db79db6837d31679f6792129b7d9861f58532ba7332d6eb3,G5f7565d037e9cec8,C8d435b6b68b707ef236f,1,False,failed_at_1_and_10_intermediates_unmeasured,never_rescued,True,not completed,grasp,medium,,,,,https://github.com/lapid92/openpi/blob/e0c9d7e8b2937a2b61674dac0d90185be14e4fc9/examples/selective_flow/results/209e434b3363/libero_plus-main-worker-2.jsonl#L61,https://github.com/lapid92/openpi/blob/f631acc42573a5de5217cd57de4bf7c9b4bf8891/examples/rescue_characterization/results/historical-replay/libero_plus-worker-1.jsonl#L103
historical,selective_flow,libero_plus,libero_spatial,pick_up_the_black_bowl_on_the_cookie_box_and_place_it_on_the_plate,libero_plus:libero_spatial:733,Camera Viewpoints,3,2001,10,769f3a08b75e4357785695fb7985920bb2e312d05b9b99ec76c182555afab656,G12dd9742ac5c4acc,C8ec9231a0ed2b052c0de,1,True,regression,regression,False,completed,completed,medium,,,,,https://github.com/lapid92/openpi/blob/e0c9d7e8b2937a2b61674dac0d90185be14e4fc9/examples/selective_flow/results/209e434b3363/libero_plus-main-worker-1.jsonl#L61,https://github.com/lapid92/openpi/blob/f631acc42573a5de5217cd57de4bf7c9b4bf8891/examples/rescue_characterization/results/historical-replay/libero_plus-worker-1.jsonl#L101
historical,frozen_flow,libero_plus,libero_spatial,pick_up_the_black_bowl_between_the_plate_and_the_ramekin_and_place_it_on_the_plate,libero_plus:libero_spatial:611,Camera Viewpoints,2,1008,7,d297dd693cb3e13a607d16f211730e28c50b463f597f066ef2a424a8a036186c,G132144b71bf7dcaf,C96331e411a8ba06202dc,2,False,regression,regression,True,completed,completed,medium,,,,,https://github.com/lapid92/openpi/blob/e0c9d7e8b2937a2b61674dac0d90185be14e4fc9/examples/frozen_flow/results/d16dba54a815/libero_plus-main-worker-0.jsonl#L71,https://github.com/lapid92/openpi/blob/f631acc42573a5de5217cd57de4bf7c9b4bf8891/examples/rescue_characterization/results/historical-replay/libero_plus-worker-1.jsonl#L46
historical,selective_flow,libero_plus,libero_goal,open_the_top_drawer_and_put_the_bowl_inside,libero_plus:libero_goal:783,Camera Viewpoints,3,2008,17,8e711166d5f2d13c564cb0e1b5ae46c260e5b5c8eb220ff23bd5106b99f8728e,Ge7e9636ebadfc8f7,Ca1b8487573883c2a308e,1,False,failed_at_1_and_10_intermediates_unmeasured,never_rescued,True,not completed,placement,high,not completed,placement,medium,,https://github.com/lapid92/openpi/blob/e0c9d7e8b2937a2b61674dac0d90185be14e4fc9/examples/selective_flow/results/209e434b3363/libero_plus-main-worker-2.jsonl#L316,https://github.com/lapid92/openpi/blob/f631acc42573a5de5217cd57de4bf7c9b4bf8891/examples/rescue_characterization/results/historical-replay/libero_plus-worker-1.jsonl#L79
historical,selective_flow,libero_plus,libero_10,KITCHEN_SCENE6_put_the_yellow_and_white_mug_in_the_microwave_and_close_it,libero_plus:libero_10:1985,Objects Layout,2,2007,0,1fe8b6ec1b43f5ff017ef461c4eab3ba8e4a23d47d2039b3fdcf944256bc99a3,Gb7ae2ad0c076e125,Ca4f91273c257615a75df,1,False,rescue,rescue,True,not completed,placement,medium,not completed,placement,medium,,https://github.com/lapid92/openpi/blob/e0c9d7e8b2937a2b61674dac0d90185be14e4fc9/examples/selective_flow/results/209e434b3363/libero_plus-main-worker-2.jsonl#L453,https://github.com/lapid92/openpi/blob/f631acc42573a5de5217cd57de4bf7c9b4bf8891/examples/rescue_characterization/results/historical-replay/libero_plus-worker-1.jsonl#L51
historical,selective_flow,libero_plus,libero_10,KITCHEN_SCENE3_turn_on_the_stove_and_put_the_moka_pot_on_it,libero_plus:libero_10:365,Robot Initial States,2,2007,16,59a44550ba158e8a2bdf09b7c4ffce0920fa98beb41ab6e90fa6a4f89426f757,Ga8dbf68a9dfbce1b,Ca9a38cd804f5e8cecf07,10,False,regression,regression,True,not completed,grasp,high,,,,,https://github.com/lapid92/openpi/blob/e0c9d7e8b2937a2b61674dac0d90185be14e4fc9/examples/selective_flow/results/209e434b3363/libero_plus-main-worker-2.jsonl#L374,https://github.com/lapid92/openpi/blob/f631acc42573a5de5217cd57de4bf7c9b4bf8891/examples/rescue_characterization/results/historical-replay/libero_plus-worker-1.jsonl#L66
historical,frozen_flow,libero,libero_object,pick_up_the_alphabet_soup_and_place_it_in_the_basket,libero:libero_object:0,standard,0,1003,2,062dc4b945081bf31237b402969b8503a99fda3500b396d3fe98449c8872dfd4,G094e8bb5fd34c1bc,Cab10c0b03586687f6156,1,True,regression,regression,False,completed,completed,high,completed,completed,medium,,https://github.com/lapid92/openpi/blob/e0c9d7e8b2937a2b61674dac0d90185be14e4fc9/examples/frozen_flow/results/d16dba54a815/libero-main-worker-2.jsonl#L91,https://github.com/lapid92/openpi/blob/f631acc42573a5de5217cd57de4bf7c9b4bf8891/examples/rescue_characterization/results/historical-replay/libero-worker-0.jsonl#L25
historical,selective_flow,libero_plus,libero_goal,put_the_bowl_on_the_stove,libero_plus:libero_goal:720,Camera Viewpoints,2,2008,17,c1b16ae1263e1d2d69f1508923c842c38de93560016fc2913c7f1fc13ad1b0f0,G87a9c6e9bbf3fe94,Cad7fae7977ceb51d9aa1,10,True,rescue,rescue,True,completed,completed,medium,completed,completed,medium,,https://github.com/lapid92/openpi/blob/e0c9d7e8b2937a2b61674dac0d90185be14e4fc9/examples/selective_flow/results/209e434b3363/libero_plus-main-worker-1.jsonl#L295,https://github.com/lapid92/openpi/blob/f631acc42573a5de5217cd57de4bf7c9b4bf8891/examples/rescue_characterization/results/historical-replay/libero_plus-worker-0.jsonl#L80
historical,selective_flow,libero_plus,libero_10,KITCHEN_SCENE8_put_both_moka_pots_on_the_stove,libero_plus:libero_10:2039,Objects Layout,3,2004,0,008d74989412d6de395adc3c2b721cc0863031d2e2591b27283a953bb9436f62,Ge64f1e622dcc6e19,Cadd36dbaa744c4ca7569,1,False,failed_at_1_and_10_intermediates_unmeasured,never_rescued,True,not completed,grasp,medium,not completed,grasp,medium,,https://github.com/lapid92/openpi/blob/e0c9d7e8b2937a2b61674dac0d90185be14e4fc9/examples/selective_flow/results/209e434b3363/libero_plus-main-worker-1.jsonl#L468,https://github.com/lapid92/openpi/blob/f631acc42573a5de5217cd57de4bf7c9b4bf8891/examples/rescue_characterization/results/historical-replay/libero_plus-worker-3.jsonl#L57
historical,selective_flow,libero_plus,libero_object,pick_up_the_bbq_sauce_and_place_it_in_the_basket,libero_plus:libero_object:1860,Objects Layout,2,2009,0,c63fb5035fb541cc64592f47c83c16b8f0e93175a448521517d00a92cd4db326,G84f8a35efb0de155,Cb9589c8015962ba18e02,1,True,regression,regression,True,completed,completed,high,,,,,https://github.com/lapid92/openpi/blob/e0c9d7e8b2937a2b61674dac0d90185be14e4fc9/examples/selective_flow/results/209e434b3363/libero_plus-main-worker-1.jsonl#L217,https://github.com/lapid92/openpi/blob/f631acc42573a5de5217cd57de4bf7c9b4bf8891/examples/rescue_characterization/results/historical-replay/libero_plus-worker-3.jsonl#L81
historical,frozen_flow,libero_plus,libero_object,pick_up_the_cream_cheese_and_place_it_in_the_basket,libero_plus:libero_object:290,Robot Initial States,2,1007,6,2eaf21dc6d2eacfa79463705134b5a3d50412b3cd96dab12678c34e4983578bf,G992af73562a1634b,Cbc346df8b18c7a88332d,4,True,rescue,rescue,True,completed,completed,high,,,,,https://github.com/lapid92/openpi/blob/e0c9d7e8b2937a2b61674dac0d90185be14e4fc9/examples/frozen_flow/results/d16dba54a815/libero_plus-main-worker-1.jsonl#L147,https://github.com/lapid92/openpi/blob/f631acc42573a5de5217cd57de4bf7c9b4bf8891/examples/rescue_characterization/results/historical-replay/libero_plus-worker-2.jsonl#L35
historical,selective_flow,libero_plus,libero_10,KITCHEN_SCENE6_put_the_yellow_and_white_mug_in_the_microwave_and_close_it,libero_plus:libero_10:1985,Objects Layout,2,2007,0,1fe8b6ec1b43f5ff017ef461c4eab3ba8e4a23d47d2039b3fdcf944256bc99a3,Gb7ae2ad0c076e125,Cbdfb69ba9c8ca2b8114a,10,True,rescue,rescue,True,completed,completed,medium,,,,,https://github.com/lapid92/openpi/blob/e0c9d7e8b2937a2b61674dac0d90185be14e4fc9/examples/selective_flow/results/209e434b3363/libero_plus-main-worker-2.jsonl#L454,https://github.com/lapid92/openpi/blob/f631acc42573a5de5217cd57de4bf7c9b4bf8891/examples/rescue_characterization/results/historical-replay/libero_plus-worker-1.jsonl#L52
historical,frozen_flow,libero,libero_10,KITCHEN_SCENE8_put_both_moka_pots_on_the_stove,libero:libero_10:8,standard,0,1005,4,02b2b6ed14553a05557e097c0a838ce6f5d5aa05c839844aef81678752dace65,G146bd322fcaa8b6d,Cbe19a80ea8a55ac7fb5a,2,True,rescue,rescue,True,completed,completed,medium,,,,,https://github.com/lapid92/openpi/blob/e0c9d7e8b2937a2b61674dac0d90185be14e4fc9/examples/frozen_flow/results/d16dba54a815/libero-main-worker-2.jsonl#L378,https://github.com/lapid92/openpi/blob/f631acc42573a5de5217cd57de4bf7c9b4bf8891/examples/rescue_characterization/results/historical-replay/libero-worker-1.jsonl#L10
historical,selective_flow,libero_plus,libero_10,KITCHEN_SCENE8_put_both_moka_pots_on_the_stove,libero_plus:libero_10:2039,Objects Layout,3,2009,0,008d74989412d6de395adc3c2b721cc0863031d2e2591b27283a953bb9436f62,G3205d81229ab96d1,Cbf5f2fc433ba8b83db23,10,False,failed_at_1_and_10_intermediates_unmeasured,never_rescued,True,not completed,manipulation,medium,,,,,https://github.com/lapid92/openpi/blob/e0c9d7e8b2937a2b61674dac0d90185be14e4fc9/examples/selective_flow/results/209e434b3363/libero_plus-main-worker-1.jsonl#L478,https://github.com/lapid92/openpi/blob/f631acc42573a5de5217cd57de4bf7c9b4bf8891/examples/rescue_characterization/results/historical-replay/libero_plus-worker-0.jsonl#L64
historical,frozen_flow,libero_plus,libero_spatial,pick_up_the_black_bowl_between_the_plate_and_the_ramekin_and_place_it_on_the_plate,libero_plus:libero_spatial:1767,Objects Layout,2,1001,0,4a0d2f3f694ac5f4dffa4971cb536b73c366fa94db3b9cb39767ec044c146a82,G7b46cead8c353a31,Cc1929b2d6745834d18cb,2,True,rescue,rescue,False,completed,completed,medium,,,,,https://github.com/lapid92/openpi/blob/e0c9d7e8b2937a2b61674dac0d90185be14e4fc9/examples/frozen_flow/results/d16dba54a815/libero_plus-main-worker-0.jsonl#L82,https://github.com/lapid92/openpi/blob/f631acc42573a5de5217cd57de4bf7c9b4bf8891/examples/rescue_characterization/results/historical-replay/libero_plus-worker-0.jsonl#L46
historical,selective_flow,libero_plus,libero_10,KITCHEN_SCENE8_put_both_moka_pots_on_the_stove,libero_plus:libero_10:2039,Objects Layout,3,2008,0,008d74989412d6de395adc3c2b721cc0863031d2e2591b27283a953bb9436f62,G8406fa1879d75b0d,Cc44cc37c3452397013d4,1,False,failed_at_1_and_10_intermediates_unmeasured,never_rescued,True,not completed,manipulation,medium,,,,,https://github.com/lapid92/openpi/blob/e0c9d7e8b2937a2b61674dac0d90185be14e4fc9/examples/selective_flow/results/209e434b3363/libero_plus-main-worker-1.jsonl#L476,https://github.com/lapid92/openpi/blob/f631acc42573a5de5217cd57de4bf7c9b4bf8891/examples/rescue_characterization/results/historical-replay/libero_plus-worker-3.jsonl#L59
historical,selective_flow,libero_plus,libero_10,KITCHEN_SCENE8_put_both_moka_pots_on_the_stove,libero_plus:libero_10:2039,Objects Layout,3,2001,0,008d74989412d6de395adc3c2b721cc0863031d2e2591b27283a953bb9436f62,G5a099f73fd9e9ef7,Cc7cef5e1079ebb4907f4,1,False,failed_at_1_and_10_intermediates_unmeasured,never_rescued,True,not completed,manipulation,medium,,,,,https://github.com/lapid92/openpi/blob/e0c9d7e8b2937a2b61674dac0d90185be14e4fc9/examples/selective_flow/results/209e434b3363/libero_plus-main-worker-1.jsonl#L461,https://github.com/lapid92/openpi/blob/f631acc42573a5de5217cd57de4bf7c9b4bf8891/examples/rescue_characterization/results/historical-replay/libero_plus-worker-0.jsonl#L59
historical,selective_flow,libero_plus,libero_10,KITCHEN_SCENE4_put_the_black_bowl_in_the_bottom_drawer_of_the_cabinet_and_close_it,libero_plus:libero_10:1963,Objects Layout,2,2008,0,66e573188d589bb4e262cb558effd97af1b97f8a01da8d3671cbacba8dad64ec,G8e77a4189ab6d2a0,Cca6a501d11c4e7aeeb65,10,False,regression,regression,True,not completed,manipulation,medium,,,,,https://github.com/lapid92/openpi/blob/e0c9d7e8b2937a2b61674dac0d90185be14e4fc9/examples/selective_flow/results/209e434b3363/libero_plus-main-worker-1.jsonl#L455,https://github.com/lapid92/openpi/blob/f631acc42573a5de5217cd57de4bf7c9b4bf8891/examples/rescue_characterization/results/historical-replay/libero_plus-worker-3.jsonl#L50
historical,frozen_flow,libero,libero_10,STUDY_SCENE1_pick_up_the_book_and_place_it_in_the_back_compartment_of_the_caddy,libero:libero_10:5,standard,0,1002,1,fbf82707bd0a7721f0e118ac32aad30182e487e7a940bec7128ad6f18457e139,G4099f5572aed6656,Ccb668ac549ae2819b9db,4,True,rescue,rescue,True,completed,completed,medium,,,,,https://github.com/lapid92/openpi/blob/e0c9d7e8b2937a2b61674dac0d90185be14e4fc9/examples/frozen_flow/results/d16dba54a815/libero-main-worker-3.jsonl#L328,https://github.com/lapid92/openpi/blob/f631acc42573a5de5217cd57de4bf7c9b4bf8891/examples/rescue_characterization/results/historical-replay/libero-worker-1.jsonl#L3
historical,frozen_flow,libero,libero_10,STUDY_SCENE1_pick_up_the_book_and_place_it_in_the_back_compartment_of_the_caddy,libero:libero_10:5,standard,0,1002,1,fbf82707bd0a7721f0e118ac32aad30182e487e7a940bec7128ad6f18457e139,G4099f5572aed6656,Ccd85b7ae0f87e52e3a6e,2,True,rescue,rescue,True,completed,completed,medium,,,,,https://github.com/lapid92/openpi/blob/e0c9d7e8b2937a2b61674dac0d90185be14e4fc9/examples/frozen_flow/results/d16dba54a815/libero-main-worker-3.jsonl#L327,https://github.com/lapid92/openpi/blob/f631acc42573a5de5217cd57de4bf7c9b4bf8891/examples/rescue_characterization/results/historical-replay/libero-worker-1.jsonl#L2
historical,frozen_flow,libero,libero_10,KITCHEN_SCENE8_put_both_moka_pots_on_the_stove,libero:libero_10:8,standard,0,1010,9,ebdcc138b98b701bf3bd1a6c90abf66aa7abd34574250c258cf9be5c26271cd4,G73708eeb5227c71f,Ccec42b90d80b0e004aa0,10,False,regression,regression,True,not completed,placement,high,,,,,https://github.com/lapid92/openpi/blob/e0c9d7e8b2937a2b61674dac0d90185be14e4fc9/examples/frozen_flow/results/d16dba54a815/libero-main-worker-2.jsonl#L399,https://github.com/lapid92/openpi/blob/f631acc42573a5de5217cd57de4bf7c9b4bf8891/examples/rescue_characterization/results/historical-replay/libero-worker-1.jsonl#L16
historical,frozen_flow,libero_plus,libero_10,LIVING_ROOM_SCENE2_put_both_the_alphabet_soup_and_the_tomato_sauce_in_the_basket,libero_plus:libero_10:299,Robot Initial States,3,1003,2,be0c23f82748baf99eea1ecc4ff28eb82163945bc0bfffb509eeef0decced138,Gf3ce7a9dab5900bc,Ccec56a84d8f38ad06097,2,False,rescue,rescue,True,not completed,placement,medium,,,,,https://github.com/lapid92/openpi/blob/e0c9d7e8b2937a2b61674dac0d90185be14e4fc9/examples/frozen_flow/results/d16dba54a815/libero_plus-main-worker-2.jsonl#L372,https://github.com/lapid92/openpi/blob/f631acc42573a5de5217cd57de4bf7c9b4bf8891/examples/rescue_characterization/results/historical-replay/libero_plus-worker-1.jsonl#L10
historical,selective_flow,libero_plus,libero_spatial,pick_up_the_black_bowl_next_to_the_ramekin_and_place_it_on_the_plate,libero_plus:libero_spatial:615,Camera Viewpoints,2,2008,17,d7e0d413dd7853419fb3d2c740087d47828487f25b21b485447376ebaf1946ee,G25b016d27ea298f1,Ccf64bec0babc414171e5,10,False,regression,regression,True,unclear,placement,low,completed,completed,medium,,https://github.com/lapid92/openpi/blob/e0c9d7e8b2937a2b61674dac0d90185be14e4fc9/examples/selective_flow/results/209e434b3363/libero_plus-main-worker-1.jsonl#L55,https://github.com/lapid92/openpi/blob/f631acc42573a5de5217cd57de4bf7c9b4bf8891/examples/rescue_characterization/results/historical-replay/libero_plus-worker-3.jsonl#L100
historical,frozen_flow,libero_plus,libero_spatial,pick_up_the_black_bowl_between_the_plate_and_the_ramekin_and_place_it_on_the_plate,libero_plus:libero_spatial:611,Camera Viewpoints,2,1008,7,d297dd693cb3e13a607d16f211730e28c50b463f597f066ef2a424a8a036186c,G132144b71bf7dcaf,Cd0d4b858f03b8c3fbbcc,1,True,regression,regression,True,completed,completed,medium,,,,,https://github.com/lapid92/openpi/blob/e0c9d7e8b2937a2b61674dac0d90185be14e4fc9/examples/frozen_flow/results/d16dba54a815/libero_plus-main-worker-0.jsonl#L70,https://github.com/lapid92/openpi/blob/f631acc42573a5de5217cd57de4bf7c9b4bf8891/examples/rescue_characterization/results/historical-replay/libero_plus-worker-1.jsonl#L45
historical,selective_flow,libero_plus,libero_goal,put_the_bowl_on_the_stove,libero_plus:libero_goal:720,Camera Viewpoints,2,2008,17,c1b16ae1263e1d2d69f1508923c842c38de93560016fc2913c7f1fc13ad1b0f0,G87a9c6e9bbf3fe94,Cd0d8bfdb366a4a8a0ce7,1,False,rescue,rescue,True,not completed,grasp,high,,,,,https://github.com/lapid92/openpi/blob/e0c9d7e8b2937a2b61674dac0d90185be14e4fc9/examples/selective_flow/results/209e434b3363/libero_plus-main-worker-1.jsonl#L296,https://github.com/lapid92/openpi/blob/f631acc42573a5de5217cd57de4bf7c9b4bf8891/examples/rescue_characterization/results/historical-replay/libero_plus-worker-0.jsonl#L79
historical,frozen_flow,libero,libero_10,KITCHEN_SCENE8_put_both_moka_pots_on_the_stove,libero:libero_10:8,standard,0,1005,4,02b2b6ed14553a05557e097c0a838ce6f5d5aa05c839844aef81678752dace65,G146bd322fcaa8b6d,Cd18e18407d2b6008427d,4,False,rescue,rescue,True,unclear,placement,low,completed,completed,medium,,https://github.com/lapid92/openpi/blob/e0c9d7e8b2937a2b61674dac0d90185be14e4fc9/examples/frozen_flow/results/d16dba54a815/libero-main-worker-2.jsonl#L379,https://github.com/lapid92/openpi/blob/f631acc42573a5de5217cd57de4bf7c9b4bf8891/examples/rescue_characterization/results/historical-replay/libero-worker-1.jsonl#L11
historical,selective_flow,libero_plus,libero_10,LIVING_ROOM_SCENE6_put_the_white_mug_on_the_plate_and_put_the_chocolate_pudding_to_the_right_of_the_plate,libero_plus:libero_10:936,Camera Viewpoints,2,2005,14,47a0a589a343a89446f23421036719e5afd5bfd6fb1fc975c9a3546d867c3c82,Gd5cbf437a16ede25,Cd40439756ca4b266fb2e,10,False,failed_at_1_and_10_intermediates_unmeasured,never_rescued,True,not completed,grasp,medium,,,,,https://github.com/lapid92/openpi/blob/e0c9d7e8b2937a2b61674dac0d90185be14e4fc9/examples/selective_flow/results/209e434b3363/libero_plus-main-worker-3.jsonl#L410,https://github.com/lapid92/openpi/blob/f631acc42573a5de5217cd57de4bf7c9b4bf8891/examples/rescue_characterization/results/historical-replay/libero_plus-worker-1.jsonl#L72
historical,selective_flow,libero_plus,libero_10,KITCHEN_SCENE8_put_both_moka_pots_on_the_stove,libero_plus:libero_10:2039,Objects Layout,3,2008,0,008d74989412d6de395adc3c2b721cc0863031d2e2591b27283a953bb9436f62,G8406fa1879d75b0d,Cd640f63438fe4d521732,10,False,failed_at_1_and_10_intermediates_unmeasured,never_rescued,True,not completed,grasp,medium,,,,,https://github.com/lapid92/openpi/blob/e0c9d7e8b2937a2b61674dac0d90185be14e4fc9/examples/selective_flow/results/209e434b3363/libero_plus-main-worker-1.jsonl#L475,https://github.com/lapid92/openpi/blob/f631acc42573a5de5217cd57de4bf7c9b4bf8891/examples/rescue_characterization/results/historical-replay/libero_plus-worker-3.jsonl#L60
historical,frozen_flow,libero_plus,libero_object,pick_up_the_cream_cheese_and_place_it_in_the_basket,libero_plus:libero_object:290,Robot Initial States,2,1007,6,2eaf21dc6d2eacfa79463705134b5a3d50412b3cd96dab12678c34e4983578bf,G992af73562a1634b,Cd87e67490d000e6e29f3,10,False,rescue,rescue,True,not completed,grasp,medium,,,,,https://github.com/lapid92/openpi/blob/e0c9d7e8b2937a2b61674dac0d90185be14e4fc9/examples/frozen_flow/results/d16dba54a815/libero_plus-main-worker-1.jsonl#L148,https://github.com/lapid92/openpi/blob/f631acc42573a5de5217cd57de4bf7c9b4bf8891/examples/rescue_characterization/results/historical-replay/libero_plus-worker-2.jsonl#L36
historical,selective_flow,libero_plus,libero_10,KITCHEN_SCENE8_put_both_moka_pots_on_the_stove,libero_plus:libero_10:2039,Objects Layout,3,2004,0,008d74989412d6de395adc3c2b721cc0863031d2e2591b27283a953bb9436f62,Ge64f1e622dcc6e19,Cd97aa4acf8c6a6fca931,10,False,failed_at_1_and_10_intermediates_unmeasured,never_rescued,True,not completed,grasp,medium,,,,,https://github.com/lapid92/openpi/blob/e0c9d7e8b2937a2b61674dac0d90185be14e4fc9/examples/selective_flow/results/209e434b3363/libero_plus-main-worker-1.jsonl#L467,https://github.com/lapid92/openpi/blob/f631acc42573a5de5217cd57de4bf7c9b4bf8891/examples/rescue_characterization/results/historical-replay/libero_plus-worker-3.jsonl#L58
historical,selective_flow,libero_plus,libero_10,KITCHEN_SCENE8_put_both_moka_pots_on_the_stove,libero_plus:libero_10:2024,Objects Layout,2,2003,0,f3b7013106f4457edbc989a14bf525f80e41f711b2c3709ec41abbbd868c9fa1,G9d2619fed60414a9,Cd9c8f698b94d21a3c2bd,1,True,regression,regression,True,completed,completed,medium,,,,,https://github.com/lapid92/openpi/blob/e0c9d7e8b2937a2b61674dac0d90185be14e4fc9/examples/selective_flow/results/209e434b3363/libero_plus-main-worker-3.jsonl#L445,https://github.com/lapid92/openpi/blob/f631acc42573a5de5217cd57de4bf7c9b4bf8891/examples/rescue_characterization/results/historical-replay/libero_plus-worker-1.jsonl#L55
historical,frozen_flow,libero,libero_goal,put_the_wine_bottle_on_the_rack,libero:libero_goal:9,standard,0,1006,5,0ed1415086c068aaebf6950af176578ff484710fcab86e8afbb03ce59aceb14b,G1bc4aa3be46b991d,Cda4bef03e584918f9cc3,4,True,rescue,rescue,True,completed,completed,high,completed,completed,medium,,https://github.com/lapid92/openpi/blob/e0c9d7e8b2937a2b61674dac0d90185be14e4fc9/examples/frozen_flow/results/d16dba54a815/libero-main-worker-1.jsonl#L304,https://github.com/lapid92/openpi/blob/f631acc42573a5de5217cd57de4bf7c9b4bf8891/examples/rescue_characterization/results/historical-replay/libero-worker-2.jsonl#L23
historical,frozen_flow,libero,libero_10,STUDY_SCENE1_pick_up_the_book_and_place_it_in_the_back_compartment_of_the_caddy,libero:libero_10:5,standard,0,1002,1,fbf82707bd0a7721f0e118ac32aad30182e487e7a940bec7128ad6f18457e139,G4099f5572aed6656,Cdaaa5ff77bdeba1faa84,10,True,rescue,rescue,True,completed,completed,medium,unclear,placement,low,,https://github.com/lapid92/openpi/blob/e0c9d7e8b2937a2b61674dac0d90185be14e4fc9/examples/frozen_flow/results/d16dba54a815/libero-main-worker-3.jsonl#L325,https://github.com/lapid92/openpi/blob/f631acc42573a5de5217cd57de4bf7c9b4bf8891/examples/rescue_characterization/results/historical-replay/libero-worker-1.jsonl#L4
historical,selective_flow,libero_plus,libero_spatial,pick_up_the_black_bowl_in_the_top_drawer_of_the_wooden_cabinet_and_place_it_on_the_plate,libero_plus:libero_spatial:737,Camera Viewpoints,3,2001,10,7bb0de6b71378924db79db6837d31679f6792129b7d9861f58532ba7332d6eb3,G5f7565d037e9cec8,Cdab462071ecc7fbf7fa5,10,False,failed_at_1_and_10_intermediates_unmeasured,never_rescued,True,not completed,grasp,medium,,,,,https://github.com/lapid92/openpi/blob/e0c9d7e8b2937a2b61674dac0d90185be14e4fc9/examples/selective_flow/results/209e434b3363/libero_plus-main-worker-2.jsonl#L62,https://github.com/lapid92/openpi/blob/f631acc42573a5de5217cd57de4bf7c9b4bf8891/examples/rescue_characterization/results/historical-replay/libero_plus-worker-1.jsonl#L104
historical,frozen_flow,libero_plus,libero_10,KITCHEN_SCENE3_turn_on_the_stove_and_put_the_moka_pot_on_it,libero_plus:libero_10:1957,Objects Layout,3,1001,0,aef667d3d01010a4070c741ba3573716135c2290aae3d8ba1ebdca9eda8349d2,G08af8489a483c371,Cdb4dadd68f3edc32d1ba,10,True,regression,regression,True,completed,completed,medium,,,,,https://github.com/lapid92/openpi/blob/e0c9d7e8b2937a2b61674dac0d90185be14e4fc9/examples/frozen_flow/results/d16dba54a815/libero_plus-main-worker-2.jsonl#L444,https://github.com/lapid92/openpi/blob/f631acc42573a5de5217cd57de4bf7c9b4bf8891/examples/rescue_characterization/results/historical-replay/libero_plus-worker-1.jsonl#L8
historical,selective_flow,libero_plus,libero_object,pick_up_the_bbq_sauce_and_place_it_in_the_basket,libero_plus:libero_object:734,Camera Viewpoints,3,2005,14,1ac0dfe83c46ea6296d6921a75f2723cc9868f4a0a0079d77874d55f19781a2f,Gc6bf96cc2cbe7113,Cdcc71ff47d78f3a4ed6f,10,False,failed_at_1_and_10_intermediates_unmeasured,never_rescued,True,completed,completed,medium,,,,,https://github.com/lapid92/openpi/blob/e0c9d7e8b2937a2b61674dac0d90185be14e4fc9/examples/selective_flow/results/209e434b3363/libero_plus-main-worker-1.jsonl#L190,https://github.com/lapid92/openpi/blob/f631acc42573a5de5217cd57de4bf7c9b4bf8891/examples/rescue_characterization/results/historical-replay/libero_plus-worker-3.jsonl#L94
historical,frozen_flow,libero_plus,libero_spatial,pick_up_the_black_bowl_between_the_plate_and_the_ramekin_and_place_it_on_the_plate,libero_plus:libero_spatial:611,Camera Viewpoints,2,1008,7,d297dd693cb3e13a607d16f211730e28c50b463f597f066ef2a424a8a036186c,G132144b71bf7dcaf,Cdd58677c2a608593637f,4,True,regression,regression,True,completed,completed,medium,completed,completed,medium,,https://github.com/lapid92/openpi/blob/e0c9d7e8b2937a2b61674dac0d90185be14e4fc9/examples/frozen_flow/results/d16dba54a815/libero_plus-main-worker-0.jsonl#L72,https://github.com/lapid92/openpi/blob/f631acc42573a5de5217cd57de4bf7c9b4bf8891/examples/rescue_characterization/results/historical-replay/libero_plus-worker-1.jsonl#L47
historical,frozen_flow,libero_plus,libero_object,pick_up_the_cream_cheese_and_place_it_in_the_basket,libero_plus:libero_object:292,Robot Initial States,3,1004,3,d3aef66d3da45a29cdc1354a26ded28b2699e0a8a7ad18a69209a0f35df1e1b4,G72df827fcb404956,Cdd78f6b83f5c516c678f,10,False,never_rescued,never_rescued,True,not completed,approach,high,not completed,grasp,high,,https://github.com/lapid92/openpi/blob/e0c9d7e8b2937a2b61674dac0d90185be14e4fc9/examples/frozen_flow/results/d16dba54a815/libero_plus-main-worker-3.jsonl#L135,https://github.com/lapid92/openpi/blob/f631acc42573a5de5217cd57de4bf7c9b4bf8891/examples/rescue_characterization/results/historical-replay/libero_plus-worker-1.jsonl#L40
historical,selective_flow,libero_plus,libero_object,pick_up_the_bbq_sauce_and_place_it_in_the_basket,libero_plus:libero_object:369,Robot Initial States,3,2007,16,75270eafe39d067d5050212addad99332c447a7863d77c105174b0304594d2cc,Gd72f944651e79f0e,Cddb1da4b795e07e504f5,1,False,rescue,rescue,True,not completed,grasp,high,,,,,https://github.com/lapid92/openpi/blob/e0c9d7e8b2937a2b61674dac0d90185be14e4fc9/examples/selective_flow/results/209e434b3363/libero_plus-main-worker-3.jsonl#L153,https://github.com/lapid92/openpi/blob/f631acc42573a5de5217cd57de4bf7c9b4bf8891/examples/rescue_characterization/results/historical-replay/libero_plus-worker-1.jsonl#L93
historical,frozen_flow,libero_plus,libero_object,pick_up_the_cream_cheese_and_place_it_in_the_basket,libero_plus:libero_object:290,Robot Initial States,2,1007,6,2eaf21dc6d2eacfa79463705134b5a3d50412b3cd96dab12678c34e4983578bf,G992af73562a1634b,Cde72d149d6474df8b758,1,False,rescue,rescue,True,unclear,placement,low,not completed,placement,medium,,https://github.com/lapid92/openpi/blob/e0c9d7e8b2937a2b61674dac0d90185be14e4fc9/examples/frozen_flow/results/d16dba54a815/libero_plus-main-worker-1.jsonl#L145,https://github.com/lapid92/openpi/blob/f631acc42573a5de5217cd57de4bf7c9b4bf8891/examples/rescue_characterization/results/historical-replay/libero_plus-worker-2.jsonl#L33
historical,selective_flow,libero_plus,libero_object,pick_up_the_cream_cheese_and_place_it_in_the_basket,libero_plus:libero_object:296,Robot Initial States,3,2004,13,1b96e6db47e6c0538dda69b50db5e131927a29fd6905fc973405c3693454ff82,Gc3e547a256cde08c,Cdf12f56c3909e6d90ed5,10,True,rescue,rescue,True,completed,completed,high,,,,,https://github.com/lapid92/openpi/blob/e0c9d7e8b2937a2b61674dac0d90185be14e4fc9/examples/selective_flow/results/209e434b3363/libero_plus-main-worker-1.jsonl#L147,https://github.com/lapid92/openpi/blob/f631acc42573a5de5217cd57de4bf7c9b4bf8891/examples/rescue_characterization/results/historical-replay/libero_plus-worker-3.jsonl#L90
historical,frozen_flow,libero_plus,libero_goal,open_the_middle_drawer_of_the_cabinet,libero_plus:libero_goal:284,Robot Initial States,2,1002,1,7e37e0c67213d1237e09e0e5e381cd9bfd4b0bfc2013807549c0436c0e84e655,Gb5bb56b994923d36,Ce1f7fcef99fa9e93b1ce,1,False,never_rescued,never_rescued,True,not completed,approach,medium,,,,,https://github.com/lapid92/openpi/blob/e0c9d7e8b2937a2b61674dac0d90185be14e4fc9/examples/frozen_flow/results/d16dba54a815/libero_plus-main-worker-0.jsonl#L248,https://github.com/lapid92/openpi/blob/f631acc42573a5de5217cd57de4bf7c9b4bf8891/examples/rescue_characterization/results/historical-replay/libero_plus-worker-1.jsonl#L21
historical,frozen_flow,libero_plus,libero_object,pick_up_the_cream_cheese_and_place_it_in_the_basket,libero_plus:libero_object:290,Robot Initial States,2,1007,6,2eaf21dc6d2eacfa79463705134b5a3d50412b3cd96dab12678c34e4983578bf,G992af73562a1634b,Ce24d475728a860b5fd78,2,False,rescue,rescue,True,not completed,grasp,medium,,,,,https://github.com/lapid92/openpi/blob/e0c9d7e8b2937a2b61674dac0d90185be14e4fc9/examples/frozen_flow/results/d16dba54a815/libero_plus-main-worker-1.jsonl#L146,https://github.com/lapid92/openpi/blob/f631acc42573a5de5217cd57de4bf7c9b4bf8891/examples/rescue_characterization/results/historical-replay/libero_plus-worker-2.jsonl#L34
historical,selective_flow,libero_plus,libero_object,pick_up_the_bbq_sauce_and_place_it_in_the_basket,libero_plus:libero_object:734,Camera Viewpoints,3,2006,15,60db891b70a96f62e7ad45289afe150ce153e6d760c6322d67517416a4aa6a86,G0a3484d76ec07c97,Ce2c980f97fabcd736507,1,True,regression,regression,True,completed,completed,high,,,,,https://github.com/lapid92/openpi/blob/e0c9d7e8b2937a2b61674dac0d90185be14e4fc9/examples/selective_flow/results/209e434b3363/libero_plus-main-worker-1.jsonl#L192,https://github.com/lapid92/openpi/blob/f631acc42573a5de5217cd57de4bf7c9b4bf8891/examples/rescue_characterization/results/historical-replay/libero_plus-worker-0.jsonl#L97
historical,frozen_flow,libero,libero_10,KITCHEN_SCENE8_put_both_moka_pots_on_the_stove,libero:libero_10:8,standard,0,1005,4,02b2b6ed14553a05557e097c0a838ce6f5d5aa05c839844aef81678752dace65,G146bd322fcaa8b6d,Ce2ede92be8320e3663f6,10,False,rescue,rescue,True,not completed,placement,medium,,,,,https://github.com/lapid92/openpi/blob/e0c9d7e8b2937a2b61674dac0d90185be14e4fc9/examples/frozen_flow/results/d16dba54a815/libero-main-worker-2.jsonl#L380,https://github.com/lapid92/openpi/blob/f631acc42573a5de5217cd57de4bf7c9b4bf8891/examples/rescue_characterization/results/historical-replay/libero-worker-1.jsonl#L12
historical,selective_flow,libero_plus,libero_object,pick_up_the_cream_cheese_and_place_it_in_the_basket,libero_plus:libero_object:296,Robot Initial States,3,2005,14,c33cf86e2ef71e1310733d0750b79e260fe64841673614af0372adc2bc3b3f05,G120d7aaceca2a605,Ce53dc1eb37da2671b9b3,10,True,rescue,rescue,True,completed,completed,high,,,,,https://github.com/lapid92/openpi/blob/e0c9d7e8b2937a2b61674dac0d90185be14e4fc9/examples/selective_flow/results/209e434b3363/libero_plus-main-worker-1.jsonl#L150,https://github.com/lapid92/openpi/blob/f631acc42573a5de5217cd57de4bf7c9b4bf8891/examples/rescue_characterization/results/historical-replay/libero_plus-worker-0.jsonl#L94
historical,selective_flow,libero_plus,libero_goal,push_the_plate_to_the_front_of_the_stove,libero_plus:libero_goal:1976,Objects Layout,2,2010,0,c33020012462dd640e32f641d571f712132b477a699be937346c8632d774e3e5,G447590676fdf33df,Cea2a17fd1a4d06d888e0,1,True,regression,regression,True,completed,completed,medium,,,,,https://github.com/lapid92/openpi/blob/e0c9d7e8b2937a2b61674dac0d90185be14e4fc9/examples/selective_flow/results/209e434b3363/libero_plus-main-worker-2.jsonl#L340,https://github.com/lapid92/openpi/blob/f631acc42573a5de5217cd57de4bf7c9b4bf8891/examples/rescue_characterization/results/historical-replay/libero_plus-worker-1.jsonl#L75
historical,frozen_flow,libero_plus,libero_goal,open_the_middle_drawer_of_the_cabinet,libero_plus:libero_goal:284,Robot Initial States,2,1002,1,7e37e0c67213d1237e09e0e5e381cd9bfd4b0bfc2013807549c0436c0e84e655,Gb5bb56b994923d36,Ced394e90bdb201dd831f,10,False,never_rescued,never_rescued,True,not completed,approach,medium,,,,,https://github.com/lapid92/openpi/blob/e0c9d7e8b2937a2b61674dac0d90185be14e4fc9/examples/frozen_flow/results/d16dba54a815/libero_plus-main-worker-0.jsonl#L247,https://github.com/lapid92/openpi/blob/f631acc42573a5de5217cd57de4bf7c9b4bf8891/examples/rescue_characterization/results/historical-replay/libero_plus-worker-1.jsonl#L24
historical,selective_flow,libero_plus,libero_10,LIVING_ROOM_SCENE6_put_the_white_mug_on_the_plate_and_put_the_chocolate_pudding_to_the_right_of_the_plate,libero_plus:libero_10:936,Camera Viewpoints,2,2005,14,47a0a589a343a89446f23421036719e5afd5bfd6fb1fc975c9a3546d867c3c82,Gd5cbf437a16ede25,Ced4fb1349f29abf7a9b5,1,False,failed_at_1_and_10_intermediates_unmeasured,never_rescued,True,not completed,grasp,medium,not completed,grasp,medium,,https://github.com/lapid92/openpi/blob/e0c9d7e8b2937a2b61674dac0d90185be14e4fc9/examples/selective_flow/results/209e434b3363/libero_plus-main-worker-3.jsonl#L409,https://github.com/lapid92/openpi/blob/f631acc42573a5de5217cd57de4bf7c9b4bf8891/examples/rescue_characterization/results/historical-replay/libero_plus-worker-1.jsonl#L71
historical,selective_flow,libero_plus,libero_goal,open_the_top_drawer_and_put_the_bowl_inside,libero_plus:libero_goal:783,Camera Viewpoints,3,2008,17,8e711166d5f2d13c564cb0e1b5ae46c260e5b5c8eb220ff23bd5106b99f8728e,Ge7e9636ebadfc8f7,Cf2b12b434018dc273d73,10,False,failed_at_1_and_10_intermediates_unmeasured,never_rescued,True,not completed,placement,high,,,,,https://github.com/lapid92/openpi/blob/e0c9d7e8b2937a2b61674dac0d90185be14e4fc9/examples/selective_flow/results/209e434b3363/libero_plus-main-worker-2.jsonl#L315,https://github.com/lapid92/openpi/blob/f631acc42573a5de5217cd57de4bf7c9b4bf8891/examples/rescue_characterization/results/historical-replay/libero_plus-worker-1.jsonl#L80
historical,selective_flow,libero_plus,libero_spatial,pick_up_the_black_bowl_on_the_cookie_box_and_place_it_on_the_plate,libero_plus:libero_spatial:733,Camera Viewpoints,3,2010,19,506d45d3efe3f6738675330af8d19d16069ff0ddf8470ffad2306e592c3b48ed,G2f359bd46a55d143,Cf6e42bf39cc9ac89bb32,10,False,regression,regression,True,not completed,grasp,medium,,,,,https://github.com/lapid92/openpi/blob/e0c9d7e8b2937a2b61674dac0d90185be14e4fc9/examples/selective_flow/results/209e434b3363/libero_plus-main-worker-1.jsonl#L79,https://github.com/lapid92/openpi/blob/f631acc42573a5de5217cd57de4bf7c9b4bf8891/examples/rescue_characterization/results/historical-replay/libero_plus-worker-0.jsonl#L106
historical,selective_flow,libero_plus,libero_object,pick_up_the_cream_cheese_and_place_it_in_the_basket,libero_plus:libero_object:296,Robot Initial States,3,2005,14,c33cf86e2ef71e1310733d0750b79e260fe64841673614af0372adc2bc3b3f05,G120d7aaceca2a605,Cf7f5044c8c198678b55b,1,False,rescue,rescue,True,not completed,grasp,medium,,,,,https://github.com/lapid92/openpi/blob/e0c9d7e8b2937a2b61674dac0d90185be14e4fc9/examples/selective_flow/results/209e434b3363/libero_plus-main-worker-1.jsonl#L149,https://github.com/lapid92/openpi/blob/f631acc42573a5de5217cd57de4bf7c9b4bf8891/examples/rescue_characterization/results/historical-replay/libero_plus-worker-0.jsonl#L93
historical,selective_flow,libero_plus,libero_spatial,pick_up_the_black_bowl_in_the_top_drawer_of_the_wooden_cabinet_and_place_it_on_the_plate,libero_plus:libero_spatial:737,Camera Viewpoints,3,2008,17,f5d465f187549523ee7aaedba70bf6427cc717feb1cdc5beffdb576b406b6ead,Gfdc1a6b07b4a7f54,Cfaaed7facdf6ac7e134b,10,False,regression,regression,True,not completed,grasp,high,,,,,https://github.com/lapid92/openpi/blob/e0c9d7e8b2937a2b61674dac0d90185be14e4fc9/examples/selective_flow/results/209e434b3363/libero_plus-main-worker-2.jsonl#L75,https://github.com/lapid92/openpi/blob/f631acc42573a5de5217cd57de4bf7c9b4bf8891/examples/rescue_characterization/results/historical-replay/libero_plus-worker-1.jsonl#L106
historical,frozen_flow,libero_plus,libero_10,LIVING_ROOM_SCENE2_put_both_the_alphabet_soup_and_the_tomato_sauce_in_the_basket,libero_plus:libero_10:299,Robot Initial States,3,1003,2,be0c23f82748baf99eea1ecc4ff28eb82163945bc0bfffb509eeef0decced138,Gf3ce7a9dab5900bc,Cfebb12787b0d52af1225,1,False,rescue,rescue,True,not completed,grasp,high,,,,,https://github.com/lapid92/openpi/blob/e0c9d7e8b2937a2b61674dac0d90185be14e4fc9/examples/frozen_flow/results/d16dba54a815/libero_plus-main-worker-2.jsonl#L371,https://github.com/lapid92/openpi/blob/f631acc42573a5de5217cd57de4bf7c9b4bf8891/examples/rescue_characterization/results/historical-replay/libero_plus-worker-1.jsonl#L9
new,rescue_characterization,libero,libero_10,LIVING_ROOM_SCENE6_put_the_white_mug_on_the_plate_and_put_the_chocolate_pudding_to_the_right_of_the_plate,libero:libero_10:6,standard,0,3012,21,091f68d964eba6b4d1ea033b6a7db46cde077c9c6565d51b9844fd285d05ba84,G7bd0c5aa3e1341bd,C003a335f2c9cb04da7cc,2,True,regression,regression,True,completed,completed,medium,,,,,https://github.com/lapid92/openpi/blob/f631acc42573a5de5217cd57de4bf7c9b4bf8891/examples/rescue_characterization/results/e7537584d348/raw-shards/libero-main-worker-0/part-0002.jsonl#L25,
new,rescue_characterization,libero,libero_goal,put_the_cream_cheese_in_the_bowl,libero:libero_goal:6,standard,0,3020,29,af42106ae35adf1e32f857bbe96a0114ee9bf05a44ea0d1db0e3be7826af45a5,G84e72ba4b0ffc175,C02a606460f33d3c4a11f,4,False,regression,regression,True,completed,completed,medium,completed,completed,medium,,https://github.com/lapid92/openpi/blob/f631acc42573a5de5217cd57de4bf7c9b4bf8891/examples/rescue_characterization/results/e7537584d348/raw-shards/libero-main-worker-2/part-0001.jsonl#L560,
new,rescue_characterization,libero,libero_goal,put_the_wine_bottle_on_the_rack,libero:libero_goal:9,standard,0,3019,28,a4654bde320296ce87dca8f769f40c9d38ae2180e8c318c162aad862abe1caa3,Ge47ac602ef37a4dc,C046f1f46bfa1ad47603d,4,False,regression,regression,True,completed,completed,medium,,,,,https://github.com/lapid92/openpi/blob/f631acc42573a5de5217cd57de4bf7c9b4bf8891/examples/rescue_characterization/results/e7537584d348/raw-shards/libero-main-worker-1/part-0001.jsonl#L633,
new,rescue_characterization,libero,libero_goal,open_the_middle_drawer_of_the_cabinet,libero:libero_goal:0,standard,0,3008,17,bf0666561721667a896c8bd8eef55851c579c71a73c7c0a31ff11ceef0e5a882,G3fba0db55f61a0e3,C05295c5b689d63fe78f0,4,True,rescue,rescue,True,completed,completed,medium,,,,,https://github.com/lapid92/openpi/blob/f631acc42573a5de5217cd57de4bf7c9b4bf8891/examples/rescue_characterization/results/e7537584d348/raw-shards/libero-main-worker-0/part-0001.jsonl#L432,
new,rescue_characterization,libero,libero_10,STUDY_SCENE1_pick_up_the_book_and_place_it_in_the_back_compartment_of_the_caddy,libero:libero_10:5,standard,0,3019,28,04eaeaba22c6519f38e035529d256a8c78ed170e0aeb1a0cb57a1c3b8528158d,G36f14bc550238327,C053a195f4556f9e8fa48,2,False,never_rescued,never_rescued,True,not completed,approach,high,not completed,approach,high,,https://github.com/lapid92/openpi/blob/f631acc42573a5de5217cd57de4bf7c9b4bf8891/examples/rescue_characterization/results/e7537584d348/raw-shards/libero-main-worker-3/part-0002.jsonl#L56,
new,rescue_characterization,libero_plus,libero_spatial,pick_up_the_black_bowl_on_the_cookie_box_and_place_it_on_the_plate,libero_plus:libero_spatial:734,Camera Viewpoints,3,4004,23,fa88150e97cd146fb482f33b8d99e6245ce3aa11a19719053a2de455235dc62d,Ge3abe279b1c13f63,C0745d49d50317e73aab7,2,False,regression,regression,True,unclear,placement,low,completed,completed,medium,,https://github.com/lapid92/openpi/blob/f631acc42573a5de5217cd57de4bf7c9b4bf8891/examples/rescue_characterization/results/e7537584d348/raw-shards/libero_plus-main-worker-1/part-0001.jsonl#L133,
new,rescue_characterization,libero_plus,libero_goal,push_the_plate_to_the_front_of_the_stove,libero_plus:libero_goal:75,Background Textures,3,4010,29,75fd3dfabd694bb79077b248e1ee74be784d2cf52e1490b0c01627940e45e5de,Gdffaa541f7a0c869,C078d00ff97894cb69647,4,False,never_rescued,never_rescued,True,unclear,manipulation,low,not completed,manipulation,medium,,https://github.com/lapid92/openpi/blob/f631acc42573a5de5217cd57de4bf7c9b4bf8891/examples/rescue_characterization/results/e7537584d348/raw-shards/libero_plus-main-worker-2/part-0002.jsonl#L108,
new,rescue_characterization,libero,libero_goal,put_the_wine_bottle_on_top_of_the_cabinet,libero:libero_goal:2,standard,0,3008,17,581b1ac309f5726f02a04b29d09240b5f2b7610f685cfdf6f1065057970440aa,G800335dfe9ed6082,C090dc827d4cc4a9e19a5,1,False,rescue,rescue,True,not completed,grasp,high,,,,,https://github.com/lapid92/openpi/blob/f631acc42573a5de5217cd57de4bf7c9b4bf8891/examples/rescue_characterization/results/e7537584d348/raw-shards/libero-main-worker-2/part-0001.jsonl#L430,
new,rescue_characterization,libero_plus,libero_object,pick_up_the_butter_and_place_it_in_the_basket,libero_plus:libero_object:81,Background Textures,3,4007,26,986bd4c46883cf81b8c9fdccc5a095f2e965110f06ec09faa30faa16a5fb788f,Gb9a283bc231f8b14,C09a0e9a744cec9b09a6b,2,True,rescue,rescue,True,completed,completed,high,,,,,https://github.com/lapid92/openpi/blob/f631acc42573a5de5217cd57de4bf7c9b4bf8891/examples/rescue_characterization/results/e7537584d348/raw-shards/libero_plus-main-worker-0/part-0001.jsonl#L468,
new,rescue_characterization,libero_plus,libero_goal,put_the_bowl_on_the_stove,libero_plus:libero_goal:1558,Sensor Noise,3,4007,26,6c540dd59cc6ac86d340dca323b1bf219f06969b0feaafe5e70081f00a239cdd,Gc851ee3b66f265a3,C0ace75dd78c305554e51,1,True,regression,regression,True,completed,completed,medium,completed,completed,medium,,https://github.com/lapid92/openpi/blob/f631acc42573a5de5217cd57de4bf7c9b4bf8891/examples/rescue_characterization/results/e7537584d348/raw-shards/libero_plus-main-worker-1/part-0002.jsonl#L385,
new,rescue_characterization,libero,libero_goal,put_the_wine_bottle_on_the_rack,libero:libero_goal:9,standard,0,3019,28,a4654bde320296ce87dca8f769f40c9d38ae2180e8c318c162aad862abe1caa3,Ge47ac602ef37a4dc,C0af3594e5738ebf22cbf,2,True,regression,regression,True,completed,completed,high,,,,,https://github.com/lapid92/openpi/blob/f631acc42573a5de5217cd57de4bf7c9b4bf8891/examples/rescue_characterization/results/e7537584d348/raw-shards/libero-main-worker-1/part-0001.jsonl#L636,
new,rescue_characterization,libero_plus,libero_spatial,pick_up_the_black_bowl_from_table_center_and_place_it_on_the_plate,libero_plus:libero_spatial:1461,Sensor Noise,4,4009,28,d342a333056d9f2b9db652157baeaa6b9c00e3d4b45ff819a1d3ead89d4c2848,G624b1639e11d89a2,C0b4068312ac0c333d99b,10,True,rescue,rescue,True,completed,completed,medium,,,,,https://github.com/lapid92/openpi/blob/f631acc42573a5de5217cd57de4bf7c9b4bf8891/examples/rescue_characterization/results/e7537584d348/raw-shards/libero_plus-main-worker-1/part-0001.jsonl#L314,
new,rescue_characterization,libero_plus,libero_object,pick_up_the_cream_cheese_and_place_it_in_the_basket,libero_plus:libero_object:1068,Language Instructions,3,4002,21,23c41660d4a648f4cfee4d6fac75ac46aa3af3352f49be6fdb0d2d1770c8df94,G1ee3b27cb9424309,C0d300c4117243ccc1e5a,4,True,rescue,rescue,True,completed,completed,high,,,,,https://github.com/lapid92/openpi/blob/f631acc42573a5de5217cd57de4bf7c9b4bf8891/examples/rescue_characterization/results/e7537584d348/raw-shards/libero_plus-main-worker-1/part-0001.jsonl#L608,
new,rescue_characterization,libero_plus,libero_goal,push_the_plate_to_the_front_of_the_stove,libero_plus:libero_goal:2419,Light Conditions,3,4003,22,096539e5493610da8217256ee9fd075986ad1a199919dcf3577046420669e9e0,G141d70e1ea74a360,C0db9e9512a484b5eca23,2,True,regression,regression,True,completed,completed,medium,,,,,https://github.com/lapid92/openpi/blob/f631acc42573a5de5217cd57de4bf7c9b4bf8891/examples/rescue_characterization/results/e7537584d348/raw-shards/libero_plus-main-worker-2/part-0002.jsonl#L442,
new,rescue_characterization,libero,libero_goal,put_the_cream_cheese_in_the_bowl,libero:libero_goal:6,standard,0,3020,29,af42106ae35adf1e32f857bbe96a0114ee9bf05a44ea0d1db0e3be7826af45a5,G84e72ba4b0ffc175,C0e30957e5f64b43754ec,2,True,regression,regression,True,completed,completed,medium,,,,,https://github.com/lapid92/openpi/blob/f631acc42573a5de5217cd57de4bf7c9b4bf8891/examples/rescue_characterization/results/e7537584d348/raw-shards/libero-main-worker-2/part-0001.jsonl#L559,
new,rescue_characterization,libero,libero_10,LIVING_ROOM_SCENE6_put_the_white_mug_on_the_plate_and_put_the_chocolate_pudding_to_the_right_of_the_plate,libero:libero_10:6,standard,0,3014,23,c87b2c9c311c9b8bdc0839034d6206f784f9651c28f824ef14687c3e67755000,G97fbeee4b64e202c,C0fba50f108c6a21dc580,1,False,never_rescued,never_rescued,True,not completed,placement,medium,,,,,https://github.com/lapid92/openpi/blob/f631acc42573a5de5217cd57de4bf7c9b4bf8891/examples/rescue_characterization/results/e7537584d348/raw-shards/libero-main-worker-0/part-0002.jsonl#L34,
new,rescue_characterization,libero_plus,libero_goal,open_the_top_drawer_and_put_the_bowl_inside,libero_plus:libero_goal:35,Background Textures,3,4002,21,06d00b1c7213aac2f1d397f89b984569390d951f8f45cf2a1fabc0858ebaf3e3,Ge041abb97d04c2ec,C1008210a7e1611e6117a,4,True,regression,regression,True,completed,completed,high,,,,,https://github.com/lapid92/openpi/blob/f631acc42573a5de5217cd57de4bf7c9b4bf8891/examples/rescue_characterization/results/e7537584d348/raw-shards/libero_plus-main-worker-1/part-0002.jsonl#L128,
new,rescue_characterization,libero,libero_spatial,pick_up_the_black_bowl_on_the_stove_and_place_it_on_the_plate,libero:libero_spatial:7,standard,0,3008,17,dfefa2e8fbfa660e7ad3f9fe8abfc5f0334de73d23101a02f4832a3e88b399f7,G554ac75b0b46e78d,C10e26e5dcb0a48edb4c6,1,True,regression,regression,True,completed,completed,medium,,,,,https://github.com/lapid92/openpi/blob/f631acc42573a5de5217cd57de4bf7c9b4bf8891/examples/rescue_characterization/results/e7537584d348/raw-shards/libero-main-worker-3/part-0001.jsonl#L110,
new,rescue_characterization,libero_plus,libero_object,pick_up_the_cream_cheese_and_place_it_in_the_basket,libero_plus:libero_object:1068,Language Instructions,3,4002,21,23c41660d4a648f4cfee4d6fac75ac46aa3af3352f49be6fdb0d2d1770c8df94,G1ee3b27cb9424309,C1229623e81cd6c2df446,10,True,rescue,rescue,True,completed,completed,high,,,,,https://github.com/lapid92/openpi/blob/f631acc42573a5de5217cd57de4bf7c9b4bf8891/examples/rescue_characterization/results/e7537584d348/raw-shards/libero_plus-main-worker-1/part-0001.jsonl#L605,
new,rescue_characterization,libero,libero_10,LIVING_ROOM_SCENE6_put_the_white_mug_on_the_plate_and_put_the_chocolate_pudding_to_the_right_of_the_plate,libero:libero_10:6,standard,0,3012,21,091f68d964eba6b4d1ea033b6a7db46cde077c9c6565d51b9844fd285d05ba84,G7bd0c5aa3e1341bd,C146398988359552ea40a,10,True,regression,regression,True,completed,completed,medium,,,,,https://github.com/lapid92/openpi/blob/f631acc42573a5de5217cd57de4bf7c9b4bf8891/examples/rescue_characterization/results/e7537584d348/raw-shards/libero-main-worker-0/part-0002.jsonl#L23,
new,rescue_characterization,libero_plus,libero_goal,put_the_bowl_on_the_stove,libero_plus:libero_goal:1558,Sensor Noise,3,4007,26,6c540dd59cc6ac86d340dca323b1bf219f06969b0feaafe5e70081f00a239cdd,Gc851ee3b66f265a3,C155e01e73888d6ee4184,2,True,regression,regression,True,completed,completed,medium,,,,,https://github.com/lapid92/openpi/blob/f631acc42573a5de5217cd57de4bf7c9b4bf8891/examples/rescue_characterization/results/e7537584d348/raw-shards/libero_plus-main-worker-1/part-0002.jsonl#L386,
new,rescue_characterization,libero,libero_10,LIVING_ROOM_SCENE6_put_the_white_mug_on_the_plate_and_put_the_chocolate_pudding_to_the_right_of_the_plate,libero:libero_10:6,standard,0,3003,12,db9b505b50f800b326febca3c6525a1a8bf35bbb4b271cd661129a98f721bae0,G33d4c2cab778bf33,C15a79917db216910e919,4,False,rescue,rescue,True,unclear,unclear,low,not completed,placement,medium,,https://github.com/lapid92/openpi/blob/f631acc42573a5de5217cd57de4bf7c9b4bf8891/examples/rescue_characterization/results/e7537584d348/raw-shards/libero-main-worker-0/part-0001.jsonl#L729,
new,rescue_characterization,libero,libero_10,LIVING_ROOM_SCENE2_put_both_the_cream_cheese_box_and_the_butter_in_the_basket,libero:libero_10:1,standard,0,3016,25,0ca2314972a41b72dba008c7cd449afc1187f9410a9da7a661b7a1aa4b486e77,Gd4c2ee67ce6d5483,C187fe9bd9b13f78125c7,1,False,rescue,rescue,True,not completed,grasp,high,not completed,grasp,medium,,https://github.com/lapid92/openpi/blob/f631acc42573a5de5217cd57de4bf7c9b4bf8891/examples/rescue_characterization/results/e7537584d348/raw-shards/libero-main-worker-3/part-0001.jsonl#L622,
new,rescue_characterization,libero,libero_10,LIVING_ROOM_SCENE6_put_the_white_mug_on_the_plate_and_put_the_chocolate_pudding_to_the_right_of_the_plate,libero:libero_10:6,standard,0,3014,23,c87b2c9c311c9b8bdc0839034d6206f784f9651c28f824ef14687c3e67755000,G97fbeee4b64e202c,C18bffea8c1949f10ef6c,4,False,never_rescued,never_rescued,True,not completed,grasp,medium,,,,,https://github.com/lapid92/openpi/blob/f631acc42573a5de5217cd57de4bf7c9b4bf8891/examples/rescue_characterization/results/e7537584d348/raw-shards/libero-main-worker-0/part-0002.jsonl#L32,
new,rescue_characterization,libero_plus,libero_spatial,pick_up_the_black_bowl_from_table_center_and_place_it_on_the_plate,libero_plus:libero_spatial:1461,Sensor Noise,4,4007,26,be6662154a0d0e253ab8a4b6efdfe69cb35ce9c940b925a4de07ddf2c7c9cbf7,Gfb31b8e2d95f0378,C18f8a69802b64b9a278a,1,True,regression,regression,True,completed,completed,medium,,,,,https://github.com/lapid92/openpi/blob/f631acc42573a5de5217cd57de4bf7c9b4bf8891/examples/rescue_characterization/results/e7537584d348/raw-shards/libero_plus-main-worker-1/part-0001.jsonl#L305,
new,rescue_characterization,libero,libero_goal,put_the_wine_bottle_on_top_of_the_cabinet,libero:libero_goal:2,standard,0,3008,17,581b1ac309f5726f02a04b29d09240b5f2b7610f685cfdf6f1065057970440aa,G800335dfe9ed6082,C1bec2653e5f2bd8a1fea,2,True,rescue,rescue,True,completed,completed,high,,,,,https://github.com/lapid92/openpi/blob/f631acc42573a5de5217cd57de4bf7c9b4bf8891/examples/rescue_characterization/results/e7537584d348/raw-shards/libero-main-worker-2/part-0001.jsonl#L431,
new,rescue_characterization,libero_plus,libero_goal,open_the_top_drawer_and_put_the_bowl_inside,libero_plus:libero_goal:35,Background Textures,3,4001,20,908ab56bad71b6ba8421559f474da5a54ed2ffede210d69ef7a3f28eab3d5015,G1f06c2d613c75e03,C1f81e4097b4493919d9f,2,False,never_rescued,never_rescued,True,not completed,approach,medium,,,,,https://github.com/lapid92/openpi/blob/f631acc42573a5de5217cd57de4bf7c9b4bf8891/examples/rescue_characterization/results/e7537584d348/raw-shards/libero_plus-main-worker-1/part-0002.jsonl#L124,
new,rescue_characterization,libero_plus,libero_goal,open_the_middle_drawer_of_the_cabinet,libero_plus:libero_goal:286,Robot Initial States,3,4008,27,8113baea563328e37e51e31d01930886e76c1c6324a38ea06ccfdb1b5f1f6764,Gbc05c37d1848b629,C20669d69e54e7295697e,4,True,rescue,rescue,True,completed,completed,high,,,,,https://github.com/lapid92/openpi/blob/f631acc42573a5de5217cd57de4bf7c9b4bf8891/examples/rescue_characterization/results/e7537584d348/raw-shards/libero_plus-main-worker-2/part-0002.jsonl#L142,
new,rescue_characterization,libero_plus,libero_goal,open_the_top_drawer_and_put_the_bowl_inside,libero_plus:libero_goal:35,Background Textures,3,4009,28,26d08f7bcdc140e009a1d6edfd2de4471fb0377c25893edef749bc010eafd884,Gc5f8d3b8a84e1010,C20c242e605572fc7fe45,2,False,never_rescued,never_rescued,True,unclear,placement,low,not completed,placement,medium,,https://github.com/lapid92/openpi/blob/f631acc42573a5de5217cd57de4bf7c9b4bf8891/examples/rescue_characterization/results/e7537584d348/raw-shards/libero_plus-main-worker-1/part-0002.jsonl#L156,
new,rescue_characterization,libero,libero_spatial,pick_up_the_black_bowl_on_the_wooden_cabinet_and_place_it_on_the_plate,libero:libero_spatial:9,standard,0,3006,15,e5466b756c5f5583d1efe6408171fabdb6d57c076492841aaed2cf862bcb2086,G8492693c4ee4f492,C2143ebb26ed87c2b81f2,1,True,regression,regression,True,completed,completed,medium,,,,,https://github.com/lapid92/openpi/blob/f631acc42573a5de5217cd57de4bf7c9b4bf8891/examples/rescue_characterization/results/e7537584d348/raw-shards/libero-main-worker-1/part-0001.jsonl#L184,
new,rescue_characterization,libero_plus,libero_goal,push_the_plate_to_the_front_of_the_stove,libero_plus:libero_goal:2419,Light Conditions,3,4004,23,59d84cc34ccf5008e9d71994a04b7c419f1d3e5beb4ed82d2303c9a94b8d6bd7,Gab3c085fc8cd7616,C2145658cb34f4392c8b7,2,False,rescue,rescue,True,unclear,manipulation,low,unclear,manipulation,low,,https://github.com/lapid92/openpi/blob/f631acc42573a5de5217cd57de4bf7c9b4bf8891/examples/rescue_characterization/results/e7537584d348/raw-shards/libero_plus-main-worker-2/part-0002.jsonl#L445,
new,rescue_characterization,libero,libero_goal,put_the_bowl_on_the_stove,libero:libero_goal:1,standard,0,3018,27,c7e749eae4161f8c357fb1a40c8cfceb7e28367bab0864691bd79d8a40db110e,G6fd11df76811bb3a,C22357fb8b64f460fff2d,4,False,rescue,rescue,True,not completed,grasp,high,,,,,https://github.com/lapid92/openpi/blob/f631acc42573a5de5217cd57de4bf7c9b4bf8891/examples/rescue_characterization/results/e7537584d348/raw-shards/libero-main-worker-1/part-0001.jsonl#L470,
new,rescue_characterization,libero_plus,libero_object,pick_up_the_cream_cheese_and_place_it_in_the_basket,libero_plus:libero_object:1068,Language Instructions,3,4007,26,f2271d8d57cfb1259db4f6d01786835c8813004c52a00c4364bf1dbe166947bb,Gea62804a145758a7,C233f7753e7ab0bacba61,2,False,never_rescued,never_rescued,True,not completed,grasp,medium,,,,,https://github.com/lapid92/openpi/blob/f631acc42573a5de5217cd57de4bf7c9b4bf8891/examples/rescue_characterization/results/e7537584d348/raw-shards/libero_plus-main-worker-1/part-0001.jsonl#L626,
new,rescue_characterization,libero,libero_10,LIVING_ROOM_SCENE2_put_both_the_alphabet_soup_and_the_tomato_sauce_in_the_basket,libero:libero_10:0,standard,0,3010,19,a6fb28270e5509da8619115495b070fe25bec4e644f15080bf7a3a61f8382a16,Gbe821765f7e87f87,C2362aa26df03f614e31c,2,True,regression,regression,True,completed,completed,medium,,,,,https://github.com/lapid92/openpi/blob/f631acc42573a5de5217cd57de4bf7c9b4bf8891/examples/rescue_characterization/results/e7537584d348/raw-shards/libero-main-worker-2/part-0001.jsonl#L597,
new,rescue_characterization,libero_plus,libero_spatial,pick_up_the_black_bowl_from_table_center_and_place_it_on_the_plate,libero_plus:libero_spatial:1461,Sensor Noise,4,4009,28,d342a333056d9f2b9db652157baeaa6b9c00e3d4b45ff819a1d3ead89d4c2848,G624b1639e11d89a2,C244cd3576daf247fd6d1,2,True,rescue,rescue,True,completed,completed,medium,unclear,unclear,low,,https://github.com/lapid92/openpi/blob/f631acc42573a5de5217cd57de4bf7c9b4bf8891/examples/rescue_characterization/results/e7537584d348/raw-shards/libero_plus-main-worker-1/part-0001.jsonl#L316,
new,rescue_characterization,libero_plus,libero_goal,open_the_top_drawer_and_put_the_bowl_inside,libero_plus:libero_goal:785,Camera Viewpoints,3,4002,21,06d00b1c7213aac2f1d397f89b984569390d951f8f45cf2a1fabc0858ebaf3e3,G737f6da6af5c8890,C24d7eb20fa5fc04270df,1,False,rescue,rescue,True,unclear,placement,low,not completed,placement,medium,,https://github.com/lapid92/openpi/blob/f631acc42573a5de5217cd57de4bf7c9b4bf8891/examples/rescue_characterization/results/e7537584d348/raw-shards/libero_plus-main-worker-2/part-0002.jsonl#L198,
new,rescue_characterization,libero,libero_spatial,pick_up_the_black_bowl_on_the_cookie_box_and_place_it_on_the_plate,libero:libero_spatial:3,standard,0,3020,29,d1bdda12ba47e7f29beb1a6ba20b3804d2391e26dc962bc84c01bbdcf71f3a6b,Ge72b1b6e450afd16,C2509a4bb218f45375e30,1,True,regression,regression,True,completed,completed,high,,,,,https://github.com/lapid92/openpi/blob/f631acc42573a5de5217cd57de4bf7c9b4bf8891/examples/rescue_characterization/results/e7537584d348/raw-shards/libero-main-worker-3/part-0001.jsonl#L78,
new,rescue_characterization,libero,libero_10,LIVING_ROOM_SCENE5_put_the_white_mug_on_the_left_plate_and_put_the_yellow_and_white_mug_on_the_right_plate,libero:libero_10:4,standard,0,3004,13,d1e95f79455d03edcd88f8bcd8536986dc3cf8ef1da9ac586fe00d443f8e0b2e,G3feab64fb7585af4,C25e44ee5d3520023f0f4,1,True,regression,regression,True,completed,completed,medium,,,,,https://github.com/lapid92/openpi/blob/f631acc42573a5de5217cd57de4bf7c9b4bf8891/examples/rescue_characterization/results/e7537584d348/raw-shards/libero-main-worker-2/part-0001.jsonl#L654,
new,rescue_characterization,libero_plus,libero_10,LIVING_ROOM_SCENE6_put_the_white_mug_on_the_plate_and_put_the_chocolate_pudding_to_the_right_of_the_plate,libero_plus:libero_10:2195,Objects Layout,4,4002,0,9146ffd124214f40ad3bac1b82b3420acf21e998054b06c0a1476e2f447d80ef,Ge10a5fc1003e6264,C2746dddb81c06ac6a8cb,10,False,regression,regression,True,not completed,placement,medium,,,,,https://github.com/lapid92/openpi/blob/f631acc42573a5de5217cd57de4bf7c9b4bf8891/examples/rescue_characterization/results/e7537584d348/raw-shards/libero_plus-main-worker-1/part-0003.jsonl#L292,
new,rescue_characterization,libero,libero_object,pick_up_the_tomato_sauce_and_place_it_in_the_basket,libero:libero_object:5,standard,0,3016,25,87e12e4f17e0123e33b786a5a4158b21bcde3ed273d13e970ce38cf3f1c6e01d,Gacd15e4728da2f10,C2811a644bc492295d449,2,False,regression,regression,True,not completed,grasp,medium,not completed,grasp,medium,,https://github.com/lapid92/openpi/blob/f631acc42573a5de5217cd57de4bf7c9b4bf8891/examples/rescue_characterization/results/e7537584d348/raw-shards/libero-main-worker-3/part-0001.jsonl#L303,
new,rescue_characterization,libero,libero_10,LIVING_ROOM_SCENE2_put_both_the_alphabet_soup_and_the_tomato_sauce_in_the_basket,libero:libero_10:0,standard,0,3009,18,bbbc83e66162ac23c060a6cdafc5bbd90ed62856ff9de8da4b70607d091e1e34,G3aa7391c5f4d1e25,C29bd7e61687401f96999,2,False,never_rescued,never_rescued,True,not completed,grasp,medium,,,,,https://github.com/lapid92/openpi/blob/f631acc42573a5de5217cd57de4bf7c9b4bf8891/examples/rescue_characterization/results/e7537584d348/raw-shards/libero-main-worker-2/part-0001.jsonl#L594,
new,rescue_characterization,libero_plus,libero_object,pick_up_the_butter_and_place_it_in_the_basket,libero_plus:libero_object:81,Background Textures,3,4007,26,986bd4c46883cf81b8c9fdccc5a095f2e965110f06ec09faa30faa16a5fb788f,Gb9a283bc231f8b14,C2bc81d0c9eab56e910ef,4,True,rescue,rescue,True,completed,completed,high,,,,,https://github.com/lapid92/openpi/blob/f631acc42573a5de5217cd57de4bf7c9b4bf8891/examples/rescue_characterization/results/e7537584d348/raw-shards/libero_plus-main-worker-0/part-0001.jsonl#L465,
new,rescue_characterization,libero,libero_object,pick_up_the_cream_cheese_and_place_it_in_the_basket,libero:libero_object:1,standard,0,3001,10,e3b4d6e00dbc914de585d0e085da98d21b262d8d43ef9fc8ec059cc68a8efdc8,Ge8d63611d2dc1534,C2c85242822563aa9b133,10,True,rescue,rescue,True,completed,completed,high,,,,,https://github.com/lapid92/openpi/blob/f631acc42573a5de5217cd57de4bf7c9b4bf8891/examples/rescue_characterization/results/e7537584d348/raw-shards/libero-main-worker-3/part-0001.jsonl#L164,
new,rescue_characterization,libero_plus,libero_goal,open_the_middle_drawer_of_the_cabinet,libero_plus:libero_goal:286,Robot Initial States,3,4005,24,3bb4aa58c04fb9b1f6f5ae13ce05548f71b7b34e185c827b54e0aa4b5e8a06f3,G1eb5795994708a8b,C2f54fb0061e9d8c9332f,4,False,never_rescued,never_rescued,True,unclear,unclear,low,not completed,manipulation,medium,,https://github.com/lapid92/openpi/blob/f631acc42573a5de5217cd57de4bf7c9b4bf8891/examples/rescue_characterization/results/e7537584d348/raw-shards/libero_plus-main-worker-2/part-0002.jsonl#L129,
new,rescue_characterization,libero,libero_goal,open_the_middle_drawer_of_the_cabinet,libero:libero_goal:0,standard,0,3008,17,bf0666561721667a896c8bd8eef55851c579c71a73c7c0a31ff11ceef0e5a882,G3fba0db55f61a0e3,C3079520500f843051f2e,10,True,rescue,rescue,True,completed,completed,medium,completed,completed,medium,,https://github.com/lapid92/openpi/blob/f631acc42573a5de5217cd57de4bf7c9b4bf8891/examples/rescue_characterization/results/e7537584d348/raw-shards/libero-main-worker-0/part-0001.jsonl#L429,
new,rescue_characterization,libero_plus,libero_10,LIVING_ROOM_SCENE2_put_both_the_cream_cheese_box_and_the_butter_in_the_basket,libero_plus:libero_10:345,Robot Initial States,3,4010,29,92671e197d63e9a4a167fac77bdd3dfae3c79672f766c3c533ceefa427b4266e,Gf7a36b2945feefcc,C30a413506fe95ca00cff,10,True,rescue,rescue,True,completed,completed,high,,,,,https://github.com/lapid92/openpi/blob/f631acc42573a5de5217cd57de4bf7c9b4bf8891/examples/rescue_characterization/results/e7537584d348/raw-shards/libero_plus-main-worker-1/part-0003.jsonl#L44,
new,rescue_characterization,libero_plus,libero_object,pick_up_the_cream_cheese_and_place_it_in_the_basket,libero_plus:libero_object:1068,Language Instructions,3,4002,21,23c41660d4a648f4cfee4d6fac75ac46aa3af3352f49be6fdb0d2d1770c8df94,G1ee3b27cb9424309,C30a4570226a3bc58e447,2,True,rescue,rescue,True,completed,completed,high,,,,,https://github.com/lapid92/openpi/blob/f631acc42573a5de5217cd57de4bf7c9b4bf8891/examples/rescue_characterization/results/e7537584d348/raw-shards/libero_plus-main-worker-1/part-0001.jsonl#L607,
new,rescue_characterization,libero_plus,libero_goal,push_the_plate_to_the_front_of_the_stove,libero_plus:libero_goal:2419,Light Conditions,3,4004,23,59d84cc34ccf5008e9d71994a04b7c419f1d3e5beb4ed82d2303c9a94b8d6bd7,Gab3c085fc8cd7616,C30cf73372f2e257f5742,10,False,rescue,rescue,True,unclear,manipulation,low,unclear,manipulation,low,,https://github.com/lapid92/openpi/blob/f631acc42573a5de5217cd57de4bf7c9b4bf8891/examples/rescue_characterization/results/e7537584d348/raw-shards/libero_plus-main-worker-2/part-0002.jsonl#L443,
new,rescue_characterization,libero_plus,libero_10,LIVING_ROOM_SCENE2_put_both_the_cream_cheese_box_and_the_butter_in_the_basket,libero_plus:libero_10:345,Robot Initial States,3,4001,20,1ddc6259e18ba32580516a16db9991698898aa83e150f096c5403b06f74cbe29,Gbb560c33d089a71c,C31dedb0c4468678ca93a,1,False,never_rescued,never_rescued,True,not completed,grasp,medium,,,,,https://github.com/lapid92/openpi/blob/f631acc42573a5de5217cd57de4bf7c9b4bf8891/examples/rescue_characterization/results/e7537584d348/raw-shards/libero_plus-main-worker-1/part-0003.jsonl#L10,
new,rescue_characterization,libero_plus,libero_10,LIVING_ROOM_SCENE2_put_both_the_cream_cheese_box_and_the_butter_in_the_basket,libero_plus:libero_10:345,Robot Initial States,3,4001,20,1ddc6259e18ba32580516a16db9991698898aa83e150f096c5403b06f74cbe29,Gbb560c33d089a71c,C325ff9ecf46a9465ebdd,2,False,never_rescued,never_rescued,True,not completed,grasp,medium,,,,,https://github.com/lapid92/openpi/blob/f631acc42573a5de5217cd57de4bf7c9b4bf8891/examples/rescue_characterization/results/e7537584d348/raw-shards/libero_plus-main-worker-1/part-0003.jsonl#L11,
new,rescue_characterization,libero_plus,libero_goal,push_the_plate_to_the_front_of_the_stove,libero_plus:libero_goal:75,Background Textures,3,4010,29,75fd3dfabd694bb79077b248e1ee74be784d2cf52e1490b0c01627940e45e5de,Gdffaa541f7a0c869,C326d5928f2121df41375,2,False,never_rescued,never_rescued,True,unclear,manipulation,low,not completed,manipulation,medium,,https://github.com/lapid92/openpi/blob/f631acc42573a5de5217cd57de4bf7c9b4bf8891/examples/rescue_characterization/results/e7537584d348/raw-shards/libero_plus-main-worker-2/part-0002.jsonl#L107,
new,rescue_characterization,libero_plus,libero_goal,open_the_top_drawer_and_put_the_bowl_inside,libero_plus:libero_goal:35,Background Textures,3,4001,20,908ab56bad71b6ba8421559f474da5a54ed2ffede210d69ef7a3f28eab3d5015,G1f06c2d613c75e03,C32af2a8f106242bfa695,4,False,never_rescued,never_rescued,True,not completed,approach,medium,,,,,https://github.com/lapid92/openpi/blob/f631acc42573a5de5217cd57de4bf7c9b4bf8891/examples/rescue_characterization/results/e7537584d348/raw-shards/libero_plus-main-worker-1/part-0002.jsonl#L121,
new,rescue_characterization,libero_plus,libero_goal,push_the_plate_to_the_front_of_the_stove,libero_plus:libero_goal:2419,Light Conditions,3,4003,22,096539e5493610da8217256ee9fd075986ad1a199919dcf3577046420669e9e0,G141d70e1ea74a360,C32c6738e8a213ec00cfc,4,True,regression,regression,True,completed,completed,medium,,,,,https://github.com/lapid92/openpi/blob/f631acc42573a5de5217cd57de4bf7c9b4bf8891/examples/rescue_characterization/results/e7537584d348/raw-shards/libero_plus-main-worker-2/part-0002.jsonl#L439,
new,rescue_characterization,libero_plus,libero_object,pick_up_the_butter_and_place_it_in_the_basket,libero_plus:libero_object:79,Background Textures,4,4003,22,24aa70a6bd3997132bdc43f6da7988f5e479050f67f47837a8ec4f5b30d67b80,G068fce7a3355df95,C352cb3017600a659252d,1,True,regression,regression,True,completed,completed,high,,,,,https://github.com/lapid92/openpi/blob/f631acc42573a5de5217cd57de4bf7c9b4bf8891/examples/rescue_characterization/results/e7537584d348/raw-shards/libero_plus-main-worker-3/part-0001.jsonl#L449,
new,rescue_characterization,libero_plus,libero_goal,open_the_top_drawer_and_put_the_bowl_inside,libero_plus:libero_goal:35,Background Textures,3,4009,28,26d08f7bcdc140e009a1d6edfd2de4471fb0377c25893edef749bc010eafd884,Gc5f8d3b8a84e1010,C353593c04d0b9f74b279,10,False,never_rescued,never_rescued,True,unclear,placement,low,not completed,placement,medium,,https://github.com/lapid92/openpi/blob/f631acc42573a5de5217cd57de4bf7c9b4bf8891/examples/rescue_characterization/results/e7537584d348/raw-shards/libero_plus-main-worker-1/part-0002.jsonl#L154,
new,rescue_characterization,libero_plus,libero_object,pick_up_the_butter_and_place_it_in_the_basket,libero_plus:libero_object:79,Background Textures,4,4003,22,24aa70a6bd3997132bdc43f6da7988f5e479050f67f47837a8ec4f5b30d67b80,G068fce7a3355df95,C35d3a6cafeb317734a1d,10,True,regression,regression,True,completed,completed,high,,,,,https://github.com/lapid92/openpi/blob/f631acc42573a5de5217cd57de4bf7c9b4bf8891/examples/rescue_characterization/results/e7537584d348/raw-shards/libero_plus-main-worker-3/part-0001.jsonl#L452,
new,rescue_characterization,libero,libero_object,pick_up_the_cream_cheese_and_place_it_in_the_basket,libero:libero_object:1,standard,0,3001,10,e3b4d6e00dbc914de585d0e085da98d21b262d8d43ef9fc8ec059cc68a8efdc8,Ge8d63611d2dc1534,C38cbeb0656839cce20a2,2,True,rescue,rescue,True,completed,completed,medium,,,,,https://github.com/lapid92/openpi/blob/f631acc42573a5de5217cd57de4bf7c9b4bf8891/examples/rescue_characterization/results/e7537584d348/raw-shards/libero-main-worker-3/part-0001.jsonl#L162,
new,rescue_characterization,libero,libero_10,LIVING_ROOM_SCENE6_put_the_white_mug_on_the_plate_and_put_the_chocolate_pudding_to_the_right_of_the_plate,libero:libero_10:6,standard,0,3014,23,c87b2c9c311c9b8bdc0839034d6206f784f9651c28f824ef14687c3e67755000,G97fbeee4b64e202c,C38f9649fbda157619f74,2,False,never_rescued,never_rescued,True,not completed,grasp,medium,,,,,https://github.com/lapid92/openpi/blob/f631acc42573a5de5217cd57de4bf7c9b4bf8891/examples/rescue_characterization/results/e7537584d348/raw-shards/libero-main-worker-0/part-0002.jsonl#L31,
new,rescue_characterization,libero,libero_10,KITCHEN_SCENE8_put_both_moka_pots_on_the_stove,libero:libero_10:8,standard,0,3004,13,b014292aff379f3a31351d630b9a03d4bb5477cdbf8ff90c24c7240296bc7d9d,Gc6677747c69f90c7,C3959dcaa240d1cb5b9b6,10,False,never_rescued,never_rescued,True,not completed,grasp,medium,,,,,https://github.com/lapid92/openpi/blob/f631acc42573a5de5217cd57de4bf7c9b4bf8891/examples/rescue_characterization/results/e7537584d348/raw-shards/libero-main-worker-2/part-0002.jsonl#L78,
new,rescue_characterization,libero,libero_10,LIVING_ROOM_SCENE2_put_both_the_alphabet_soup_and_the_tomato_sauce_in_the_basket,libero:libero_10:0,standard,0,3004,13,a5772da869875502626dac37ef4f7ecf06ed2ebd12624447bfe8436d42f2ce49,G9b7cd2b6e43c13e6,C3bd7aedeba584f2739dc,2,True,rescue,rescue,True,completed,completed,medium,,,,,https://github.com/lapid92/openpi/blob/f631acc42573a5de5217cd57de4bf7c9b4bf8891/examples/rescue_characterization/results/e7537584d348/raw-shards/libero-main-worker-2/part-0001.jsonl#L575,
new,rescue_characterization,libero_plus,libero_goal,put_the_bowl_on_the_stove,libero_plus:libero_goal:1146,Language Instructions,4,4003,22,fffac8ed81c52229fa9ebb3b0abd560eefde0616d8fcb299e897b48415d54075,Gc16b0a80c8bcd7c2,C3c18b220ed09aba34bef,10,False,rescue,rescue,True,not completed,placement,medium,,,,,https://github.com/lapid92/openpi/blob/f631acc42573a5de5217cd57de4bf7c9b4bf8891/examples/rescue_characterization/results/e7537584d348/raw-shards/libero_plus-main-worker-2/part-0002.jsonl#L280,
new,rescue_characterization,libero,libero_goal,put_the_cream_cheese_in_the_bowl,libero:libero_goal:6,standard,0,3020,29,af42106ae35adf1e32f857bbe96a0114ee9bf05a44ea0d1db0e3be7826af45a5,G84e72ba4b0ffc175,C406e1fc2c7ed8fa6de44,1,True,regression,regression,True,completed,completed,medium,,,,,https://github.com/lapid92/openpi/blob/f631acc42573a5de5217cd57de4bf7c9b4bf8891/examples/rescue_characterization/results/e7537584d348/raw-shards/libero-main-worker-2/part-0001.jsonl#L558,
new,rescue_characterization,libero,libero_spatial,pick_up_the_black_bowl_on_the_ramekin_and_place_it_on_the_plate,libero:libero_spatial:5,standard,0,3009,18,bae20d83cc8f5698c74606627590ca7a468ddfcefb40d2b14e88f856ead59dac,Gc0d0448d966ccda6,C418f43fb47ca05d2a276,10,False,regression,regression,True,unclear,placement,low,unclear,placement,low,,https://github.com/lapid92/openpi/blob/f631acc42573a5de5217cd57de4bf7c9b4bf8891/examples/rescue_characterization/results/e7537584d348/raw-shards/libero-main-worker-1/part-0001.jsonl#L116,
new,rescue_characterization,libero,libero_10,KITCHEN_SCENE8_put_both_moka_pots_on_the_stove,libero:libero_10:8,standard,0,3020,29,d1d1cd0e255e2de12d4912278f3036372e961f4ce6a99c3a1f20744aa5ea5dcb,G7e64e0ea203fe514,C43e76a060863fe269718,10,False,never_rescued,never_rescued,True,completed,completed,medium,,,,,https://github.com/lapid92/openpi/blob/f631acc42573a5de5217cd57de4bf7c9b4bf8891/examples/rescue_characterization/results/e7537584d348/raw-shards/libero-main-worker-2/part-0002.jsonl#L142,
new,rescue_characterization,libero_plus,libero_object,pick_up_the_cream_cheese_and_place_it_in_the_basket,libero_plus:libero_object:1068,Language Instructions,3,4005,24,b21a5fb673c5da42adc2bb8ae238cf4cfdd573e5930816e8d350499969de8346,G0d8027ba454a63be,C444a624b1a98ff08a09e,2,False,never_rescued,never_rescued,True,not completed,approach,medium,,,,,https://github.com/lapid92/openpi/blob/f631acc42573a5de5217cd57de4bf7c9b4bf8891/examples/rescue_characterization/results/e7537584d348/raw-shards/libero_plus-main-worker-1/part-0001.jsonl#L620,
new,rescue_characterization,libero_plus,libero_10,LIVING_ROOM_SCENE6_put_the_white_mug_on_the_plate_and_put_the_chocolate_pudding_to_the_right_of_the_plate,libero_plus:libero_10:2195,Objects Layout,4,4007,0,9146ffd124214f40ad3bac1b82b3420acf21e998054b06c0a1476e2f447d80ef,G1d15b5eba0cb618a,C44f940a313564fa14df1,1,False,rescue,rescue,True,unclear,unclear,low,not completed,placement,medium,,https://github.com/lapid92/openpi/blob/f631acc42573a5de5217cd57de4bf7c9b4bf8891/examples/rescue_characterization/results/e7537584d348/raw-shards/libero_plus-main-worker-1/part-0004.jsonl#L3,
new,rescue_characterization,libero_plus,libero_10,LIVING_ROOM_SCENE2_put_both_the_alphabet_soup_and_the_tomato_sauce_in_the_basket,libero_plus:libero_10:683,Camera Viewpoints,4,4006,25,0b82cd37e5548f177701291f9479c5d963a1488cbc29283b7b6d6d4ece5fab23,Gf1be2e4889d13d45,C4759d2cc147ed33d52c9,4,False,regression,regression,True,not completed,grasp,medium,,,,,https://github.com/lapid92/openpi/blob/f631acc42573a5de5217cd57de4bf7c9b4bf8891/examples/rescue_characterization/results/e7537584d348/raw-shards/libero_plus-main-worker-1/part-0003.jsonl#L111,
new,rescue_characterization,libero,libero_10,LIVING_ROOM_SCENE6_put_the_white_mug_on_the_plate_and_put_the_chocolate_pudding_to_the_right_of_the_plate,libero:libero_10:6,standard,0,3003,12,db9b505b50f800b326febca3c6525a1a8bf35bbb4b271cd661129a98f721bae0,G33d4c2cab778bf33,C4839e3189c0aba81dfbe,1,False,rescue,rescue,True,unclear,unclear,low,not completed,placement,medium,,https://github.com/lapid92/openpi/blob/f631acc42573a5de5217cd57de4bf7c9b4bf8891/examples/rescue_characterization/results/e7537584d348/raw-shards/libero-main-worker-0/part-0001.jsonl#L731,
new,rescue_characterization,libero_plus,libero_10,LIVING_ROOM_SCENE2_put_both_the_alphabet_soup_and_the_tomato_sauce_in_the_basket,libero_plus:libero_10:683,Camera Viewpoints,4,4006,25,0b82cd37e5548f177701291f9479c5d963a1488cbc29283b7b6d6d4ece5fab23,Gf1be2e4889d13d45,C4847637d065f5bce1437,10,True,regression,regression,True,completed,completed,medium,completed,completed,medium,,https://github.com/lapid92/openpi/blob/f631acc42573a5de5217cd57de4bf7c9b4bf8891/examples/rescue_characterization/results/e7537584d348/raw-shards/libero_plus-main-worker-1/part-0003.jsonl#L108,
new,rescue_characterization,libero,libero_10,KITCHEN_SCENE8_put_both_moka_pots_on_the_stove,libero:libero_10:8,standard,0,3020,29,d1d1cd0e255e2de12d4912278f3036372e961f4ce6a99c3a1f20744aa5ea5dcb,G7e64e0ea203fe514,C4883fc5bcb766d960719,1,False,never_rescued,never_rescued,True,completed,completed,medium,,,,,https://github.com/lapid92/openpi/blob/f631acc42573a5de5217cd57de4bf7c9b4bf8891/examples/rescue_characterization/results/e7537584d348/raw-shards/libero-main-worker-2/part-0002.jsonl#L143,
new,rescue_characterization,libero,libero_object,pick_up_the_chocolate_pudding_and_place_it_in_the_basket,libero:libero_object:8,standard,0,3014,23,a2881505537d9c6a6377802bd72eb62ed13c8b3be5617bf935569e4b84cbc686,Gaade50e2c017058d,C48ed6d285b1aaf13545e,4,True,rescue,rescue,True,completed,completed,high,,,,,https://github.com/lapid92/openpi/blob/f631acc42573a5de5217cd57de4bf7c9b4bf8891/examples/rescue_characterization/results/e7537584d348/raw-shards/libero-main-worker-2/part-0001.jsonl#L374,
new,rescue_characterization,libero,libero_spatial,pick_up_the_black_bowl_on_the_wooden_cabinet_and_place_it_on_the_plate,libero:libero_spatial:9,standard,0,3006,15,e5466b756c5f5583d1efe6408171fabdb6d57c076492841aaed2cf862bcb2086,G8492693c4ee4f492,C4919c124c38f292fff06,2,False,regression,regression,True,completed,completed,medium,,,,,https://github.com/lapid92/openpi/blob/f631acc42573a5de5217cd57de4bf7c9b4bf8891/examples/rescue_characterization/results/e7537584d348/raw-shards/libero-main-worker-1/part-0001.jsonl#L181,
new,rescue_characterization,libero,libero_object,pick_up_the_orange_juice_and_place_it_in_the_basket,libero:libero_object:9,standard,0,3013,22,5ec1690f6075baef1e91cb1ac27895f1265895c16e1ac4b2303806388d0040af,G014ef3e86286482d,C494bacde64e005337916,10,False,never_rescued,never_rescued,True,not completed,placement,medium,,,,,https://github.com/lapid92/openpi/blob/f631acc42573a5de5217cd57de4bf7c9b4bf8891/examples/rescue_characterization/results/e7537584d348/raw-shards/libero-main-worker-3/part-0001.jsonl#L372,
new,rescue_characterization,libero_plus,libero_goal,push_the_plate_to_the_front_of_the_stove,libero_plus:libero_goal:2419,Light Conditions,3,4003,22,096539e5493610da8217256ee9fd075986ad1a199919dcf3577046420669e9e0,G141d70e1ea74a360,C4a7eca1593f1829d7fe0,10,False,regression,regression,True,not completed,manipulation,medium,,,,,https://github.com/lapid92/openpi/blob/f631acc42573a5de5217cd57de4bf7c9b4bf8891/examples/rescue_characterization/results/e7537584d348/raw-shards/libero_plus-main-worker-2/part-0002.jsonl#L440,
new,rescue_characterization,libero_plus,libero_goal,open_the_middle_drawer_of_the_cabinet,libero_plus:libero_goal:286,Robot Initial States,3,4005,24,3bb4aa58c04fb9b1f6f5ae13ce05548f71b7b34e185c827b54e0aa4b5e8a06f3,G1eb5795994708a8b,C4ad67fde7962ff97214a,1,False,never_rescued,never_rescued,True,not completed,grasp,medium,,,,,https://github.com/lapid92/openpi/blob/f631acc42573a5de5217cd57de4bf7c9b4bf8891/examples/rescue_characterization/results/e7537584d348/raw-shards/libero_plus-main-worker-2/part-0002.jsonl#L127,
new,rescue_characterization,libero_plus,libero_spatial,pick_up_the_black_bowl_on_the_ramekin_and_place_it_on_the_plate,libero_plus:libero_spatial:791,Camera Viewpoints,4,4007,26,641c9a051b6e04f34c64fbdfa8f3a9f26f1a88d2f0bd175c75f9e0065ae40258,G0bb9314041164df1,C4be171c237b577ca804b,4,True,regression,regression,True,completed,completed,medium,,,,,https://github.com/lapid92/openpi/blob/f631acc42573a5de5217cd57de4bf7c9b4bf8891/examples/rescue_characterization/results/e7537584d348/raw-shards/libero_plus-main-worker-0/part-0001.jsonl#L185,
new,rescue_characterization,libero_plus,libero_spatial,pick_up_the_black_bowl_on_the_cookie_box_and_place_it_on_the_plate,libero_plus:libero_spatial:734,Camera Viewpoints,3,4005,24,8f2f7a03f736dbd1696f28b14a1f1ab8e06fef15a4be7ae925d975605c086b68,G11922684633c5bf1,C4c6d80fe30268d2249a1,2,True,rescue,rescue,True,completed,completed,medium,,,,,https://github.com/lapid92/openpi/blob/f631acc42573a5de5217cd57de4bf7c9b4bf8891/examples/rescue_characterization/results/e7537584d348/raw-shards/libero_plus-main-worker-1/part-0001.jsonl#L140,
new,rescue_characterization,libero_plus,libero_object,pick_up_the_cream_cheese_and_place_it_in_the_basket,libero_plus:libero_object:1068,Language Instructions,3,4007,26,f2271d8d57cfb1259db4f6d01786835c8813004c52a00c4364bf1dbe166947bb,Gea62804a145758a7,C4c762c87ca3da7938752,1,False,never_rescued,never_rescued,True,not completed,grasp,medium,,,,,https://github.com/lapid92/openpi/blob/f631acc42573a5de5217cd57de4bf7c9b4bf8891/examples/rescue_characterization/results/e7537584d348/raw-shards/libero_plus-main-worker-1/part-0001.jsonl#L625,
new,rescue_characterization,libero,libero_goal,open_the_middle_drawer_of_the_cabinet,libero:libero_goal:0,standard,0,3008,17,bf0666561721667a896c8bd8eef55851c579c71a73c7c0a31ff11ceef0e5a882,G3fba0db55f61a0e3,C4ee42041eed9ae103c8e,1,False,rescue,rescue,True,completed,completed,medium,,,,,https://github.com/lapid92/openpi/blob/f631acc42573a5de5217cd57de4bf7c9b4bf8891/examples/rescue_characterization/results/e7537584d348/raw-shards/libero-main-worker-0/part-0001.jsonl#L430,
new,rescue_characterization,libero_plus,libero_object,pick_up_the_cream_cheese_and_place_it_in_the_basket,libero_plus:libero_object:1068,Language Instructions,3,4001,20,e435701fa327fbd9a87d6e6501fde3429e231547efcf69615b2241e5a707e206,G445fe9cd07f4db2e,C50411a57629386836d90,4,False,never_rescued,never_rescued,True,not completed,approach,high,,,,,https://github.com/lapid92/openpi/blob/f631acc42573a5de5217cd57de4bf7c9b4bf8891/examples/rescue_characterization/results/e7537584d348/raw-shards/libero_plus-main-worker-1/part-0001.jsonl#L601,
new,rescue_characterization,libero_plus,libero_10,LIVING_ROOM_SCENE6_put_the_white_mug_on_the_plate_and_put_the_chocolate_pudding_to_the_right_of_the_plate,libero_plus:libero_10:2195,Objects Layout,4,4007,0,9146ffd124214f40ad3bac1b82b3420acf21e998054b06c0a1476e2f447d80ef,G1d15b5eba0cb618a,C51031807cdbe536903b3,4,True,rescue,rescue,True,completed,completed,medium,,,,,https://github.com/lapid92/openpi/blob/f631acc42573a5de5217cd57de4bf7c9b4bf8891/examples/rescue_characterization/results/e7537584d348/raw-shards/libero_plus-main-worker-1/part-0004.jsonl#L5,
new,rescue_characterization,libero_plus,libero_10,LIVING_ROOM_SCENE2_put_both_the_cream_cheese_box_and_the_butter_in_the_basket,libero_plus:libero_10:345,Robot Initial States,3,4008,27,69fd00355a6a837e41d4c04821e03a55d5d12b7e5aeeed92bf29324d96ee3eaf,G337d80c1daa69be4,C515b4b9e7522b7c84a67,2,False,never_rescued,never_rescued,True,not completed,grasp,medium,,,,,https://github.com/lapid92/openpi/blob/f631acc42573a5de5217cd57de4bf7c9b4bf8891/examples/rescue_characterization/results/e7537584d348/raw-shards/libero_plus-main-worker-1/part-0003.jsonl#L36,
new,rescue_characterization,libero_plus,libero_goal,open_the_top_drawer_and_put_the_bowl_inside,libero_plus:libero_goal:785,Camera Viewpoints,3,4009,28,26d08f7bcdc140e009a1d6edfd2de4471fb0377c25893edef749bc010eafd884,G7cf75393d47fd9d6,C52ed6bd8ab7de1d9a37e,4,False,never_rescued,never_rescued,True,unclear,placement,low,not completed,placement,medium,,https://github.com/lapid92/openpi/blob/f631acc42573a5de5217cd57de4bf7c9b4bf8891/examples/rescue_characterization/results/e7537584d348/raw-shards/libero_plus-main-worker-2/part-0002.jsonl#L225,
new,rescue_characterization,libero_plus,libero_10,LIVING_ROOM_SCENE2_put_both_the_cream_cheese_box_and_the_butter_in_the_basket,libero_plus:libero_10:1150,Language Instructions,3,4003,22,532200c92d74b65c8986ca5b3f668d9e79da78fa9313362e644d8dfc60a2fa2b,G2e7cadeb53e42234,C541972bec8b849244ba9,4,True,regression,regression,True,completed,completed,high,,,,,https://github.com/lapid92/openpi/blob/f631acc42573a5de5217cd57de4bf7c9b4bf8891/examples/rescue_characterization/results/e7537584d348/raw-shards/libero_plus-main-worker-1/part-0003.jsonl#L138,
new,rescue_characterization,libero_plus,libero_object,pick_up_the_butter_and_place_it_in_the_basket,libero_plus:libero_object:79,Background Textures,4,4003,22,24aa70a6bd3997132bdc43f6da7988f5e479050f67f47837a8ec4f5b30d67b80,G068fce7a3355df95,C546e1bc6475fe2f45efe,4,False,regression,regression,True,not completed,placement,medium,,,,,https://github.com/lapid92/openpi/blob/f631acc42573a5de5217cd57de4bf7c9b4bf8891/examples/rescue_characterization/results/e7537584d348/raw-shards/libero_plus-main-worker-3/part-0001.jsonl#L451,
new,rescue_characterization,libero,libero_goal,put_the_wine_bottle_on_the_rack,libero:libero_goal:9,standard,0,3019,28,a4654bde320296ce87dca8f769f40c9d38ae2180e8c318c162aad862abe1caa3,Ge47ac602ef37a4dc,C54943ab11ff6678e98a7,1,True,regression,regression,True,completed,completed,high,,,,,https://github.com/lapid92/openpi/blob/f631acc42573a5de5217cd57de4bf7c9b4bf8891/examples/rescue_characterization/results/e7537584d348/raw-shards/libero-main-worker-1/part-0001.jsonl#L635,
new,rescue_characterization,libero,libero_spatial,pick_up_the_black_bowl_on_the_cookie_box_and_place_it_on_the_plate,libero:libero_spatial:3,standard,0,3020,29,d1bdda12ba47e7f29beb1a6ba20b3804d2391e26dc962bc84c01bbdcf71f3a6b,Ge72b1b6e450afd16,C5690e3a3e0d28300291c,10,False,regression,regression,True,not completed,placement,high,,,,,https://github.com/lapid92/openpi/blob/f631acc42573a5de5217cd57de4bf7c9b4bf8891/examples/rescue_characterization/results/e7537584d348/raw-shards/libero-main-worker-3/part-0001.jsonl#L77,
new,rescue_characterization,libero_plus,libero_object,pick_up_the_cream_cheese_and_place_it_in_the_basket,libero_plus:libero_object:1068,Language Instructions,3,4009,28,d8a515bd91c4cf8648699feacd05ae871d6f308ff23ea4754538fd6403e662ac,Gd1e9120f5fb8cda4,C5925dd20cb99ffb709ad,1,True,regression,regression,True,completed,completed,high,,,,,https://github.com/lapid92/openpi/blob/f631acc42573a5de5217cd57de4bf7c9b4bf8891/examples/rescue_characterization/results/e7537584d348/raw-shards/libero_plus-main-worker-1/part-0001.jsonl#L635,
new,rescue_characterization,libero,libero_10,KITCHEN_SCENE8_put_both_moka_pots_on_the_stove,libero:libero_10:8,standard,0,3004,13,b014292aff379f3a31351d630b9a03d4bb5477cdbf8ff90c24c7240296bc7d9d,Gc6677747c69f90c7,C59ca1c3167af2b2b3d0b,1,False,never_rescued,never_rescued,True,not completed,grasp,medium,,,,,https://github.com/lapid92/openpi/blob/f631acc42573a5de5217cd57de4bf7c9b4bf8891/examples/rescue_characterization/results/e7537584d348/raw-shards/libero-main-worker-2/part-0002.jsonl#L79,
new,rescue_characterization,libero,libero_goal,put_the_wine_bottle_on_top_of_the_cabinet,libero:libero_goal:2,standard,0,3008,17,581b1ac309f5726f02a04b29d09240b5f2b7610f685cfdf6f1065057970440aa,G800335dfe9ed6082,C5b01e854d990fdcb590e,10,False,rescue,rescue,True,not completed,grasp,high,,,,,https://github.com/lapid92/openpi/blob/f631acc42573a5de5217cd57de4bf7c9b4bf8891/examples/rescue_characterization/results/e7537584d348/raw-shards/libero-main-worker-2/part-0001.jsonl#L429,
new,rescue_characterization,libero,libero_10,KITCHEN_SCENE8_put_both_moka_pots_on_the_stove,libero:libero_10:8,standard,0,3012,21,9e42025b1cce5338ad9ea19dc8b5748cf4677ad65e951914b3dd9991b3055b63,Gada064ba4e3d5c9a,C5b4e9886937a6b19226b,1,False,never_rescued,never_rescued,True,not completed,grasp,medium,not completed,grasp,high,,https://github.com/lapid92/openpi/blob/f631acc42573a5de5217cd57de4bf7c9b4bf8891/examples/rescue_characterization/results/e7537584d348/raw-shards/libero-main-worker-2/part-0002.jsonl#L111,
new,rescue_characterization,libero,libero_goal,put_the_wine_bottle_on_the_rack,libero:libero_goal:9,standard,0,3006,15,9c44d7ab9f4bbab434c9688c73511fd91f5c5929515b82af91e9ad57b86413eb,G23edfcdde3b39a23,C5ba2b0c2b7331a4ac7b5,4,True,rescue,rescue,True,completed,completed,medium,,,,,https://github.com/lapid92/openpi/blob/f631acc42573a5de5217cd57de4bf7c9b4bf8891/examples/rescue_characterization/results/e7537584d348/raw-shards/libero-main-worker-1/part-0001.jsonl#L582,
new,rescue_characterization,libero,libero_10,LIVING_ROOM_SCENE5_put_the_white_mug_on_the_left_plate_and_put_the_yellow_and_white_mug_on_the_right_plate,libero:libero_10:4,standard,0,3010,19,cab25360bce4cdcbd230316d1d8ce1142c95303b9120ca48dd4c6c731ebaba99,G881f7de5c4612fc6,C5f8d5eec3b71e35d68eb,4,True,rescue,rescue,True,completed,completed,medium,,,,,https://github.com/lapid92/openpi/blob/f631acc42573a5de5217cd57de4bf7c9b4bf8891/examples/rescue_characterization/results/e7537584d348/raw-shards/libero-main-worker-2/part-0002.jsonl#L23,
new,rescue_characterization,libero,libero_object,pick_up_the_cream_cheese_and_place_it_in_the_basket,libero:libero_object:1,standard,0,3001,10,e3b4d6e00dbc914de585d0e085da98d21b262d8d43ef9fc8ec059cc68a8efdc8,Ge8d63611d2dc1534,C5ffc4ac481b39cd2654b,4,True,rescue,rescue,True,completed,completed,high,,,,,https://github.com/lapid92/openpi/blob/f631acc42573a5de5217cd57de4bf7c9b4bf8891/examples/rescue_characterization/results/e7537584d348/raw-shards/libero-main-worker-3/part-0001.jsonl#L163,
new,rescue_characterization,libero_plus,libero_object,pick_up_the_cream_cheese_and_place_it_in_the_basket,libero_plus:libero_object:1068,Language Instructions,3,4007,26,f2271d8d57cfb1259db4f6d01786835c8813004c52a00c4364bf1dbe166947bb,Gea62804a145758a7,C6217bce0d2e93de15f5c,10,False,never_rescued,never_rescued,True,not completed,grasp,medium,,,,,https://github.com/lapid92/openpi/blob/f631acc42573a5de5217cd57de4bf7c9b4bf8891/examples/rescue_characterization/results/e7537584d348/raw-shards/libero_plus-main-worker-1/part-0001.jsonl#L628,
new,rescue_characterization,libero,libero_10,STUDY_SCENE1_pick_up_the_book_and_place_it_in_the_back_compartment_of_the_caddy,libero:libero_10:5,standard,0,3019,28,04eaeaba22c6519f38e035529d256a8c78ed170e0aeb1a0cb57a1c3b8528158d,G36f14bc550238327,C6237597ad9c2983d67dd,1,False,never_rescued,never_rescued,True,not completed,approach,high,,,,,https://github.com/lapid92/openpi/blob/f631acc42573a5de5217cd57de4bf7c9b4bf8891/examples/rescue_characterization/results/e7537584d348/raw-shards/libero-main-worker-3/part-0002.jsonl#L55,
new,rescue_characterization,libero_plus,libero_goal,open_the_middle_drawer_of_the_cabinet,libero_plus:libero_goal:286,Robot Initial States,3,4008,27,8113baea563328e37e51e31d01930886e76c1c6324a38ea06ccfdb1b5f1f6764,Gbc05c37d1848b629,C6404f5a08cf6bbde17d5,1,False,rescue,rescue,True,not completed,grasp,medium,,,,,https://github.com/lapid92/openpi/blob/f631acc42573a5de5217cd57de4bf7c9b4bf8891/examples/rescue_characterization/results/e7537584d348/raw-shards/libero_plus-main-worker-2/part-0002.jsonl#L140,
new,rescue_characterization,libero,libero_10,LIVING_ROOM_SCENE2_put_both_the_cream_cheese_box_and_the_butter_in_the_basket,libero:libero_10:1,standard,0,3016,25,0ca2314972a41b72dba008c7cd449afc1187f9410a9da7a661b7a1aa4b486e77,Gd4c2ee67ce6d5483,C640fdfd867fe25f7eaa9,4,True,rescue,rescue,True,completed,completed,medium,,,,,https://github.com/lapid92/openpi/blob/f631acc42573a5de5217cd57de4bf7c9b4bf8891/examples/rescue_characterization/results/e7537584d348/raw-shards/libero-main-worker-3/part-0001.jsonl#L624,
new,rescue_characterization,libero,libero_goal,push_the_plate_to_the_front_of_the_stove,libero:libero_goal:5,standard,0,3013,22,096539e5493610da8217256ee9fd075986ad1a199919dcf3577046420669e9e0,G2a128a6fe4fbf4e8,C64378158e01828196b14,1,True,regression,regression,True,completed,completed,medium,completed,completed,high,,https://github.com/lapid92/openpi/blob/f631acc42573a5de5217cd57de4bf7c9b4bf8891/examples/rescue_characterization/results/e7537584d348/raw-shards/libero-main-worker-1/part-0001.jsonl#L529,
new,rescue_characterization,libero_plus,libero_spatial,pick_up_the_black_bowl_from_table_center_and_place_it_on_the_plate,libero_plus:libero_spatial:1461,Sensor Noise,4,4009,28,d342a333056d9f2b9db652157baeaa6b9c00e3d4b45ff819a1d3ead89d4c2848,G624b1639e11d89a2,C65f9fe0b830e31005c03,4,True,rescue,rescue,True,completed,completed,medium,,,,,https://github.com/lapid92/openpi/blob/f631acc42573a5de5217cd57de4bf7c9b4bf8891/examples/rescue_characterization/results/e7537584d348/raw-shards/libero_plus-main-worker-1/part-0001.jsonl#L313,
new,rescue_characterization,libero,libero_goal,put_the_bowl_on_the_stove,libero:libero_goal:1,standard,0,3018,27,c7e749eae4161f8c357fb1a40c8cfceb7e28367bab0864691bd79d8a40db110e,G6fd11df76811bb3a,C67493fc227b411b71513,2,True,rescue,rescue,True,completed,completed,high,,,,,https://github.com/lapid92/openpi/blob/f631acc42573a5de5217cd57de4bf7c9b4bf8891/examples/rescue_characterization/results/e7537584d348/raw-shards/libero-main-worker-1/part-0001.jsonl#L469,
new,rescue_characterization,libero_plus,libero_goal,put_the_bowl_on_the_stove,libero_plus:libero_goal:1146,Language Instructions,4,4003,22,fffac8ed81c52229fa9ebb3b0abd560eefde0616d8fcb299e897b48415d54075,Gc16b0a80c8bcd7c2,C6763369ecfb239562ceb,1,False,rescue,rescue,True,not completed,grasp,medium,,,,,https://github.com/lapid92/openpi/blob/f631acc42573a5de5217cd57de4bf7c9b4bf8891/examples/rescue_characterization/results/e7537584d348/raw-shards/libero_plus-main-worker-2/part-0002.jsonl#L281,
new,rescue_characterization,libero_plus,libero_goal,open_the_top_drawer_and_put_the_bowl_inside,libero_plus:libero_goal:785,Camera Viewpoints,3,4002,21,06d00b1c7213aac2f1d397f89b984569390d951f8f45cf2a1fabc0858ebaf3e3,G737f6da6af5c8890,C67cbd15ca579a0660828,2,True,rescue,rescue,True,completed,completed,medium,,,,,https://github.com/lapid92/openpi/blob/f631acc42573a5de5217cd57de4bf7c9b4bf8891/examples/rescue_characterization/results/e7537584d348/raw-shards/libero_plus-main-worker-2/part-0002.jsonl#L195,
new,rescue_characterization,libero,libero_10,LIVING_ROOM_SCENE1_put_both_the_alphabet_soup_and_the_cream_cheese_box_in_the_basket,libero:libero_10:7,standard,0,3006,15,6706f32529b15f587b257a7f83e9f9dee157264afdee7edc73777e0358f97679,Ge032776e112124b9,C6832861c0fae8b99c52a,4,True,rescue,rescue,True,completed,completed,high,,,,,https://github.com/lapid92/openpi/blob/f631acc42573a5de5217cd57de4bf7c9b4bf8891/examples/rescue_characterization/results/e7537584d348/raw-shards/libero-main-worker-1/part-0002.jsonl#L28,
new,rescue_characterization,libero,libero_spatial,pick_up_the_black_bowl_on_the_stove_and_place_it_on_the_plate,libero:libero_spatial:7,standard,0,3008,17,dfefa2e8fbfa660e7ad3f9fe8abfc5f0334de73d23101a02f4832a3e88b399f7,G554ac75b0b46e78d,C68914c091441e8d31109,2,True,regression,regression,True,completed,completed,medium,,,,,https://github.com/lapid92/openpi/blob/f631acc42573a5de5217cd57de4bf7c9b4bf8891/examples/rescue_characterization/results/e7537584d348/raw-shards/libero-main-worker-3/part-0001.jsonl#L111,
new,rescue_characterization,libero_plus,libero_10,LIVING_ROOM_SCENE2_put_both_the_cream_cheese_box_and_the_butter_in_the_basket,libero_plus:libero_10:345,Robot Initial States,3,4007,26,3eebd94a23ba0a8cc59fa852fea4b940816911670d50b7bfd357c3ba655a2f78,Gbdac1560b49a07e4,C68b9c204aeedfec243fd,10,False,never_rescued,never_rescued,True,not completed,grasp,medium,,,,,https://github.com/lapid92/openpi/blob/f631acc42573a5de5217cd57de4bf7c9b4bf8891/examples/rescue_characterization/results/e7537584d348/raw-shards/libero_plus-main-worker-1/part-0003.jsonl#L35,
new,rescue_characterization,libero_plus,libero_goal,open_the_top_drawer_and_put_the_bowl_inside,libero_plus:libero_goal:785,Camera Viewpoints,3,4002,21,06d00b1c7213aac2f1d397f89b984569390d951f8f45cf2a1fabc0858ebaf3e3,G737f6da6af5c8890,C68d1fd6c1460177517a0,4,False,rescue,rescue,True,unclear,placement,low,unclear,unclear,low,,https://github.com/lapid92/openpi/blob/f631acc42573a5de5217cd57de4bf7c9b4bf8891/examples/rescue_characterization/results/e7537584d348/raw-shards/libero_plus-main-worker-2/part-0002.jsonl#L196,
new,rescue_characterization,libero_plus,libero_spatial,pick_up_the_black_bowl_on_the_cookie_box_and_place_it_on_the_plate,libero_plus:libero_spatial:734,Camera Viewpoints,3,4004,23,fa88150e97cd146fb482f33b8d99e6245ce3aa11a19719053a2de455235dc62d,Ge3abe279b1c13f63,C693854b52e05648305e2,4,True,regression,regression,True,completed,completed,medium,,,,,https://github.com/lapid92/openpi/blob/f631acc42573a5de5217cd57de4bf7c9b4bf8891/examples/rescue_characterization/results/e7537584d348/raw-shards/libero_plus-main-worker-1/part-0001.jsonl#L134,
new,rescue_characterization,libero,libero_10,STUDY_SCENE1_pick_up_the_book_and_place_it_in_the_back_compartment_of_the_caddy,libero:libero_10:5,standard,0,3009,18,375083ca6c9ac0148a8821ed2b9cf5aedd191661dc54707967e67f777bc0e3ba,Gb4f4b6fe698a58f7,C69ea382475d52d648c72,10,False,never_rescued,never_rescued,True,not completed,unclear,low,not completed,unclear,low,,https://github.com/lapid92/openpi/blob/f631acc42573a5de5217cd57de4bf7c9b4bf8891/examples/rescue_characterization/results/e7537584d348/raw-shards/libero-main-worker-3/part-0002.jsonl#L16,
new,rescue_characterization,libero,libero_10,LIVING_ROOM_SCENE5_put_the_white_mug_on_the_left_plate_and_put_the_yellow_and_white_mug_on_the_right_plate,libero:libero_10:4,standard,0,3010,19,cab25360bce4cdcbd230316d1d8ce1142c95303b9120ca48dd4c6c731ebaba99,G881f7de5c4612fc6,C6a390c19b8861c659c5a,2,True,rescue,rescue,True,completed,completed,medium,,,,,https://github.com/lapid92/openpi/blob/f631acc42573a5de5217cd57de4bf7c9b4bf8891/examples/rescue_characterization/results/e7537584d348/raw-shards/libero-main-worker-2/part-0002.jsonl#L22,
new,rescue_characterization,libero,libero_goal,open_the_top_drawer_and_put_the_bowl_inside,libero:libero_goal:3,standard,0,3007,16,4dcbb1c43e33950e78dcc45ab958ee2f15ed0590608a1addc1c99aa3ddafe861,Gb4b40bd986d07706,C6b245a8d9e0644ae53ca,2,False,regression,regression,True,not completed,grasp,medium,not completed,unclear,low,,https://github.com/lapid92/openpi/blob/f631acc42573a5de5217cd57de4bf7c9b4bf8891/examples/rescue_characterization/results/e7537584d348/raw-shards/libero-main-worker-3/part-0001.jsonl#L428,
new,rescue_characterization,libero_plus,libero_10,LIVING_ROOM_SCENE2_put_both_the_alphabet_soup_and_the_tomato_sauce_in_the_basket,libero_plus:libero_10:691,Camera Viewpoints,3,4008,27,052ceb133943bb3c17a6949a83c15b7afba97698bf8d8754cf64b63181d927e2,Gf9f9b0f1ce88c73f,C6b29182d2174413c8caa,1,False,rescue,rescue,True,not completed,grasp,high,,,,,https://github.com/lapid92/openpi/blob/f631acc42573a5de5217cd57de4bf7c9b4bf8891/examples/rescue_characterization/results/e7537584d348/raw-shards/libero_plus-main-worker-2/part-0003.jsonl#L73,
new,rescue_characterization,libero_plus,libero_spatial,pick_up_the_black_bowl_on_the_stove_and_place_it_on_the_plate,libero_plus:libero_spatial:873,Camera Viewpoints,4,4006,25,2b579b50672d9baf9acae29e1feddfd03c89f2cb03bfe5d84a8bb0014f423fa1,Ge2ba69987337c526,C6d7f671c3881b2b9fd00,1,False,rescue,rescue,True,unclear,placement,low,unclear,placement,low,,https://github.com/lapid92/openpi/blob/f631acc42573a5de5217cd57de4bf7c9b4bf8891/examples/rescue_characterization/results/e7537584d348/raw-shards/libero_plus-main-worker-1/part-0001.jsonl#L182,
new,rescue_characterization,libero,libero_10,LIVING_ROOM_SCENE2_put_both_the_alphabet_soup_and_the_tomato_sauce_in_the_basket,libero:libero_10:0,standard,0,3004,13,a5772da869875502626dac37ef4f7ecf06ed2ebd12624447bfe8436d42f2ce49,G9b7cd2b6e43c13e6,C6e27fdf15b53bdcc5a8a,10,True,rescue,rescue,True,completed,completed,medium,completed,completed,high,,https://github.com/lapid92/openpi/blob/f631acc42573a5de5217cd57de4bf7c9b4bf8891/examples/rescue_characterization/results/e7537584d348/raw-shards/libero-main-worker-2/part-0001.jsonl#L573,
new,rescue_characterization,libero,libero_10,LIVING_ROOM_SCENE6_put_the_white_mug_on_the_plate_and_put_the_chocolate_pudding_to_the_right_of_the_plate,libero:libero_10:6,standard,0,3003,12,db9b505b50f800b326febca3c6525a1a8bf35bbb4b271cd661129a98f721bae0,G33d4c2cab778bf33,C6e9d770e9f0f31ccfd45,10,True,rescue,rescue,True,completed,completed,medium,,,,,https://github.com/lapid92/openpi/blob/f631acc42573a5de5217cd57de4bf7c9b4bf8891/examples/rescue_characterization/results/e7537584d348/raw-shards/libero-main-worker-0/part-0001.jsonl#L730,
new,rescue_characterization,libero,libero_spatial,pick_up_the_black_bowl_on_the_stove_and_place_it_on_the_plate,libero:libero_spatial:7,standard,0,3008,17,dfefa2e8fbfa660e7ad3f9fe8abfc5f0334de73d23101a02f4832a3e88b399f7,G554ac75b0b46e78d,C6ed8cc4436d15008d5f1,10,True,regression,regression,True,completed,completed,medium,completed,completed,medium,,https://github.com/lapid92/openpi/blob/f631acc42573a5de5217cd57de4bf7c9b4bf8891/examples/rescue_characterization/results/e7537584d348/raw-shards/libero-main-worker-3/part-0001.jsonl#L109,
new,rescue_characterization,libero,libero_goal,put_the_bowl_on_the_stove,libero:libero_goal:1,standard,0,3018,27,c7e749eae4161f8c357fb1a40c8cfceb7e28367bab0864691bd79d8a40db110e,G6fd11df76811bb3a,C706e749549466b832a10,1,False,rescue,rescue,True,not completed,grasp,high,,,,,https://github.com/lapid92/openpi/blob/f631acc42573a5de5217cd57de4bf7c9b4bf8891/examples/rescue_characterization/results/e7537584d348/raw-shards/libero-main-worker-1/part-0001.jsonl#L472,
new,rescue_characterization,libero_plus,libero_10,LIVING_ROOM_SCENE6_put_the_white_mug_on_the_plate_and_put_the_chocolate_pudding_to_the_right_of_the_plate,libero_plus:libero_10:2195,Objects Layout,4,4007,0,9146ffd124214f40ad3bac1b82b3420acf21e998054b06c0a1476e2f447d80ef,G1d15b5eba0cb618a,C7234b07461140f63efd1,10,True,rescue,rescue,True,completed,completed,medium,,,,,https://github.com/lapid92/openpi/blob/f631acc42573a5de5217cd57de4bf7c9b4bf8891/examples/rescue_characterization/results/e7537584d348/raw-shards/libero_plus-main-worker-1/part-0004.jsonl#L6,
new,rescue_characterization,libero,libero_object,pick_up_the_orange_juice_and_place_it_in_the_basket,libero:libero_object:9,standard,0,3013,22,5ec1690f6075baef1e91cb1ac27895f1265895c16e1ac4b2303806388d0040af,G014ef3e86286482d,C729bd63b0c1bcf796e29,4,False,never_rescued,never_rescued,True,not completed,placement,medium,completed,completed,medium,unclear,https://github.com/lapid92/openpi/blob/f631acc42573a5de5217cd57de4bf7c9b4bf8891/examples/rescue_characterization/results/e7537584d348/raw-shards/libero-main-worker-3/part-0001.jsonl#L371,
new,rescue_characterization,libero_plus,libero_10,LIVING_ROOM_SCENE2_put_both_the_cream_cheese_box_and_the_butter_in_the_basket,libero_plus:libero_10:340,Robot Initial States,4,4002,21,73f30734a195d8fb9c51e30d6c2bc3af8073a3cfce4ab902b32f22ee1e533309,G40951377b4a94fea,C735616a62faf407ed3d2,1,False,never_rescued,never_rescued,True,not completed,approach,medium,,,,,https://github.com/lapid92/openpi/blob/f631acc42573a5de5217cd57de4bf7c9b4bf8891/examples/rescue_characterization/results/e7537584d348/raw-shards/libero_plus-main-worker-0/part-0003.jsonl#L45,
new,rescue_characterization,libero,libero_spatial,pick_up_the_black_bowl_on_the_wooden_cabinet_and_place_it_on_the_plate,libero:libero_spatial:9,standard,0,3006,15,e5466b756c5f5583d1efe6408171fabdb6d57c076492841aaed2cf862bcb2086,G8492693c4ee4f492,C741e6a069102af66f77d,4,True,regression,regression,True,completed,completed,medium,,,,,https://github.com/lapid92/openpi/blob/f631acc42573a5de5217cd57de4bf7c9b4bf8891/examples/rescue_characterization/results/e7537584d348/raw-shards/libero-main-worker-1/part-0001.jsonl#L182,
new,rescue_characterization,libero_plus,libero_goal,open_the_top_drawer_and_put_the_bowl_inside,libero_plus:libero_goal:35,Background Textures,3,4002,21,06d00b1c7213aac2f1d397f89b984569390d951f8f45cf2a1fabc0858ebaf3e3,Ge041abb97d04c2ec,C7440ddf4d98c7872c6d8,1,True,regression,regression,True,completed,completed,high,,,,,https://github.com/lapid92/openpi/blob/f631acc42573a5de5217cd57de4bf7c9b4bf8891/examples/rescue_characterization/results/e7537584d348/raw-shards/libero_plus-main-worker-1/part-0002.jsonl#L126,
new,rescue_characterization,libero,libero_object,pick_up_the_orange_juice_and_place_it_in_the_basket,libero:libero_object:9,standard,0,3013,22,5ec1690f6075baef1e91cb1ac27895f1265895c16e1ac4b2303806388d0040af,G014ef3e86286482d,C74b7cf9c56f9aeadba51,1,False,never_rescued,never_rescued,True,not completed,placement,medium,,,,,https://github.com/lapid92/openpi/blob/f631acc42573a5de5217cd57de4bf7c9b4bf8891/examples/rescue_characterization/results/e7537584d348/raw-shards/libero-main-worker-3/part-0001.jsonl#L369,
new,rescue_characterization,libero,libero_10,LIVING_ROOM_SCENE5_put_the_white_mug_on_the_left_plate_and_put_the_yellow_and_white_mug_on_the_right_plate,libero:libero_10:4,standard,0,3010,19,cab25360bce4cdcbd230316d1d8ce1142c95303b9120ca48dd4c6c731ebaba99,G881f7de5c4612fc6,C74df75eeaf22693f518e,1,False,rescue,rescue,True,not completed,placement,high,,,,,https://github.com/lapid92/openpi/blob/f631acc42573a5de5217cd57de4bf7c9b4bf8891/examples/rescue_characterization/results/e7537584d348/raw-shards/libero-main-worker-2/part-0002.jsonl#L25,
new,rescue_characterization,libero_plus,libero_goal,push_the_plate_to_the_front_of_the_stove,libero_plus:libero_goal:75,Background Textures,3,4010,29,75fd3dfabd694bb79077b248e1ee74be784d2cf52e1490b0c01627940e45e5de,Gdffaa541f7a0c869,C757cfc2d5d94b0714afd,1,False,never_rescued,never_rescued,True,unclear,manipulation,low,not completed,manipulation,medium,,https://github.com/lapid92/openpi/blob/f631acc42573a5de5217cd57de4bf7c9b4bf8891/examples/rescue_characterization/results/e7537584d348/raw-shards/libero_plus-main-worker-2/part-0002.jsonl#L110,
new,rescue_characterization,libero,libero_object,pick_up_the_chocolate_pudding_and_place_it_in_the_basket,libero:libero_object:8,standard,0,3014,23,a2881505537d9c6a6377802bd72eb62ed13c8b3be5617bf935569e4b84cbc686,Gaade50e2c017058d,C759d9691d9583f396418,1,False,rescue,rescue,True,not completed,placement,high,not completed,placement,medium,,https://github.com/lapid92/openpi/blob/f631acc42573a5de5217cd57de4bf7c9b4bf8891/examples/rescue_characterization/results/e7537584d348/raw-shards/libero-main-worker-2/part-0001.jsonl#L376,
new,rescue_characterization,libero,libero_10,LIVING_ROOM_SCENE2_put_both_the_cream_cheese_box_and_the_butter_in_the_basket,libero:libero_10:1,standard,0,3016,25,0ca2314972a41b72dba008c7cd449afc1187f9410a9da7a661b7a1aa4b486e77,Gd4c2ee67ce6d5483,C75a31980686cf0ff035d,10,False,rescue,rescue,True,unclear,placement,low,completed,completed,medium,,https://github.com/lapid92/openpi/blob/f631acc42573a5de5217cd57de4bf7c9b4bf8891/examples/rescue_characterization/results/e7537584d348/raw-shards/libero-main-worker-3/part-0001.jsonl#L621,
new,rescue_characterization,libero_plus,libero_spatial,pick_up_the_black_bowl_on_the_ramekin_and_place_it_on_the_plate,libero_plus:libero_spatial:791,Camera Viewpoints,4,4007,26,641c9a051b6e04f34c64fbdfa8f3a9f26f1a88d2f0bd175c75f9e0065ae40258,G0bb9314041164df1,C77917f6c387835e4d773,10,False,regression,regression,True,unclear,unclear,low,completed,completed,high,,https://github.com/lapid92/openpi/blob/f631acc42573a5de5217cd57de4bf7c9b4bf8891/examples/rescue_characterization/results/e7537584d348/raw-shards/libero_plus-main-worker-0/part-0001.jsonl#L186,
new,rescue_characterization,libero,libero_10,LIVING_ROOM_SCENE1_put_both_the_alphabet_soup_and_the_cream_cheese_box_in_the_basket,libero:libero_10:7,standard,0,3006,15,6706f32529b15f587b257a7f83e9f9dee157264afdee7edc73777e0358f97679,Ge032776e112124b9,C791cba2cb5ca59582ec8,2,True,rescue,rescue,True,completed,completed,high,completed,completed,high,,https://github.com/lapid92/openpi/blob/f631acc42573a5de5217cd57de4bf7c9b4bf8891/examples/rescue_characterization/results/e7537584d348/raw-shards/libero-main-worker-1/part-0002.jsonl#L27,
new,rescue_characterization,libero_plus,libero_object,pick_up_the_cream_cheese_and_place_it_in_the_basket,libero_plus:libero_object:1068,Language Instructions,3,4005,24,b21a5fb673c5da42adc2bb8ae238cf4cfdd573e5930816e8d350499969de8346,G0d8027ba454a63be,C7950d480e0f9e432dfdc,4,False,never_rescued,never_rescued,True,not completed,approach,medium,,,,,https://github.com/lapid92/openpi/blob/f631acc42573a5de5217cd57de4bf7c9b4bf8891/examples/rescue_characterization/results/e7537584d348/raw-shards/libero_plus-main-worker-1/part-0001.jsonl#L617,
new,rescue_characterization,libero,libero_10,LIVING_ROOM_SCENE5_put_the_white_mug_on_the_left_plate_and_put_the_yellow_and_white_mug_on_the_right_plate,libero:libero_10:4,standard,0,3010,19,cab25360bce4cdcbd230316d1d8ce1142c95303b9120ca48dd4c6c731ebaba99,G881f7de5c4612fc6,C7a63a678e924de24f166,10,True,rescue,rescue,True,completed,completed,medium,,,,,https://github.com/lapid92/openpi/blob/f631acc42573a5de5217cd57de4bf7c9b4bf8891/examples/rescue_characterization/results/e7537584d348/raw-shards/libero-main-worker-2/part-0002.jsonl#L24,
new,rescue_characterization,libero_plus,libero_10,LIVING_ROOM_SCENE2_put_both_the_cream_cheese_box_and_the_butter_in_the_basket,libero_plus:libero_10:340,Robot Initial States,4,4002,21,73f30734a195d8fb9c51e30d6c2bc3af8073a3cfce4ab902b32f22ee1e533309,G40951377b4a94fea,C7bf22a28c4a379e17373,4,False,never_rescued,never_rescued,True,not completed,approach,medium,,,,,https://github.com/lapid92/openpi/blob/f631acc42573a5de5217cd57de4bf7c9b4bf8891/examples/rescue_characterization/results/e7537584d348/raw-shards/libero_plus-main-worker-0/part-0003.jsonl#L43,
new,rescue_characterization,libero_plus,libero_10,LIVING_ROOM_SCENE2_put_both_the_cream_cheese_box_and_the_butter_in_the_basket,libero_plus:libero_10:345,Robot Initial States,3,4007,26,3eebd94a23ba0a8cc59fa852fea4b940816911670d50b7bfd357c3ba655a2f78,Gbdac1560b49a07e4,C7d4ee677dfd6af5c51e9,2,False,never_rescued,never_rescued,True,not completed,grasp,medium,,,,,https://github.com/lapid92/openpi/blob/f631acc42573a5de5217cd57de4bf7c9b4bf8891/examples/rescue_characterization/results/e7537584d348/raw-shards/libero_plus-main-worker-1/part-0003.jsonl#L33,
new,rescue_characterization,libero_plus,libero_spatial,pick_up_the_black_bowl_on_the_cookie_box_and_place_it_on_the_plate,libero_plus:libero_spatial:734,Camera Viewpoints,3,4005,24,8f2f7a03f736dbd1696f28b14a1f1ab8e06fef15a4be7ae925d975605c086b68,G11922684633c5bf1,C7e0321a920bfd326ee77,10,False,rescue,rescue,True,completed,completed,medium,completed,completed,high,,https://github.com/lapid92/openpi/blob/f631acc42573a5de5217cd57de4bf7c9b4bf8891/examples/rescue_characterization/results/e7537584d348/raw-shards/libero_plus-main-worker-1/part-0001.jsonl#L138,
new,rescue_characterization,libero_plus,libero_10,LIVING_ROOM_SCENE6_put_the_white_mug_on_the_plate_and_put_the_chocolate_pudding_to_the_right_of_the_plate,libero_plus:libero_10:2195,Objects Layout,4,4002,0,9146ffd124214f40ad3bac1b82b3420acf21e998054b06c0a1476e2f447d80ef,Ge10a5fc1003e6264,C7fd5a5f2b5beec9e126f,1,True,regression,regression,True,completed,completed,medium,,,,,https://github.com/lapid92/openpi/blob/f631acc42573a5de5217cd57de4bf7c9b4bf8891/examples/rescue_characterization/results/e7537584d348/raw-shards/libero_plus-main-worker-1/part-0003.jsonl#L293,
new,rescue_characterization,libero_plus,libero_spatial,pick_up_the_black_bowl_on_the_cookie_box_and_place_it_on_the_plate,libero_plus:libero_spatial:734,Camera Viewpoints,3,4005,24,8f2f7a03f736dbd1696f28b14a1f1ab8e06fef15a4be7ae925d975605c086b68,G11922684633c5bf1,C7fe0b9da99063dec29fe,1,False,rescue,rescue,True,completed,completed,medium,,,,,https://github.com/lapid92/openpi/blob/f631acc42573a5de5217cd57de4bf7c9b4bf8891/examples/rescue_characterization/results/e7537584d348/raw-shards/libero_plus-main-worker-1/part-0001.jsonl#L139,
new,rescue_characterization,libero_plus,libero_spatial,pick_up_the_black_bowl_on_the_stove_and_place_it_on_the_plate,libero_plus:libero_spatial:873,Camera Viewpoints,4,4006,25,2b579b50672d9baf9acae29e1feddfd03c89f2cb03bfe5d84a8bb0014f423fa1,Ge2ba69987337c526,C801909ca30902f4cc29d,10,True,rescue,rescue,True,completed,completed,medium,,,,,https://github.com/lapid92/openpi/blob/f631acc42573a5de5217cd57de4bf7c9b4bf8891/examples/rescue_characterization/results/e7537584d348/raw-shards/libero_plus-main-worker-1/part-0001.jsonl#L181,
new,rescue_characterization,libero,libero_10,KITCHEN_SCENE8_put_both_moka_pots_on_the_stove,libero:libero_10:8,standard,0,3012,21,9e42025b1cce5338ad9ea19dc8b5748cf4677ad65e951914b3dd9991b3055b63,Gada064ba4e3d5c9a,C827a70f26e6d4d9e4076,4,False,never_rescued,never_rescued,True,not completed,grasp,medium,,,,,https://github.com/lapid92/openpi/blob/f631acc42573a5de5217cd57de4bf7c9b4bf8891/examples/rescue_characterization/results/e7537584d348/raw-shards/libero-main-worker-2/part-0002.jsonl#L113,
new,rescue_characterization,libero,libero_goal,put_the_wine_bottle_on_top_of_the_cabinet,libero:libero_goal:2,standard,0,3008,17,581b1ac309f5726f02a04b29d09240b5f2b7610f685cfdf6f1065057970440aa,G800335dfe9ed6082,C840d5738ae5cf6a31e98,4,True,rescue,rescue,True,completed,completed,high,completed,completed,medium,,https://github.com/lapid92/openpi/blob/f631acc42573a5de5217cd57de4bf7c9b4bf8891/examples/rescue_characterization/results/e7537584d348/raw-shards/libero-main-worker-2/part-0001.jsonl#L432,
new,rescue_characterization,libero,libero_spatial,pick_up_the_black_bowl_on_the_ramekin_and_place_it_on_the_plate,libero:libero_spatial:5,standard,0,3013,22,ee8e4157331954c562a92ace1d7af51fb0099876a4eaa5ff8926374864c8164f,G735054a775744c17,C845eeceaf5c0305d5a66,10,True,rescue,rescue,True,completed,completed,medium,,,,,https://github.com/lapid92/openpi/blob/f631acc42573a5de5217cd57de4bf7c9b4bf8891/examples/rescue_characterization/results/e7537584d348/raw-shards/libero-main-worker-1/part-0001.jsonl#L132,
new,rescue_characterization,libero,libero_spatial,pick_up_the_black_bowl_on_the_ramekin_and_place_it_on_the_plate,libero:libero_spatial:5,standard,0,3009,18,bae20d83cc8f5698c74606627590ca7a468ddfcefb40d2b14e88f856ead59dac,Gc0d0448d966ccda6,C85acaeb4d31ad13b4487,4,False,regression,regression,True,completed,completed,medium,,,,,https://github.com/lapid92/openpi/blob/f631acc42573a5de5217cd57de4bf7c9b4bf8891/examples/rescue_characterization/results/e7537584d348/raw-shards/libero-main-worker-1/part-0001.jsonl#L115,
new,rescue_characterization,libero,libero_spatial,pick_up_the_black_bowl_on_the_cookie_box_and_place_it_on_the_plate,libero:libero_spatial:3,standard,0,3020,29,d1bdda12ba47e7f29beb1a6ba20b3804d2391e26dc962bc84c01bbdcf71f3a6b,Ge72b1b6e450afd16,C88ae6930fe93811ebf07,2,True,regression,regression,True,completed,completed,high,,,,,https://github.com/lapid92/openpi/blob/f631acc42573a5de5217cd57de4bf7c9b4bf8891/examples/rescue_characterization/results/e7537584d348/raw-shards/libero-main-worker-3/part-0001.jsonl#L79,
new,rescue_characterization,libero_plus,libero_10,LIVING_ROOM_SCENE2_put_both_the_cream_cheese_box_and_the_butter_in_the_basket,libero_plus:libero_10:1150,Language Instructions,3,4003,22,532200c92d74b65c8986ca5b3f668d9e79da78fa9313362e644d8dfc60a2fa2b,G2e7cadeb53e42234,C896fdc7d613485f1ed46,10,False,regression,regression,True,not completed,grasp,medium,,,,,https://github.com/lapid92/openpi/blob/f631acc42573a5de5217cd57de4bf7c9b4bf8891/examples/rescue_characterization/results/e7537584d348/raw-shards/libero_plus-main-worker-1/part-0003.jsonl#L139,
new,rescue_characterization,libero_plus,libero_object,pick_up_the_cream_cheese_and_place_it_in_the_basket,libero_plus:libero_object:1068,Language Instructions,3,4009,28,d8a515bd91c4cf8648699feacd05ae871d6f308ff23ea4754538fd6403e662ac,Gd1e9120f5fb8cda4,C899e793319c44a700b78,10,False,regression,regression,True,not completed,grasp,medium,,,,,https://github.com/lapid92/openpi/blob/f631acc42573a5de5217cd57de4bf7c9b4bf8891/examples/rescue_characterization/results/e7537584d348/raw-shards/libero_plus-main-worker-1/part-0001.jsonl#L634,
new,rescue_characterization,libero_plus,libero_10,LIVING_ROOM_SCENE2_put_both_the_cream_cheese_box_and_the_butter_in_the_basket,libero_plus:libero_10:340,Robot Initial States,4,4002,21,73f30734a195d8fb9c51e30d6c2bc3af8073a3cfce4ab902b32f22ee1e533309,G40951377b4a94fea,C8bc9b8502a0aa2814b96,10,False,never_rescued,never_rescued,True,not completed,approach,medium,not completed,approach,high,,https://github.com/lapid92/openpi/blob/f631acc42573a5de5217cd57de4bf7c9b4bf8891/examples/rescue_characterization/results/e7537584d348/raw-shards/libero_plus-main-worker-0/part-0003.jsonl#L44,
new,rescue_characterization,libero,libero_spatial,pick_up_the_black_bowl_on_the_ramekin_and_place_it_on_the_plate,libero:libero_spatial:5,standard,0,3013,22,ee8e4157331954c562a92ace1d7af51fb0099876a4eaa5ff8926374864c8164f,G735054a775744c17,C8bef15a2921862f85a1c,2,True,rescue,rescue,True,completed,completed,medium,,,,,https://github.com/lapid92/openpi/blob/f631acc42573a5de5217cd57de4bf7c9b4bf8891/examples/rescue_characterization/results/e7537584d348/raw-shards/libero-main-worker-1/part-0001.jsonl#L130,
new,rescue_characterization,libero,libero_goal,push_the_plate_to_the_front_of_the_stove,libero:libero_goal:5,standard,0,3013,22,096539e5493610da8217256ee9fd075986ad1a199919dcf3577046420669e9e0,G2a128a6fe4fbf4e8,C8bf7bb73e7f0150ab761,10,True,regression,regression,True,completed,completed,medium,,,,,https://github.com/lapid92/openpi/blob/f631acc42573a5de5217cd57de4bf7c9b4bf8891/examples/rescue_characterization/results/e7537584d348/raw-shards/libero-main-worker-1/part-0001.jsonl#L532,
new,rescue_characterization,libero_plus,libero_goal,push_the_plate_to_the_front_of_the_stove,libero_plus:libero_goal:2419,Light Conditions,3,4004,23,59d84cc34ccf5008e9d71994a04b7c419f1d3e5beb4ed82d2303c9a94b8d6bd7,Gab3c085fc8cd7616,C8c37dfcf5ec6bb8e2301,1,False,rescue,rescue,True,unclear,manipulation,low,unclear,manipulation,low,,https://github.com/lapid92/openpi/blob/f631acc42573a5de5217cd57de4bf7c9b4bf8891/examples/rescue_characterization/results/e7537584d348/raw-shards/libero_plus-main-worker-2/part-0002.jsonl#L444,
new,rescue_characterization,libero,libero_10,LIVING_ROOM_SCENE2_put_both_the_cream_cheese_box_and_the_butter_in_the_basket,libero:libero_10:1,standard,0,3016,25,0ca2314972a41b72dba008c7cd449afc1187f9410a9da7a661b7a1aa4b486e77,Gd4c2ee67ce6d5483,C8cd83f794b546f968135,2,True,rescue,rescue,True,completed,completed,medium,,,,,https://github.com/lapid92/openpi/blob/f631acc42573a5de5217cd57de4bf7c9b4bf8891/examples/rescue_characterization/results/e7537584d348/raw-shards/libero-main-worker-3/part-0001.jsonl#L623,
new,rescue_characterization,libero_plus,libero_object,pick_up_the_cream_cheese_and_place_it_in_the_basket,libero_plus:libero_object:1068,Language Instructions,3,4005,24,b21a5fb673c5da42adc2bb8ae238cf4cfdd573e5930816e8d350499969de8346,G0d8027ba454a63be,C8d770826304af44a07f3,1,False,never_rescued,never_rescued,True,not completed,approach,medium,,,,,https://github.com/lapid92/openpi/blob/f631acc42573a5de5217cd57de4bf7c9b4bf8891/examples/rescue_characterization/results/e7537584d348/raw-shards/libero_plus-main-worker-1/part-0001.jsonl#L619,
new,rescue_characterization,libero,libero_10,LIVING_ROOM_SCENE2_put_both_the_alphabet_soup_and_the_tomato_sauce_in_the_basket,libero:libero_10:0,standard,0,3010,19,a6fb28270e5509da8619115495b070fe25bec4e644f15080bf7a3a61f8382a16,Gbe821765f7e87f87,C8db778e3551939e156f6,1,True,regression,regression,True,completed,completed,medium,,,,,https://github.com/lapid92/openpi/blob/f631acc42573a5de5217cd57de4bf7c9b4bf8891/examples/rescue_characterization/results/e7537584d348/raw-shards/libero-main-worker-2/part-0001.jsonl#L600,
new,rescue_characterization,libero_plus,libero_spatial,pick_up_the_black_bowl_on_the_stove_and_place_it_on_the_plate,libero_plus:libero_spatial:873,Camera Viewpoints,4,4003,22,82319d1154573849ec780b17a58b14939b058ae16c67beb9957ed1dd2ffd68cb,G7c91f89ed27a883d,C8f6f571edd87a898ea24,1,True,regression,regression,True,completed,completed,medium,,,,,https://github.com/lapid92/openpi/blob/f631acc42573a5de5217cd57de4bf7c9b4bf8891/examples/rescue_characterization/results/e7537584d348/raw-shards/libero_plus-main-worker-1/part-0001.jsonl#L169,
new,rescue_characterization,libero,libero_goal,put_the_cream_cheese_in_the_bowl,libero:libero_goal:6,standard,0,3020,29,af42106ae35adf1e32f857bbe96a0114ee9bf05a44ea0d1db0e3be7826af45a5,G84e72ba4b0ffc175,C90ad599cf026d3406adb,10,True,regression,regression,True,completed,completed,medium,,,,,https://github.com/lapid92/openpi/blob/f631acc42573a5de5217cd57de4bf7c9b4bf8891/examples/rescue_characterization/results/e7537584d348/raw-shards/libero-main-worker-2/part-0001.jsonl#L557,
new,rescue_characterization,libero_plus,libero_spatial,pick_up_the_black_bowl_on_the_ramekin_and_place_it_on_the_plate,libero_plus:libero_spatial:791,Camera Viewpoints,4,4007,26,641c9a051b6e04f34c64fbdfa8f3a9f26f1a88d2f0bd175c75f9e0065ae40258,G0bb9314041164df1,C90f5446bdfbd6b331024,2,True,regression,regression,True,completed,completed,medium,,,,,https://github.com/lapid92/openpi/blob/f631acc42573a5de5217cd57de4bf7c9b4bf8891/examples/rescue_characterization/results/e7537584d348/raw-shards/libero_plus-main-worker-0/part-0001.jsonl#L188,
new,rescue_characterization,libero_plus,libero_goal,push_the_plate_to_the_front_of_the_stove,libero_plus:libero_goal:2419,Light Conditions,3,4003,22,096539e5493610da8217256ee9fd075986ad1a199919dcf3577046420669e9e0,G141d70e1ea74a360,C9198cfb1d84949d1ee1e,1,True,regression,regression,True,completed,completed,medium,,,,,https://github.com/lapid92/openpi/blob/f631acc42573a5de5217cd57de4bf7c9b4bf8891/examples/rescue_characterization/results/e7537584d348/raw-shards/libero_plus-main-worker-2/part-0002.jsonl#L441,
new,rescue_characterization,libero_plus,libero_spatial,pick_up_the_black_bowl_from_table_center_and_place_it_on_the_plate,libero_plus:libero_spatial:1461,Sensor Noise,4,4007,26,be6662154a0d0e253ab8a4b6efdfe69cb35ce9c940b925a4de07ddf2c7c9cbf7,Gfb31b8e2d95f0378,C92005ab63e07f1d366ff,4,True,regression,regression,True,completed,completed,medium,,,,,https://github.com/lapid92/openpi/blob/f631acc42573a5de5217cd57de4bf7c9b4bf8891/examples/rescue_characterization/results/e7537584d348/raw-shards/libero_plus-main-worker-1/part-0001.jsonl#L307,
new,rescue_characterization,libero_plus,libero_goal,open_the_top_drawer_and_put_the_bowl_inside,libero_plus:libero_goal:35,Background Textures,3,4009,28,26d08f7bcdc140e009a1d6edfd2de4471fb0377c25893edef749bc010eafd884,Gc5f8d3b8a84e1010,C922f31e74022e220e48e,4,False,never_rescued,never_rescued,True,not completed,grasp,medium,,,,,https://github.com/lapid92/openpi/blob/f631acc42573a5de5217cd57de4bf7c9b4bf8891/examples/rescue_characterization/results/e7537584d348/raw-shards/libero_plus-main-worker-1/part-0002.jsonl#L153,
new,rescue_characterization,libero,libero_10,KITCHEN_SCENE8_put_both_moka_pots_on_the_stove,libero:libero_10:8,standard,0,3020,29,d1d1cd0e255e2de12d4912278f3036372e961f4ce6a99c3a1f20744aa5ea5dcb,G7e64e0ea203fe514,C92e25ddbb4f4855bf66f,2,False,never_rescued,never_rescued,True,completed,completed,medium,,,,,https://github.com/lapid92/openpi/blob/f631acc42573a5de5217cd57de4bf7c9b4bf8891/examples/rescue_characterization/results/e7537584d348/raw-shards/libero-main-worker-2/part-0002.jsonl#L144,
new,rescue_characterization,libero_plus,libero_object,pick_up_the_cream_cheese_and_place_it_in_the_basket,libero_plus:libero_object:1068,Language Instructions,3,4009,28,d8a515bd91c4cf8648699feacd05ae871d6f308ff23ea4754538fd6403e662ac,Gd1e9120f5fb8cda4,C93a895a1fb88b2455bda,4,True,regression,regression,True,completed,completed,high,,,,,https://github.com/lapid92/openpi/blob/f631acc42573a5de5217cd57de4bf7c9b4bf8891/examples/rescue_characterization/results/e7537584d348/raw-shards/libero_plus-main-worker-1/part-0001.jsonl#L633,
new,rescue_characterization,libero,libero_10,LIVING_ROOM_SCENE2_put_both_the_alphabet_soup_and_the_tomato_sauce_in_the_basket,libero:libero_10:0,standard,0,3010,19,a6fb28270e5509da8619115495b070fe25bec4e644f15080bf7a3a61f8382a16,Gbe821765f7e87f87,C94a303bef1e738caaf29,10,False,regression,regression,True,not completed,placement,high,,,,,https://github.com/lapid92/openpi/blob/f631acc42573a5de5217cd57de4bf7c9b4bf8891/examples/rescue_characterization/results/e7537584d348/raw-shards/libero-main-worker-2/part-0001.jsonl#L599,
new,rescue_characterization,libero,libero_10,LIVING_ROOM_SCENE2_put_both_the_alphabet_soup_and_the_tomato_sauce_in_the_basket,libero:libero_10:0,standard,0,3004,13,a5772da869875502626dac37ef4f7ecf06ed2ebd12624447bfe8436d42f2ce49,G9b7cd2b6e43c13e6,C951c6c0d88eade6709b9,4,True,rescue,rescue,True,completed,completed,medium,,,,,https://github.com/lapid92/openpi/blob/f631acc42573a5de5217cd57de4bf7c9b4bf8891/examples/rescue_characterization/results/e7537584d348/raw-shards/libero-main-worker-2/part-0001.jsonl#L576,
new,rescue_characterization,libero_plus,libero_goal,put_the_bowl_on_the_stove,libero_plus:libero_goal:1558,Sensor Noise,3,4007,26,6c540dd59cc6ac86d340dca323b1bf219f06969b0feaafe5e70081f00a239cdd,Gc851ee3b66f265a3,C954dcd4956421e55f879,10,False,regression,regression,True,not completed,placement,medium,,,,,https://github.com/lapid92/openpi/blob/f631acc42573a5de5217cd57de4bf7c9b4bf8891/examples/rescue_characterization/results/e7537584d348/raw-shards/libero_plus-main-worker-1/part-0002.jsonl#L388,
new,rescue_characterization,libero_plus,libero_spatial,pick_up_the_black_bowl_on_the_cookie_box_and_place_it_on_the_plate,libero_plus:libero_spatial:734,Camera Viewpoints,3,4004,23,fa88150e97cd146fb482f33b8d99e6245ce3aa11a19719053a2de455235dc62d,Ge3abe279b1c13f63,C95ea7b9c42a0d15c85bf,1,True,regression,regression,True,completed,completed,medium,,,,,https://github.com/lapid92/openpi/blob/f631acc42573a5de5217cd57de4bf7c9b4bf8891/examples/rescue_characterization/results/e7537584d348/raw-shards/libero_plus-main-worker-1/part-0001.jsonl#L136,
new,rescue_characterization,libero,libero_10,LIVING_ROOM_SCENE6_put_the_white_mug_on_the_plate_and_put_the_chocolate_pudding_to_the_right_of_the_plate,libero:libero_10:6,standard,0,3012,21,091f68d964eba6b4d1ea033b6a7db46cde077c9c6565d51b9844fd285d05ba84,G7bd0c5aa3e1341bd,C9760d40b635a0036ec54,4,False,regression,regression,True,unclear,unclear,low,not completed,placement,medium,,https://github.com/lapid92/openpi/blob/f631acc42573a5de5217cd57de4bf7c9b4bf8891/examples/rescue_characterization/results/e7537584d348/raw-shards/libero-main-worker-0/part-0002.jsonl#L26,
new,rescue_characterization,libero,libero_spatial,pick_up_the_black_bowl_on_the_ramekin_and_place_it_on_the_plate,libero:libero_spatial:5,standard,0,3009,18,bae20d83cc8f5698c74606627590ca7a468ddfcefb40d2b14e88f856ead59dac,Gc0d0448d966ccda6,C97d890b4630e0c1b09c7,2,True,regression,regression,True,completed,completed,high,,,,,https://github.com/lapid92/openpi/blob/f631acc42573a5de5217cd57de4bf7c9b4bf8891/examples/rescue_characterization/results/e7537584d348/raw-shards/libero-main-worker-1/part-0001.jsonl#L114,
new,rescue_characterization,libero_plus,libero_spatial,pick_up_the_black_bowl_on_the_cookie_box_and_place_it_on_the_plate,libero_plus:libero_spatial:734,Camera Viewpoints,3,4005,24,8f2f7a03f736dbd1696f28b14a1f1ab8e06fef15a4be7ae925d975605c086b68,G11922684633c5bf1,C97f4fd811ff826ded5f1,4,False,rescue,rescue,True,completed,completed,medium,,,,,https://github.com/lapid92/openpi/blob/f631acc42573a5de5217cd57de4bf7c9b4bf8891/examples/rescue_characterization/results/e7537584d348/raw-shards/libero_plus-main-worker-1/part-0001.jsonl#L137,
new,rescue_characterization,libero_plus,libero_object,pick_up_the_cream_cheese_and_place_it_in_the_basket,libero_plus:libero_object:1068,Language Instructions,3,4001,20,e435701fa327fbd9a87d6e6501fde3429e231547efcf69615b2241e5a707e206,G445fe9cd07f4db2e,C9b233d28e2c3333e006f,1,False,never_rescued,never_rescued,True,not completed,approach,high,not completed,approach,high,,https://github.com/lapid92/openpi/blob/f631acc42573a5de5217cd57de4bf7c9b4bf8891/examples/rescue_characterization/results/e7537584d348/raw-shards/libero_plus-main-worker-1/part-0001.jsonl#L603,
new,rescue_characterization,libero_plus,libero_object,pick_up_the_cream_cheese_and_place_it_in_the_basket,libero_plus:libero_object:1068,Language Instructions,3,4009,28,d8a515bd91c4cf8648699feacd05ae871d6f308ff23ea4754538fd6403e662ac,Gd1e9120f5fb8cda4,C9be788be2afe6b903bab,2,True,regression,regression,True,completed,completed,high,,,,,https://github.com/lapid92/openpi/blob/f631acc42573a5de5217cd57de4bf7c9b4bf8891/examples/rescue_characterization/results/e7537584d348/raw-shards/libero_plus-main-worker-1/part-0001.jsonl#L636,
new,rescue_characterization,libero_plus,libero_goal,open_the_middle_drawer_of_the_cabinet,libero_plus:libero_goal:286,Robot Initial States,3,4008,27,8113baea563328e37e51e31d01930886e76c1c6324a38ea06ccfdb1b5f1f6764,Gbc05c37d1848b629,C9c5003287b4830be2565,10,True,rescue,rescue,True,completed,completed,high,completed,completed,medium,,https://github.com/lapid92/openpi/blob/f631acc42573a5de5217cd57de4bf7c9b4bf8891/examples/rescue_characterization/results/e7537584d348/raw-shards/libero_plus-main-worker-2/part-0002.jsonl#L139,
new,rescue_characterization,libero,libero_10,LIVING_ROOM_SCENE1_put_both_the_alphabet_soup_and_the_cream_cheese_box_in_the_basket,libero:libero_10:7,standard,0,3006,15,6706f32529b15f587b257a7f83e9f9dee157264afdee7edc73777e0358f97679,Ge032776e112124b9,C9ee9211a391b043db209,1,False,rescue,rescue,True,not completed,grasp,high,,,,,https://github.com/lapid92/openpi/blob/f631acc42573a5de5217cd57de4bf7c9b4bf8891/examples/rescue_characterization/results/e7537584d348/raw-shards/libero-main-worker-1/part-0002.jsonl#L30,
new,rescue_characterization,libero,libero_goal,push_the_plate_to_the_front_of_the_stove,libero:libero_goal:5,standard,0,3013,22,096539e5493610da8217256ee9fd075986ad1a199919dcf3577046420669e9e0,G2a128a6fe4fbf4e8,C9f587d34b44f8075a4b0,2,False,regression,regression,True,not completed,manipulation,medium,,,,,https://github.com/lapid92/openpi/blob/f631acc42573a5de5217cd57de4bf7c9b4bf8891/examples/rescue_characterization/results/e7537584d348/raw-shards/libero-main-worker-1/part-0001.jsonl#L530,
new,rescue_characterization,libero_plus,libero_object,pick_up_the_butter_and_place_it_in_the_basket,libero_plus:libero_object:81,Background Textures,3,4007,26,986bd4c46883cf81b8c9fdccc5a095f2e965110f06ec09faa30faa16a5fb788f,Gb9a283bc231f8b14,C9fe34110bc86af164805,1,False,rescue,rescue,True,not completed,placement,high,,,,,https://github.com/lapid92/openpi/blob/f631acc42573a5de5217cd57de4bf7c9b4bf8891/examples/rescue_characterization/results/e7537584d348/raw-shards/libero_plus-main-worker-0/part-0001.jsonl#L467,
new,rescue_characterization,libero_plus,libero_spatial,pick_up_the_black_bowl_on_the_stove_and_place_it_on_the_plate,libero_plus:libero_spatial:873,Camera Viewpoints,4,4006,25,2b579b50672d9baf9acae29e1feddfd03c89f2cb03bfe5d84a8bb0014f423fa1,Ge2ba69987337c526,Ca0cf36ba73c2e366d047,4,True,rescue,rescue,True,completed,completed,medium,,,,,https://github.com/lapid92/openpi/blob/f631acc42573a5de5217cd57de4bf7c9b4bf8891/examples/rescue_characterization/results/e7537584d348/raw-shards/libero_plus-main-worker-1/part-0001.jsonl#L184,
new,rescue_characterization,libero,libero_goal,push_the_plate_to_the_front_of_the_stove,libero:libero_goal:5,standard,0,3013,22,096539e5493610da8217256ee9fd075986ad1a199919dcf3577046420669e9e0,G2a128a6fe4fbf4e8,Ca31e3d1f697228986a2f,4,True,regression,regression,True,completed,completed,medium,,,,,https://github.com/lapid92/openpi/blob/f631acc42573a5de5217cd57de4bf7c9b4bf8891/examples/rescue_characterization/results/e7537584d348/raw-shards/libero-main-worker-1/part-0001.jsonl#L531,
new,rescue_characterization,libero_plus,libero_10,LIVING_ROOM_SCENE2_put_both_the_cream_cheese_box_and_the_butter_in_the_basket,libero_plus:libero_10:340,Robot Initial States,4,4002,21,73f30734a195d8fb9c51e30d6c2bc3af8073a3cfce4ab902b32f22ee1e533309,G40951377b4a94fea,Ca32a2300da1db5c13217,2,False,never_rescued,never_rescued,True,not completed,approach,medium,,,,,https://github.com/lapid92/openpi/blob/f631acc42573a5de5217cd57de4bf7c9b4bf8891/examples/rescue_characterization/results/e7537584d348/raw-shards/libero_plus-main-worker-0/part-0003.jsonl#L42,
new,rescue_characterization,libero,libero_10,STUDY_SCENE1_pick_up_the_book_and_place_it_in_the_back_compartment_of_the_caddy,libero:libero_10:5,standard,0,3009,18,375083ca6c9ac0148a8821ed2b9cf5aedd191661dc54707967e67f777bc0e3ba,Gb4f4b6fe698a58f7,Ca32bfdc8d8bf15fd485a,4,False,never_rescued,never_rescued,True,not completed,unclear,low,not completed,unclear,low,,https://github.com/lapid92/openpi/blob/f631acc42573a5de5217cd57de4bf7c9b4bf8891/examples/rescue_characterization/results/e7537584d348/raw-shards/libero-main-worker-3/part-0002.jsonl#L15,
new,rescue_characterization,libero,libero_10,STUDY_SCENE1_pick_up_the_book_and_place_it_in_the_back_compartment_of_the_caddy,libero:libero_10:5,standard,0,3009,18,375083ca6c9ac0148a8821ed2b9cf5aedd191661dc54707967e67f777bc0e3ba,Gb4f4b6fe698a58f7,Ca38d9e6720868f30da6a,1,False,never_rescued,never_rescued,True,not completed,unclear,low,not completed,unclear,low,,https://github.com/lapid92/openpi/blob/f631acc42573a5de5217cd57de4bf7c9b4bf8891/examples/rescue_characterization/results/e7537584d348/raw-shards/libero-main-worker-3/part-0002.jsonl#L13,
new,rescue_characterization,libero,libero_object,pick_up_the_chocolate_pudding_and_place_it_in_the_basket,libero:libero_object:8,standard,0,3014,23,a2881505537d9c6a6377802bd72eb62ed13c8b3be5617bf935569e4b84cbc686,Gaade50e2c017058d,Ca4321af25f1705ee2484,10,True,rescue,rescue,True,completed,completed,high,,,,,https://github.com/lapid92/openpi/blob/f631acc42573a5de5217cd57de4bf7c9b4bf8891/examples/rescue_characterization/results/e7537584d348/raw-shards/libero-main-worker-2/part-0001.jsonl#L375,
new,rescue_characterization,libero,libero_goal,open_the_top_drawer_and_put_the_bowl_inside,libero:libero_goal:3,standard,0,3007,16,4dcbb1c43e33950e78dcc45ab958ee2f15ed0590608a1addc1c99aa3ddafe861,Gb4b40bd986d07706,Ca47c719bb9202adcfb12,1,True,regression,regression,True,completed,completed,high,,,,,https://github.com/lapid92/openpi/blob/f631acc42573a5de5217cd57de4bf7c9b4bf8891/examples/rescue_characterization/results/e7537584d348/raw-shards/libero-main-worker-3/part-0001.jsonl#L427,
new,rescue_characterization,libero,libero_10,LIVING_ROOM_SCENE1_put_both_the_alphabet_soup_and_the_cream_cheese_box_in_the_basket,libero:libero_10:7,standard,0,3006,15,6706f32529b15f587b257a7f83e9f9dee157264afdee7edc73777e0358f97679,Ge032776e112124b9,Ca58067ac9e3eef66afe6,10,True,rescue,rescue,True,completed,completed,high,,,,,https://github.com/lapid92/openpi/blob/f631acc42573a5de5217cd57de4bf7c9b4bf8891/examples/rescue_characterization/results/e7537584d348/raw-shards/libero-main-worker-1/part-0002.jsonl#L29,
new,rescue_characterization,libero,libero_10,LIVING_ROOM_SCENE5_put_the_white_mug_on_the_left_plate_and_put_the_yellow_and_white_mug_on_the_right_plate,libero:libero_10:4,standard,0,3004,13,d1e95f79455d03edcd88f8bcd8536986dc3cf8ef1da9ac586fe00d443f8e0b2e,G3feab64fb7585af4,Ca665d7c9b618610bcb81,2,False,regression,regression,True,unclear,unclear,low,not completed,placement,high,,https://github.com/lapid92/openpi/blob/f631acc42573a5de5217cd57de4bf7c9b4bf8891/examples/rescue_characterization/results/e7537584d348/raw-shards/libero-main-worker-2/part-0001.jsonl#L655,
new,rescue_characterization,libero_plus,libero_spatial,pick_up_the_black_bowl_on_the_ramekin_and_place_it_on_the_plate,libero_plus:libero_spatial:791,Camera Viewpoints,4,4007,26,641c9a051b6e04f34c64fbdfa8f3a9f26f1a88d2f0bd175c75f9e0065ae40258,G0bb9314041164df1,Ca6dacf158a3353afc521,1,True,regression,regression,True,completed,completed,medium,,,,,https://github.com/lapid92/openpi/blob/f631acc42573a5de5217cd57de4bf7c9b4bf8891/examples/rescue_characterization/results/e7537584d348/raw-shards/libero_plus-main-worker-0/part-0001.jsonl#L187,
new,rescue_characterization,libero_plus,libero_10,LIVING_ROOM_SCENE2_put_both_the_cream_cheese_box_and_the_butter_in_the_basket,libero_plus:libero_10:345,Robot Initial States,3,4001,20,1ddc6259e18ba32580516a16db9991698898aa83e150f096c5403b06f74cbe29,Gbb560c33d089a71c,Ca7e5da6125d604aad4cb,10,False,never_rescued,never_rescued,True,not completed,grasp,medium,,,,,https://github.com/lapid92/openpi/blob/f631acc42573a5de5217cd57de4bf7c9b4bf8891/examples/rescue_characterization/results/e7537584d348/raw-shards/libero_plus-main-worker-1/part-0003.jsonl#L9,
new,rescue_characterization,libero,libero_10,LIVING_ROOM_SCENE6_put_the_white_mug_on_the_plate_and_put_the_chocolate_pudding_to_the_right_of_the_plate,libero:libero_10:6,standard,0,3014,23,c87b2c9c311c9b8bdc0839034d6206f784f9651c28f824ef14687c3e67755000,G97fbeee4b64e202c,Ca7f8e2467f22bc46c411,10,False,never_rescued,never_rescued,True,not completed,grasp,medium,,,,,https://github.com/lapid92/openpi/blob/f631acc42573a5de5217cd57de4bf7c9b4bf8891/examples/rescue_characterization/results/e7537584d348/raw-shards/libero-main-worker-0/part-0002.jsonl#L33,
new,rescue_characterization,libero_plus,libero_10,LIVING_ROOM_SCENE2_put_both_the_alphabet_soup_and_the_tomato_sauce_in_the_basket,libero_plus:libero_10:691,Camera Viewpoints,3,4008,27,052ceb133943bb3c17a6949a83c15b7afba97698bf8d8754cf64b63181d927e2,Gf9f9b0f1ce88c73f,Ca85ca5364290e827e616,2,True,rescue,rescue,True,completed,completed,medium,,,,,https://github.com/lapid92/openpi/blob/f631acc42573a5de5217cd57de4bf7c9b4bf8891/examples/rescue_characterization/results/e7537584d348/raw-shards/libero_plus-main-worker-2/part-0003.jsonl#L74,
new,rescue_characterization,libero,libero_goal,put_the_wine_bottle_on_the_rack,libero:libero_goal:9,standard,0,3006,15,9c44d7ab9f4bbab434c9688c73511fd91f5c5929515b82af91e9ad57b86413eb,G23edfcdde3b39a23,Cab600980533db941239c,2,False,rescue,rescue,True,completed,completed,medium,,,,,https://github.com/lapid92/openpi/blob/f631acc42573a5de5217cd57de4bf7c9b4bf8891/examples/rescue_characterization/results/e7537584d348/raw-shards/libero-main-worker-1/part-0001.jsonl#L581,
new,rescue_characterization,libero,libero_10,KITCHEN_SCENE8_put_both_moka_pots_on_the_stove,libero:libero_10:8,standard,0,3012,21,9e42025b1cce5338ad9ea19dc8b5748cf4677ad65e951914b3dd9991b3055b63,Gada064ba4e3d5c9a,Cabbaa55faf942efebb79,2,False,never_rescued,never_rescued,True,not completed,grasp,medium,,,,,https://github.com/lapid92/openpi/blob/f631acc42573a5de5217cd57de4bf7c9b4bf8891/examples/rescue_characterization/results/e7537584d348/raw-shards/libero-main-worker-2/part-0002.jsonl#L112,
new,rescue_characterization,libero_plus,libero_10,LIVING_ROOM_SCENE2_put_both_the_alphabet_soup_and_the_tomato_sauce_in_the_basket,libero_plus:libero_10:683,Camera Viewpoints,4,4006,25,0b82cd37e5548f177701291f9479c5d963a1488cbc29283b7b6d6d4ece5fab23,Gf1be2e4889d13d45,Cac8ff113a50aa154acfd,1,True,regression,regression,True,completed,completed,medium,,,,,https://github.com/lapid92/openpi/blob/f631acc42573a5de5217cd57de4bf7c9b4bf8891/examples/rescue_characterization/results/e7537584d348/raw-shards/libero_plus-main-worker-1/part-0003.jsonl#L109,
new,rescue_characterization,libero,libero_object,pick_up_the_cream_cheese_and_place_it_in_the_basket,libero:libero_object:1,standard,0,3001,10,e3b4d6e00dbc914de585d0e085da98d21b262d8d43ef9fc8ec059cc68a8efdc8,Ge8d63611d2dc1534,Caca8988b71da7ea934f7,1,False,rescue,rescue,True,not completed,placement,high,not completed,placement,medium,,https://github.com/lapid92/openpi/blob/f631acc42573a5de5217cd57de4bf7c9b4bf8891/examples/rescue_characterization/results/e7537584d348/raw-shards/libero-main-worker-3/part-0001.jsonl#L161,
new,rescue_characterization,libero_plus,libero_goal,open_the_top_drawer_and_put_the_bowl_inside,libero_plus:libero_goal:785,Camera Viewpoints,3,4009,28,26d08f7bcdc140e009a1d6edfd2de4471fb0377c25893edef749bc010eafd884,G7cf75393d47fd9d6,Cad24ee3bf84bb48dc458,10,False,never_rescued,never_rescued,True,unclear,placement,low,not completed,placement,medium,,https://github.com/lapid92/openpi/blob/f631acc42573a5de5217cd57de4bf7c9b4bf8891/examples/rescue_characterization/results/e7537584d348/raw-shards/libero_plus-main-worker-2/part-0002.jsonl#L226,
new,rescue_characterization,libero,libero_goal,put_the_wine_bottle_on_the_rack,libero:libero_goal:9,standard,0,3006,15,9c44d7ab9f4bbab434c9688c73511fd91f5c5929515b82af91e9ad57b86413eb,G23edfcdde3b39a23,Cad4771d9ac41b26b3674,10,True,rescue,rescue,True,completed,completed,medium,,,,,https://github.com/lapid92/openpi/blob/f631acc42573a5de5217cd57de4bf7c9b4bf8891/examples/rescue_characterization/results/e7537584d348/raw-shards/libero-main-worker-1/part-0001.jsonl#L583,
new,rescue_characterization,libero,libero_10,LIVING_ROOM_SCENE2_put_both_the_alphabet_soup_and_the_tomato_sauce_in_the_basket,libero:libero_10:0,standard,0,3009,18,bbbc83e66162ac23c060a6cdafc5bbd90ed62856ff9de8da4b70607d091e1e34,G3aa7391c5f4d1e25,Cae42fd657bec37d8582f,1,False,never_rescued,never_rescued,True,not completed,grasp,medium,,,,,https://github.com/lapid92/openpi/blob/f631acc42573a5de5217cd57de4bf7c9b4bf8891/examples/rescue_characterization/results/e7537584d348/raw-shards/libero-main-worker-2/part-0001.jsonl#L593,
new,rescue_characterization,libero_plus,libero_goal,push_the_plate_to_the_front_of_the_stove,libero_plus:libero_goal:2419,Light Conditions,3,4004,23,59d84cc34ccf5008e9d71994a04b7c419f1d3e5beb4ed82d2303c9a94b8d6bd7,Gab3c085fc8cd7616,Cb06146c1119e1eb7c304,4,True,rescue,rescue,True,unclear,manipulation,low,unclear,manipulation,low,,https://github.com/lapid92/openpi/blob/f631acc42573a5de5217cd57de4bf7c9b4bf8891/examples/rescue_characterization/results/e7537584d348/raw-shards/libero_plus-main-worker-2/part-0002.jsonl#L446,
new,rescue_characterization,libero,libero_spatial,pick_up_the_black_bowl_on_the_wooden_cabinet_and_place_it_on_the_plate,libero:libero_spatial:9,standard,0,3006,15,e5466b756c5f5583d1efe6408171fabdb6d57c076492841aaed2cf862bcb2086,G8492693c4ee4f492,Cb1979aa162e75568e3a6,10,True,regression,regression,True,completed,completed,medium,completed,completed,medium,,https://github.com/lapid92/openpi/blob/f631acc42573a5de5217cd57de4bf7c9b4bf8891/examples/rescue_characterization/results/e7537584d348/raw-shards/libero-main-worker-1/part-0001.jsonl#L183,
new,rescue_characterization,libero_plus,libero_object,pick_up_the_butter_and_place_it_in_the_basket,libero_plus:libero_object:79,Background Textures,4,4003,22,24aa70a6bd3997132bdc43f6da7988f5e479050f67f47837a8ec4f5b30d67b80,G068fce7a3355df95,Cb1f3a524e24f7639cdfa,2,True,regression,regression,True,completed,completed,high,,,,,https://github.com/lapid92/openpi/blob/f631acc42573a5de5217cd57de4bf7c9b4bf8891/examples/rescue_characterization/results/e7537584d348/raw-shards/libero_plus-main-worker-3/part-0001.jsonl#L450,
new,rescue_characterization,libero_plus,libero_object,pick_up_the_cream_cheese_and_place_it_in_the_basket,libero_plus:libero_object:1068,Language Instructions,3,4007,26,f2271d8d57cfb1259db4f6d01786835c8813004c52a00c4364bf1dbe166947bb,Gea62804a145758a7,Cb2184c53183fad67861b,4,False,never_rescued,never_rescued,True,not completed,grasp,medium,,,,,https://github.com/lapid92/openpi/blob/f631acc42573a5de5217cd57de4bf7c9b4bf8891/examples/rescue_characterization/results/e7537584d348/raw-shards/libero_plus-main-worker-1/part-0001.jsonl#L627,
new,rescue_characterization,libero_plus,libero_goal,open_the_top_drawer_and_put_the_bowl_inside,libero_plus:libero_goal:35,Background Textures,3,4001,20,908ab56bad71b6ba8421559f474da5a54ed2ffede210d69ef7a3f28eab3d5015,G1f06c2d613c75e03,Cb46681d840a7157b77e5,1,False,never_rescued,never_rescued,True,not completed,approach,medium,,,,,https://github.com/lapid92/openpi/blob/f631acc42573a5de5217cd57de4bf7c9b4bf8891/examples/rescue_characterization/results/e7537584d348/raw-shards/libero_plus-main-worker-1/part-0002.jsonl#L123,
new,rescue_characterization,libero_plus,libero_goal,open_the_middle_drawer_of_the_cabinet,libero_plus:libero_goal:286,Robot Initial States,3,4005,24,3bb4aa58c04fb9b1f6f5ae13ce05548f71b7b34e185c827b54e0aa4b5e8a06f3,G1eb5795994708a8b,Cb51ffcb4f0ad3f57adf1,10,False,never_rescued,never_rescued,True,unclear,unclear,low,not completed,manipulation,medium,,https://github.com/lapid92/openpi/blob/f631acc42573a5de5217cd57de4bf7c9b4bf8891/examples/rescue_characterization/results/e7537584d348/raw-shards/libero_plus-main-worker-2/part-0002.jsonl#L130,
new,rescue_characterization,libero_plus,libero_object,pick_up_the_cream_cheese_and_place_it_in_the_basket,libero_plus:libero_object:1068,Language Instructions,3,4001,20,e435701fa327fbd9a87d6e6501fde3429e231547efcf69615b2241e5a707e206,G445fe9cd07f4db2e,Cb778aa8e5accbf242853,10,False,never_rescued,never_rescued,True,not completed,approach,high,,,,,https://github.com/lapid92/openpi/blob/f631acc42573a5de5217cd57de4bf7c9b4bf8891/examples/rescue_characterization/results/e7537584d348/raw-shards/libero_plus-main-worker-1/part-0001.jsonl#L602,
new,rescue_characterization,libero_plus,libero_goal,open_the_top_drawer_and_put_the_bowl_inside,libero_plus:libero_goal:785,Camera Viewpoints,3,4002,21,06d00b1c7213aac2f1d397f89b984569390d951f8f45cf2a1fabc0858ebaf3e3,G737f6da6af5c8890,Cb778eaea968c94666b47,10,False,rescue,rescue,True,unclear,placement,low,not completed,placement,high,,https://github.com/lapid92/openpi/blob/f631acc42573a5de5217cd57de4bf7c9b4bf8891/examples/rescue_characterization/results/e7537584d348/raw-shards/libero_plus-main-worker-2/part-0002.jsonl#L197,
new,rescue_characterization,libero,libero_10,KITCHEN_SCENE8_put_both_moka_pots_on_the_stove,libero:libero_10:8,standard,0,3020,29,d1d1cd0e255e2de12d4912278f3036372e961f4ce6a99c3a1f20744aa5ea5dcb,G7e64e0ea203fe514,Cb7a20a0f593d1bd46c18,4,False,never_rescued,never_rescued,True,completed,completed,medium,,,,,https://github.com/lapid92/openpi/blob/f631acc42573a5de5217cd57de4bf7c9b4bf8891/examples/rescue_characterization/results/e7537584d348/raw-shards/libero-main-worker-2/part-0002.jsonl#L145,
new,rescue_characterization,libero,libero_10,LIVING_ROOM_SCENE2_put_both_the_alphabet_soup_and_the_tomato_sauce_in_the_basket,libero:libero_10:0,standard,0,3010,19,a6fb28270e5509da8619115495b070fe25bec4e644f15080bf7a3a61f8382a16,Gbe821765f7e87f87,Cb863237b31bcca347212,4,True,regression,regression,True,completed,completed,medium,,,,,https://github.com/lapid92/openpi/blob/f631acc42573a5de5217cd57de4bf7c9b4bf8891/examples/rescue_characterization/results/e7537584d348/raw-shards/libero-main-worker-2/part-0001.jsonl#L598,
new,rescue_characterization,libero_plus,libero_goal,open_the_middle_drawer_of_the_cabinet,libero_plus:libero_goal:286,Robot Initial States,3,4008,27,8113baea563328e37e51e31d01930886e76c1c6324a38ea06ccfdb1b5f1f6764,Gbc05c37d1848b629,Cb872c7c957a004c61816,2,True,rescue,rescue,True,completed,completed,high,,,,,https://github.com/lapid92/openpi/blob/f631acc42573a5de5217cd57de4bf7c9b4bf8891/examples/rescue_characterization/results/e7537584d348/raw-shards/libero_plus-main-worker-2/part-0002.jsonl#L141,
new,rescue_characterization,libero,libero_spatial,pick_up_the_black_bowl_on_the_ramekin_and_place_it_on_the_plate,libero:libero_spatial:5,standard,0,3013,22,ee8e4157331954c562a92ace1d7af51fb0099876a4eaa5ff8926374864c8164f,G735054a775744c17,Cb87acef0e23e0f3c65e9,4,True,rescue,rescue,True,completed,completed,medium,,,,,https://github.com/lapid92/openpi/blob/f631acc42573a5de5217cd57de4bf7c9b4bf8891/examples/rescue_characterization/results/e7537584d348/raw-shards/libero-main-worker-1/part-0001.jsonl#L131,
new,rescue_characterization,libero,libero_object,pick_up_the_orange_juice_and_place_it_in_the_basket,libero:libero_object:9,standard,0,3013,22,5ec1690f6075baef1e91cb1ac27895f1265895c16e1ac4b2303806388d0040af,G014ef3e86286482d,Cb8dfd3c748e85ebd16df,2,False,never_rescued,never_rescued,True,not completed,placement,medium,,,,,https://github.com/lapid92/openpi/blob/f631acc42573a5de5217cd57de4bf7c9b4bf8891/examples/rescue_characterization/results/e7537584d348/raw-shards/libero-main-worker-3/part-0001.jsonl#L370,
new,rescue_characterization,libero,libero_object,pick_up_the_chocolate_pudding_and_place_it_in_the_basket,libero:libero_object:8,standard,0,3014,23,a2881505537d9c6a6377802bd72eb62ed13c8b3be5617bf935569e4b84cbc686,Gaade50e2c017058d,Cb9bb8a630f6dad83eba7,2,True,rescue,rescue,True,completed,completed,high,,,,,https://github.com/lapid92/openpi/blob/f631acc42573a5de5217cd57de4bf7c9b4bf8891/examples/rescue_characterization/results/e7537584d348/raw-shards/libero-main-worker-2/part-0001.jsonl#L373,
new,rescue_characterization,libero,libero_10,STUDY_SCENE1_pick_up_the_book_and_place_it_in_the_back_compartment_of_the_caddy,libero:libero_10:5,standard,0,3019,28,04eaeaba22c6519f38e035529d256a8c78ed170e0aeb1a0cb57a1c3b8528158d,G36f14bc550238327,Cbd1b5ceafe5f5826161a,4,False,never_rescued,never_rescued,True,not completed,approach,high,,,,,https://github.com/lapid92/openpi/blob/f631acc42573a5de5217cd57de4bf7c9b4bf8891/examples/rescue_characterization/results/e7537584d348/raw-shards/libero-main-worker-3/part-0002.jsonl#L53,
new,rescue_characterization,libero,libero_spatial,pick_up_the_black_bowl_on_the_ramekin_and_place_it_on_the_plate,libero:libero_spatial:5,standard,0,3009,18,bae20d83cc8f5698c74606627590ca7a468ddfcefb40d2b14e88f856ead59dac,Gc0d0448d966ccda6,Cbdd5a36919eb043f35ff,1,True,regression,regression,True,completed,completed,high,,,,,https://github.com/lapid92/openpi/blob/f631acc42573a5de5217cd57de4bf7c9b4bf8891/examples/rescue_characterization/results/e7537584d348/raw-shards/libero-main-worker-1/part-0001.jsonl#L113,
new,rescue_characterization,libero_plus,libero_10,LIVING_ROOM_SCENE6_put_the_white_mug_on_the_plate_and_put_the_chocolate_pudding_to_the_right_of_the_plate,libero_plus:libero_10:2195,Objects Layout,4,4002,0,9146ffd124214f40ad3bac1b82b3420acf21e998054b06c0a1476e2f447d80ef,Ge10a5fc1003e6264,Cc10405e852ca7acb7ffc,4,True,regression,regression,True,completed,completed,medium,,,,,https://github.com/lapid92/openpi/blob/f631acc42573a5de5217cd57de4bf7c9b4bf8891/examples/rescue_characterization/results/e7537584d348/raw-shards/libero_plus-main-worker-1/part-0003.jsonl#L295,
new,rescue_characterization,libero,libero_10,LIVING_ROOM_SCENE2_put_both_the_alphabet_soup_and_the_tomato_sauce_in_the_basket,libero:libero_10:0,standard,0,3009,18,bbbc83e66162ac23c060a6cdafc5bbd90ed62856ff9de8da4b70607d091e1e34,G3aa7391c5f4d1e25,Cc27016fc38562658a1d8,4,False,never_rescued,never_rescued,True,not completed,grasp,medium,,,,,https://github.com/lapid92/openpi/blob/f631acc42573a5de5217cd57de4bf7c9b4bf8891/examples/rescue_characterization/results/e7537584d348/raw-shards/libero-main-worker-2/part-0001.jsonl#L595,
new,rescue_characterization,libero_plus,libero_goal,open_the_top_drawer_and_put_the_bowl_inside,libero_plus:libero_goal:35,Background Textures,3,4001,20,908ab56bad71b6ba8421559f474da5a54ed2ffede210d69ef7a3f28eab3d5015,G1f06c2d613c75e03,Cc2970455886914eefd2f,10,False,never_rescued,never_rescued,True,not completed,approach,medium,not completed,approach,medium,,https://github.com/lapid92/openpi/blob/f631acc42573a5de5217cd57de4bf7c9b4bf8891/examples/rescue_characterization/results/e7537584d348/raw-shards/libero_plus-main-worker-1/part-0002.jsonl#L122,
new,rescue_characterization,libero,libero_10,LIVING_ROOM_SCENE2_put_both_the_alphabet_soup_and_the_tomato_sauce_in_the_basket,libero:libero_10:0,standard,0,3009,18,bbbc83e66162ac23c060a6cdafc5bbd90ed62856ff9de8da4b70607d091e1e34,G3aa7391c5f4d1e25,Cc2b1b529bcf6824cd5b3,10,False,never_rescued,never_rescued,True,unclear,grasp,medium,completed,completed,medium,,https://github.com/lapid92/openpi/blob/f631acc42573a5de5217cd57de4bf7c9b4bf8891/examples/rescue_characterization/results/e7537584d348/raw-shards/libero-main-worker-2/part-0001.jsonl#L596,
new,rescue_characterization,libero_plus,libero_10,LIVING_ROOM_SCENE2_put_both_the_cream_cheese_box_and_the_butter_in_the_basket,libero_plus:libero_10:345,Robot Initial States,3,4008,27,69fd00355a6a837e41d4c04821e03a55d5d12b7e5aeeed92bf29324d96ee3eaf,G337d80c1daa69be4,Cc4553f51cc4a60eb2be8,1,False,never_rescued,never_rescued,True,not completed,grasp,medium,,,,,https://github.com/lapid92/openpi/blob/f631acc42573a5de5217cd57de4bf7c9b4bf8891/examples/rescue_characterization/results/e7537584d348/raw-shards/libero_plus-main-worker-1/part-0003.jsonl#L39,
new,rescue_characterization,libero_plus,libero_10,LIVING_ROOM_SCENE2_put_both_the_cream_cheese_box_and_the_butter_in_the_basket,libero_plus:libero_10:345,Robot Initial States,3,4010,29,92671e197d63e9a4a167fac77bdd3dfae3c79672f766c3c533ceefa427b4266e,Gf7a36b2945feefcc,Cc966f5e6b8d1779d5bf0,4,True,rescue,rescue,True,completed,completed,high,,,,,https://github.com/lapid92/openpi/blob/f631acc42573a5de5217cd57de4bf7c9b4bf8891/examples/rescue_characterization/results/e7537584d348/raw-shards/libero_plus-main-worker-1/part-0003.jsonl#L47,
new,rescue_characterization,libero_plus,libero_object,pick_up_the_cream_cheese_and_place_it_in_the_basket,libero_plus:libero_object:1068,Language Instructions,3,4005,24,b21a5fb673c5da42adc2bb8ae238cf4cfdd573e5930816e8d350499969de8346,G0d8027ba454a63be,Ccb7d1b6cfaec0c160493,10,False,never_rescued,never_rescued,True,not completed,approach,medium,,,,,https://github.com/lapid92/openpi/blob/f631acc42573a5de5217cd57de4bf7c9b4bf8891/examples/rescue_characterization/results/e7537584d348/raw-shards/libero_plus-main-worker-1/part-0001.jsonl#L618,
new,rescue_characterization,libero,libero_goal,open_the_top_drawer_and_put_the_bowl_inside,libero:libero_goal:3,standard,0,3007,16,4dcbb1c43e33950e78dcc45ab958ee2f15ed0590608a1addc1c99aa3ddafe861,Gb4b40bd986d07706,Ccce30f470fad9644f9d8,4,True,regression,regression,True,completed,completed,high,,,,,https://github.com/lapid92/openpi/blob/f631acc42573a5de5217cd57de4bf7c9b4bf8891/examples/rescue_characterization/results/e7537584d348/raw-shards/libero-main-worker-3/part-0001.jsonl#L425,
new,rescue_characterization,libero,libero_10,LIVING_ROOM_SCENE6_put_the_white_mug_on_the_plate_and_put_the_chocolate_pudding_to_the_right_of_the_plate,libero:libero_10:6,standard,0,3003,12,db9b505b50f800b326febca3c6525a1a8bf35bbb4b271cd661129a98f721bae0,G33d4c2cab778bf33,Cce70e97d1eae6a8b37a8,2,True,rescue,rescue,True,completed,completed,medium,,,,,https://github.com/lapid92/openpi/blob/f631acc42573a5de5217cd57de4bf7c9b4bf8891/examples/rescue_characterization/results/e7537584d348/raw-shards/libero-main-worker-0/part-0001.jsonl#L732,
new,rescue_characterization,libero_plus,libero_spatial,pick_up_the_black_bowl_from_table_center_and_place_it_on_the_plate,libero_plus:libero_spatial:1461,Sensor Noise,4,4009,28,d342a333056d9f2b9db652157baeaa6b9c00e3d4b45ff819a1d3ead89d4c2848,G624b1639e11d89a2,Cce733059423b3333f54c,1,False,rescue,rescue,True,unclear,unclear,low,not completed,placement,medium,,https://github.com/lapid92/openpi/blob/f631acc42573a5de5217cd57de4bf7c9b4bf8891/examples/rescue_characterization/results/e7537584d348/raw-shards/libero_plus-main-worker-1/part-0001.jsonl#L315,
new,rescue_characterization,libero,libero_spatial,pick_up_the_black_bowl_on_the_cookie_box_and_place_it_on_the_plate,libero:libero_spatial:3,standard,0,3020,29,d1bdda12ba47e7f29beb1a6ba20b3804d2391e26dc962bc84c01bbdcf71f3a6b,Ge72b1b6e450afd16,Cd05c30d1fd00af82635d,4,True,regression,regression,True,completed,completed,high,completed,completed,medium,,https://github.com/lapid92/openpi/blob/f631acc42573a5de5217cd57de4bf7c9b4bf8891/examples/rescue_characterization/results/e7537584d348/raw-shards/libero-main-worker-3/part-0001.jsonl#L80,
new,rescue_characterization,libero_plus,libero_10,LIVING_ROOM_SCENE2_put_both_the_alphabet_soup_and_the_tomato_sauce_in_the_basket,libero_plus:libero_10:691,Camera Viewpoints,3,4008,27,052ceb133943bb3c17a6949a83c15b7afba97698bf8d8754cf64b63181d927e2,Gf9f9b0f1ce88c73f,Cd14736a9ae3061211b7c,4,True,rescue,rescue,True,completed,completed,medium,,,,,https://github.com/lapid92/openpi/blob/f631acc42573a5de5217cd57de4bf7c9b4bf8891/examples/rescue_characterization/results/e7537584d348/raw-shards/libero_plus-main-worker-2/part-0003.jsonl#L75,
new,rescue_characterization,libero_plus,libero_10,LIVING_ROOM_SCENE2_put_both_the_cream_cheese_box_and_the_butter_in_the_basket,libero_plus:libero_10:345,Robot Initial States,3,4010,29,92671e197d63e9a4a167fac77bdd3dfae3c79672f766c3c533ceefa427b4266e,Gf7a36b2945feefcc,Cd1f545c7019ea4b82f7a,2,False,rescue,rescue,True,not completed,grasp,medium,,,,,https://github.com/lapid92/openpi/blob/f631acc42573a5de5217cd57de4bf7c9b4bf8891/examples/rescue_characterization/results/e7537584d348/raw-shards/libero_plus-main-worker-1/part-0003.jsonl#L46,
new,rescue_characterization,libero,libero_spatial,pick_up_the_black_bowl_on_the_stove_and_place_it_on_the_plate,libero:libero_spatial:7,standard,0,3008,17,dfefa2e8fbfa660e7ad3f9fe8abfc5f0334de73d23101a02f4832a3e88b399f7,G554ac75b0b46e78d,Cd20f21d253c6a7a1260e,4,False,regression,regression,True,not completed,placement,high,,,,,https://github.com/lapid92/openpi/blob/f631acc42573a5de5217cd57de4bf7c9b4bf8891/examples/rescue_characterization/results/e7537584d348/raw-shards/libero-main-worker-3/part-0001.jsonl#L112,
new,rescue_characterization,libero_plus,libero_10,LIVING_ROOM_SCENE2_put_both_the_cream_cheese_box_and_the_butter_in_the_basket,libero_plus:libero_10:1150,Language Instructions,3,4003,22,532200c92d74b65c8986ca5b3f668d9e79da78fa9313362e644d8dfc60a2fa2b,G2e7cadeb53e42234,Cd214ded27c68d693870b,1,True,regression,regression,True,completed,completed,high,,,,,https://github.com/lapid92/openpi/blob/f631acc42573a5de5217cd57de4bf7c9b4bf8891/examples/rescue_characterization/results/e7537584d348/raw-shards/libero_plus-main-worker-1/part-0003.jsonl#L136,
new,rescue_characterization,libero,libero_10,LIVING_ROOM_SCENE5_put_the_white_mug_on_the_left_plate_and_put_the_yellow_and_white_mug_on_the_right_plate,libero:libero_10:4,standard,0,3004,13,d1e95f79455d03edcd88f8bcd8536986dc3cf8ef1da9ac586fe00d443f8e0b2e,G3feab64fb7585af4,Cd36535f9fa207308ceec,10,True,regression,regression,True,completed,completed,medium,,,,,https://github.com/lapid92/openpi/blob/f631acc42573a5de5217cd57de4bf7c9b4bf8891/examples/rescue_characterization/results/e7537584d348/raw-shards/libero-main-worker-2/part-0001.jsonl#L653,
new,rescue_characterization,libero_plus,libero_10,LIVING_ROOM_SCENE2_put_both_the_cream_cheese_box_and_the_butter_in_the_basket,libero_plus:libero_10:345,Robot Initial States,3,4007,26,3eebd94a23ba0a8cc59fa852fea4b940816911670d50b7bfd357c3ba655a2f78,Gbdac1560b49a07e4,Cd405e6706ef7f680d6ae,1,False,never_rescued,never_rescued,True,not completed,grasp,medium,,,,,https://github.com/lapid92/openpi/blob/f631acc42573a5de5217cd57de4bf7c9b4bf8891/examples/rescue_characterization/results/e7537584d348/raw-shards/libero_plus-main-worker-1/part-0003.jsonl#L32,
new,rescue_characterization,libero,libero_10,STUDY_SCENE1_pick_up_the_book_and_place_it_in_the_back_compartment_of_the_caddy,libero:libero_10:5,standard,0,3019,28,04eaeaba22c6519f38e035529d256a8c78ed170e0aeb1a0cb57a1c3b8528158d,G36f14bc550238327,Cd48eff38ca54f563781e,10,False,never_rescued,never_rescued,True,not completed,approach,high,,,,,https://github.com/lapid92/openpi/blob/f631acc42573a5de5217cd57de4bf7c9b4bf8891/examples/rescue_characterization/results/e7537584d348/raw-shards/libero-main-worker-3/part-0002.jsonl#L54,
new,rescue_characterization,libero_plus,libero_object,pick_up_the_cream_cheese_and_place_it_in_the_basket,libero_plus:libero_object:1068,Language Instructions,3,4001,20,e435701fa327fbd9a87d6e6501fde3429e231547efcf69615b2241e5a707e206,G445fe9cd07f4db2e,Cd4b789ef7bc93a51eded,2,False,never_rescued,never_rescued,True,not completed,approach,high,,,,,https://github.com/lapid92/openpi/blob/f631acc42573a5de5217cd57de4bf7c9b4bf8891/examples/rescue_characterization/results/e7537584d348/raw-shards/libero_plus-main-worker-1/part-0001.jsonl#L604,
new,rescue_characterization,libero_plus,libero_10,LIVING_ROOM_SCENE2_put_both_the_cream_cheese_box_and_the_butter_in_the_basket,libero_plus:libero_10:345,Robot Initial States,3,4007,26,3eebd94a23ba0a8cc59fa852fea4b940816911670d50b7bfd357c3ba655a2f78,Gbdac1560b49a07e4,Cd4c56fbbe78b369ef3dd,4,False,never_rescued,never_rescued,True,not completed,grasp,medium,,,,,https://github.com/lapid92/openpi/blob/f631acc42573a5de5217cd57de4bf7c9b4bf8891/examples/rescue_characterization/results/e7537584d348/raw-shards/libero_plus-main-worker-1/part-0003.jsonl#L34,
new,rescue_characterization,libero_plus,libero_goal,push_the_plate_to_the_front_of_the_stove,libero_plus:libero_goal:75,Background Textures,3,4010,29,75fd3dfabd694bb79077b248e1ee74be784d2cf52e1490b0c01627940e45e5de,Gdffaa541f7a0c869,Cd566777564d4f290ab8e,10,False,never_rescued,never_rescued,True,unclear,manipulation,low,unclear,manipulation,low,,https://github.com/lapid92/openpi/blob/f631acc42573a5de5217cd57de4bf7c9b4bf8891/examples/rescue_characterization/results/e7537584d348/raw-shards/libero_plus-main-worker-2/part-0002.jsonl#L109,
new,rescue_characterization,libero_plus,libero_10,LIVING_ROOM_SCENE2_put_both_the_alphabet_soup_and_the_tomato_sauce_in_the_basket,libero_plus:libero_10:683,Camera Viewpoints,4,4006,25,0b82cd37e5548f177701291f9479c5d963a1488cbc29283b7b6d6d4ece5fab23,Gf1be2e4889d13d45,Cd5bd31bffe2bcd22a183,2,False,regression,regression,True,not completed,grasp,medium,,,,,https://github.com/lapid92/openpi/blob/f631acc42573a5de5217cd57de4bf7c9b4bf8891/examples/rescue_characterization/results/e7537584d348/raw-shards/libero_plus-main-worker-1/part-0003.jsonl#L110,
new,rescue_characterization,libero_plus,libero_goal,open_the_top_drawer_and_put_the_bowl_inside,libero_plus:libero_goal:785,Camera Viewpoints,3,4009,28,26d08f7bcdc140e009a1d6edfd2de4471fb0377c25893edef749bc010eafd884,G7cf75393d47fd9d6,Cd61fea13f5e756f854f5,2,False,never_rescued,never_rescued,True,not completed,grasp,medium,,,,,https://github.com/lapid92/openpi/blob/f631acc42573a5de5217cd57de4bf7c9b4bf8891/examples/rescue_characterization/results/e7537584d348/raw-shards/libero_plus-main-worker-2/part-0002.jsonl#L224,
new,rescue_characterization,libero,libero_10,KITCHEN_SCENE8_put_both_moka_pots_on_the_stove,libero:libero_10:8,standard,0,3004,13,b014292aff379f3a31351d630b9a03d4bb5477cdbf8ff90c24c7240296bc7d9d,Gc6677747c69f90c7,Cd691d0553ad36daf9b58,4,False,never_rescued,never_rescued,True,not completed,placement,medium,,,,,https://github.com/lapid92/openpi/blob/f631acc42573a5de5217cd57de4bf7c9b4bf8891/examples/rescue_characterization/results/e7537584d348/raw-shards/libero-main-worker-2/part-0002.jsonl#L81,
new,rescue_characterization,libero,libero_goal,put_the_wine_bottle_on_the_rack,libero:libero_goal:9,standard,0,3019,28,a4654bde320296ce87dca8f769f40c9d38ae2180e8c318c162aad862abe1caa3,Ge47ac602ef37a4dc,Cd7cad404ebb83c37a60b,10,True,regression,regression,True,completed,completed,high,,,,,https://github.com/lapid92/openpi/blob/f631acc42573a5de5217cd57de4bf7c9b4bf8891/examples/rescue_characterization/results/e7537584d348/raw-shards/libero-main-worker-1/part-0001.jsonl#L634,
new,rescue_characterization,libero,libero_object,pick_up_the_tomato_sauce_and_place_it_in_the_basket,libero:libero_object:5,standard,0,3016,25,87e12e4f17e0123e33b786a5a4158b21bcde3ed273d13e970ce38cf3f1c6e01d,Gacd15e4728da2f10,Cda785c3fafbda5cea2a0,10,True,regression,regression,True,completed,completed,high,,,,,https://github.com/lapid92/openpi/blob/f631acc42573a5de5217cd57de4bf7c9b4bf8891/examples/rescue_characterization/results/e7537584d348/raw-shards/libero-main-worker-3/part-0001.jsonl#L301,
new,rescue_characterization,libero_plus,libero_10,LIVING_ROOM_SCENE2_put_both_the_cream_cheese_box_and_the_butter_in_the_basket,libero_plus:libero_10:345,Robot Initial States,3,4008,27,69fd00355a6a837e41d4c04821e03a55d5d12b7e5aeeed92bf29324d96ee3eaf,G337d80c1daa69be4,Cdc3f6340e1f1b0478cd4,10,False,never_rescued,never_rescued,True,not completed,grasp,medium,,,,,https://github.com/lapid92/openpi/blob/f631acc42573a5de5217cd57de4bf7c9b4bf8891/examples/rescue_characterization/results/e7537584d348/raw-shards/libero_plus-main-worker-1/part-0003.jsonl#L38,
new,rescue_characterization,libero,libero_object,pick_up_the_tomato_sauce_and_place_it_in_the_basket,libero:libero_object:5,standard,0,3016,25,87e12e4f17e0123e33b786a5a4158b21bcde3ed273d13e970ce38cf3f1c6e01d,Gacd15e4728da2f10,Cdca132d00e8fcdcf4282,1,True,regression,regression,True,completed,completed,high,,,,,https://github.com/lapid92/openpi/blob/f631acc42573a5de5217cd57de4bf7c9b4bf8891/examples/rescue_characterization/results/e7537584d348/raw-shards/libero-main-worker-3/part-0001.jsonl#L302,
new,rescue_characterization,libero_plus,libero_10,LIVING_ROOM_SCENE6_put_the_white_mug_on_the_plate_and_put_the_chocolate_pudding_to_the_right_of_the_plate,libero_plus:libero_10:2195,Objects Layout,4,4007,0,9146ffd124214f40ad3bac1b82b3420acf21e998054b06c0a1476e2f447d80ef,G1d15b5eba0cb618a,Cdd50f054a86831ec4d31,2,True,rescue,rescue,True,completed,completed,medium,,,,,https://github.com/lapid92/openpi/blob/f631acc42573a5de5217cd57de4bf7c9b4bf8891/examples/rescue_characterization/results/e7537584d348/raw-shards/libero_plus-main-worker-1/part-0004.jsonl#L4,
new,rescue_characterization,libero_plus,libero_goal,put_the_bowl_on_the_stove,libero_plus:libero_goal:1146,Language Instructions,4,4003,22,fffac8ed81c52229fa9ebb3b0abd560eefde0616d8fcb299e897b48415d54075,Gc16b0a80c8bcd7c2,Cddccfe0f9be4139bd02d,4,False,rescue,rescue,True,not completed,approach,medium,,,,,https://github.com/lapid92/openpi/blob/f631acc42573a5de5217cd57de4bf7c9b4bf8891/examples/rescue_characterization/results/e7537584d348/raw-shards/libero_plus-main-worker-2/part-0002.jsonl#L279,
new,rescue_characterization,libero_plus,libero_object,pick_up_the_cream_cheese_and_place_it_in_the_basket,libero_plus:libero_object:1068,Language Instructions,3,4002,21,23c41660d4a648f4cfee4d6fac75ac46aa3af3352f49be6fdb0d2d1770c8df94,G1ee3b27cb9424309,Cde63382791f36ec95a54,1,False,rescue,rescue,True,not completed,approach,medium,,,,,https://github.com/lapid92/openpi/blob/f631acc42573a5de5217cd57de4bf7c9b4bf8891/examples/rescue_characterization/results/e7537584d348/raw-shards/libero_plus-main-worker-1/part-0001.jsonl#L606,
new,rescue_characterization,libero,libero_10,LIVING_ROOM_SCENE2_put_both_the_alphabet_soup_and_the_tomato_sauce_in_the_basket,libero:libero_10:0,standard,0,3004,13,a5772da869875502626dac37ef4f7ecf06ed2ebd12624447bfe8436d42f2ce49,G9b7cd2b6e43c13e6,Cdf50ddc940b46edba83c,1,False,rescue,rescue,True,unclear,placement,low,completed,completed,medium,,https://github.com/lapid92/openpi/blob/f631acc42573a5de5217cd57de4bf7c9b4bf8891/examples/rescue_characterization/results/e7537584d348/raw-shards/libero-main-worker-2/part-0001.jsonl#L574,
new,rescue_characterization,libero,libero_10,LIVING_ROOM_SCENE5_put_the_white_mug_on_the_left_plate_and_put_the_yellow_and_white_mug_on_the_right_plate,libero:libero_10:4,standard,0,3004,13,d1e95f79455d03edcd88f8bcd8536986dc3cf8ef1da9ac586fe00d443f8e0b2e,G3feab64fb7585af4,Cdf5a6d8bedfb883ce184,4,False,regression,regression,True,unclear,unclear,low,not completed,placement,high,,https://github.com/lapid92/openpi/blob/f631acc42573a5de5217cd57de4bf7c9b4bf8891/examples/rescue_characterization/results/e7537584d348/raw-shards/libero-main-worker-2/part-0002.jsonl#L1,
new,rescue_characterization,libero_plus,libero_spatial,pick_up_the_black_bowl_on_the_stove_and_place_it_on_the_plate,libero_plus:libero_spatial:873,Camera Viewpoints,4,4003,22,82319d1154573849ec780b17a58b14939b058ae16c67beb9957ed1dd2ffd68cb,G7c91f89ed27a883d,Ce228360d0d677d10fec0,10,False,regression,regression,True,unclear,placement,low,unclear,unclear,low,,https://github.com/lapid92/openpi/blob/f631acc42573a5de5217cd57de4bf7c9b4bf8891/examples/rescue_characterization/results/e7537584d348/raw-shards/libero_plus-main-worker-1/part-0001.jsonl#L172,
new,rescue_characterization,libero_plus,libero_10,LIVING_ROOM_SCENE6_put_the_white_mug_on_the_plate_and_put_the_chocolate_pudding_to_the_right_of_the_plate,libero_plus:libero_10:2195,Objects Layout,4,4002,0,9146ffd124214f40ad3bac1b82b3420acf21e998054b06c0a1476e2f447d80ef,Ge10a5fc1003e6264,Ce3c2ec7abe52c101af56,2,True,regression,regression,True,completed,completed,medium,completed,completed,medium,,https://github.com/lapid92/openpi/blob/f631acc42573a5de5217cd57de4bf7c9b4bf8891/examples/rescue_characterization/results/e7537584d348/raw-shards/libero_plus-main-worker-1/part-0003.jsonl#L294,
new,rescue_characterization,libero,libero_goal,open_the_top_drawer_and_put_the_bowl_inside,libero:libero_goal:3,standard,0,3007,16,4dcbb1c43e33950e78dcc45ab958ee2f15ed0590608a1addc1c99aa3ddafe861,Gb4b40bd986d07706,Ce4d66cabcbbc55fcb8e7,10,True,regression,regression,True,completed,completed,high,,,,,https://github.com/lapid92/openpi/blob/f631acc42573a5de5217cd57de4bf7c9b4bf8891/examples/rescue_characterization/results/e7537584d348/raw-shards/libero-main-worker-3/part-0001.jsonl#L426,
new,rescue_characterization,libero_plus,libero_goal,open_the_top_drawer_and_put_the_bowl_inside,libero_plus:libero_goal:35,Background Textures,3,4009,28,26d08f7bcdc140e009a1d6edfd2de4471fb0377c25893edef749bc010eafd884,Gc5f8d3b8a84e1010,Ce5cc75e3f7ca5b57cc32,1,False,never_rescued,never_rescued,True,not completed,grasp,medium,,,,,https://github.com/lapid92/openpi/blob/f631acc42573a5de5217cd57de4bf7c9b4bf8891/examples/rescue_characterization/results/e7537584d348/raw-shards/libero_plus-main-worker-1/part-0002.jsonl#L155,
new,rescue_characterization,libero,libero_goal,put_the_wine_bottle_on_the_rack,libero:libero_goal:9,standard,0,3006,15,9c44d7ab9f4bbab434c9688c73511fd91f5c5929515b82af91e9ad57b86413eb,G23edfcdde3b39a23,Ce60db1fa132b11c8ec0b,1,False,rescue,rescue,True,completed,completed,medium,completed,completed,high,,https://github.com/lapid92/openpi/blob/f631acc42573a5de5217cd57de4bf7c9b4bf8891/examples/rescue_characterization/results/e7537584d348/raw-shards/libero-main-worker-1/part-0001.jsonl#L584,
new,rescue_characterization,libero_plus,libero_10,LIVING_ROOM_SCENE2_put_both_the_alphabet_soup_and_the_tomato_sauce_in_the_basket,libero_plus:libero_10:691,Camera Viewpoints,3,4008,27,052ceb133943bb3c17a6949a83c15b7afba97698bf8d8754cf64b63181d927e2,Gf9f9b0f1ce88c73f,Ce631d0b3c0013b521fe4,10,True,rescue,rescue,True,completed,completed,medium,,,,,https://github.com/lapid92/openpi/blob/f631acc42573a5de5217cd57de4bf7c9b4bf8891/examples/rescue_characterization/results/e7537584d348/raw-shards/libero_plus-main-worker-2/part-0003.jsonl#L72,
new,rescue_characterization,libero_plus,libero_spatial,pick_up_the_black_bowl_on_the_stove_and_place_it_on_the_plate,libero_plus:libero_spatial:873,Camera Viewpoints,4,4006,25,2b579b50672d9baf9acae29e1feddfd03c89f2cb03bfe5d84a8bb0014f423fa1,Ge2ba69987337c526,Ce7b5b86476df5b6192d0,2,False,rescue,rescue,True,unclear,placement,low,unclear,placement,low,,https://github.com/lapid92/openpi/blob/f631acc42573a5de5217cd57de4bf7c9b4bf8891/examples/rescue_characterization/results/e7537584d348/raw-shards/libero_plus-main-worker-1/part-0001.jsonl#L183,
new,rescue_characterization,libero,libero_10,KITCHEN_SCENE8_put_both_moka_pots_on_the_stove,libero:libero_10:8,standard,0,3012,21,9e42025b1cce5338ad9ea19dc8b5748cf4677ad65e951914b3dd9991b3055b63,Gada064ba4e3d5c9a,Ce8c18902237ed3e38676,10,False,never_rescued,never_rescued,True,not completed,manipulation,medium,,,,,https://github.com/lapid92/openpi/blob/f631acc42573a5de5217cd57de4bf7c9b4bf8891/examples/rescue_characterization/results/e7537584d348/raw-shards/libero-main-worker-2/part-0002.jsonl#L110,
new,rescue_characterization,libero,libero_goal,put_the_bowl_on_the_stove,libero:libero_goal:1,standard,0,3018,27,c7e749eae4161f8c357fb1a40c8cfceb7e28367bab0864691bd79d8a40db110e,G6fd11df76811bb3a,Ce9824add21995f5a5238,10,False,rescue,rescue,True,not completed,grasp,high,not completed,grasp,high,,https://github.com/lapid92/openpi/blob/f631acc42573a5de5217cd57de4bf7c9b4bf8891/examples/rescue_characterization/results/e7537584d348/raw-shards/libero-main-worker-1/part-0001.jsonl#L471,
new,rescue_characterization,libero_plus,libero_goal,open_the_top_drawer_and_put_the_bowl_inside,libero_plus:libero_goal:785,Camera Viewpoints,3,4009,28,26d08f7bcdc140e009a1d6edfd2de4471fb0377c25893edef749bc010eafd884,G7cf75393d47fd9d6,Ceb6e620a2601c0a37749,1,False,never_rescued,never_rescued,True,not completed,grasp,medium,,,,,https://github.com/lapid92/openpi/blob/f631acc42573a5de5217cd57de4bf7c9b4bf8891/examples/rescue_characterization/results/e7537584d348/raw-shards/libero_plus-main-worker-2/part-0002.jsonl#L223,
new,rescue_characterization,libero,libero_spatial,pick_up_the_black_bowl_on_the_ramekin_and_place_it_on_the_plate,libero:libero_spatial:5,standard,0,3013,22,ee8e4157331954c562a92ace1d7af51fb0099876a4eaa5ff8926374864c8164f,G735054a775744c17,Ceba4a3c8260e25b3ab47,1,False,rescue,rescue,True,completed,completed,medium,unclear,unclear,low,,https://github.com/lapid92/openpi/blob/f631acc42573a5de5217cd57de4bf7c9b4bf8891/examples/rescue_characterization/results/e7537584d348/raw-shards/libero-main-worker-1/part-0001.jsonl#L129,
new,rescue_characterization,libero,libero_10,LIVING_ROOM_SCENE6_put_the_white_mug_on_the_plate_and_put_the_chocolate_pudding_to_the_right_of_the_plate,libero:libero_10:6,standard,0,3012,21,091f68d964eba6b4d1ea033b6a7db46cde077c9c6565d51b9844fd285d05ba84,G7bd0c5aa3e1341bd,Ced0bb787841fb2124be7,1,True,regression,regression,True,completed,completed,medium,not completed,placement,high,unclear,https://github.com/lapid92/openpi/blob/f631acc42573a5de5217cd57de4bf7c9b4bf8891/examples/rescue_characterization/results/e7537584d348/raw-shards/libero-main-worker-0/part-0002.jsonl#L24,
new,rescue_characterization,libero_plus,libero_spatial,pick_up_the_black_bowl_from_table_center_and_place_it_on_the_plate,libero_plus:libero_spatial:1461,Sensor Noise,4,4007,26,be6662154a0d0e253ab8a4b6efdfe69cb35ce9c940b925a4de07ddf2c7c9cbf7,Gfb31b8e2d95f0378,Cee17d0abec8620357495,2,True,regression,regression,True,completed,completed,medium,,,,,https://github.com/lapid92/openpi/blob/f631acc42573a5de5217cd57de4bf7c9b4bf8891/examples/rescue_characterization/results/e7537584d348/raw-shards/libero_plus-main-worker-1/part-0001.jsonl#L306,
new,rescue_characterization,libero_plus,libero_goal,open_the_top_drawer_and_put_the_bowl_inside,libero_plus:libero_goal:35,Background Textures,3,4002,21,06d00b1c7213aac2f1d397f89b984569390d951f8f45cf2a1fabc0858ebaf3e3,Ge041abb97d04c2ec,Cefd7d44a5acc818bcbc8,2,False,regression,regression,True,not completed,grasp,medium,,,,,https://github.com/lapid92/openpi/blob/f631acc42573a5de5217cd57de4bf7c9b4bf8891/examples/rescue_characterization/results/e7537584d348/raw-shards/libero_plus-main-worker-1/part-0002.jsonl#L127,
new,rescue_characterization,libero,libero_object,pick_up_the_tomato_sauce_and_place_it_in_the_basket,libero:libero_object:5,standard,0,3016,25,87e12e4f17e0123e33b786a5a4158b21bcde3ed273d13e970ce38cf3f1c6e01d,Gacd15e4728da2f10,Cf00e8d942b923d78d65f,4,True,regression,regression,True,completed,completed,high,,,,,https://github.com/lapid92/openpi/blob/f631acc42573a5de5217cd57de4bf7c9b4bf8891/examples/rescue_characterization/results/e7537584d348/raw-shards/libero-main-worker-3/part-0001.jsonl#L304,
new,rescue_characterization,libero_plus,libero_spatial,pick_up_the_black_bowl_on_the_stove_and_place_it_on_the_plate,libero_plus:libero_spatial:873,Camera Viewpoints,4,4003,22,82319d1154573849ec780b17a58b14939b058ae16c67beb9957ed1dd2ffd68cb,G7c91f89ed27a883d,Cf09d5770a075e52e161e,2,True,regression,regression,True,completed,completed,medium,,,,,https://github.com/lapid92/openpi/blob/f631acc42573a5de5217cd57de4bf7c9b4bf8891/examples/rescue_characterization/results/e7537584d348/raw-shards/libero_plus-main-worker-1/part-0001.jsonl#L170,
new,rescue_characterization,libero_plus,libero_goal,open_the_top_drawer_and_put_the_bowl_inside,libero_plus:libero_goal:35,Background Textures,3,4002,21,06d00b1c7213aac2f1d397f89b984569390d951f8f45cf2a1fabc0858ebaf3e3,Ge041abb97d04c2ec,Cf3093293d931c80340ca,10,True,regression,regression,True,completed,completed,high,,,,,https://github.com/lapid92/openpi/blob/f631acc42573a5de5217cd57de4bf7c9b4bf8891/examples/rescue_characterization/results/e7537584d348/raw-shards/libero_plus-main-worker-1/part-0002.jsonl#L125,
new,rescue_characterization,libero_plus,libero_goal,put_the_bowl_on_the_stove,libero_plus:libero_goal:1146,Language Instructions,4,4003,22,fffac8ed81c52229fa9ebb3b0abd560eefde0616d8fcb299e897b48415d54075,Gc16b0a80c8bcd7c2,Cf30e5bff0f62d554f902,2,True,rescue,rescue,True,completed,completed,high,,,,,https://github.com/lapid92/openpi/blob/f631acc42573a5de5217cd57de4bf7c9b4bf8891/examples/rescue_characterization/results/e7537584d348/raw-shards/libero_plus-main-worker-2/part-0002.jsonl#L282,
new,rescue_characterization,libero,libero_10,STUDY_SCENE1_pick_up_the_book_and_place_it_in_the_back_compartment_of_the_caddy,libero:libero_10:5,standard,0,3009,18,375083ca6c9ac0148a8821ed2b9cf5aedd191661dc54707967e67f777bc0e3ba,Gb4f4b6fe698a58f7,Cf351c028d50feb96ab1f,2,False,never_rescued,never_rescued,True,not completed,unclear,low,not completed,unclear,low,,https://github.com/lapid92/openpi/blob/f631acc42573a5de5217cd57de4bf7c9b4bf8891/examples/rescue_characterization/results/e7537584d348/raw-shards/libero-main-worker-3/part-0002.jsonl#L14,
new,rescue_characterization,libero_plus,libero_spatial,pick_up_the_black_bowl_on_the_cookie_box_and_place_it_on_the_plate,libero_plus:libero_spatial:734,Camera Viewpoints,3,4004,23,fa88150e97cd146fb482f33b8d99e6245ce3aa11a19719053a2de455235dc62d,Ge3abe279b1c13f63,Cf3c9f062fda299a1fcac,10,True,regression,regression,True,completed,completed,medium,,,,,https://github.com/lapid92/openpi/blob/f631acc42573a5de5217cd57de4bf7c9b4bf8891/examples/rescue_characterization/results/e7537584d348/raw-shards/libero_plus-main-worker-1/part-0001.jsonl#L135,
new,rescue_characterization,libero_plus,libero_object,pick_up_the_butter_and_place_it_in_the_basket,libero_plus:libero_object:81,Background Textures,3,4007,26,986bd4c46883cf81b8c9fdccc5a095f2e965110f06ec09faa30faa16a5fb788f,Gb9a283bc231f8b14,Cf3f03b63fb0bb9664857,10,True,rescue,rescue,True,completed,completed,high,completed,completed,high,,https://github.com/lapid92/openpi/blob/f631acc42573a5de5217cd57de4bf7c9b4bf8891/examples/rescue_characterization/results/e7537584d348/raw-shards/libero_plus-main-worker-0/part-0001.jsonl#L466,
new,rescue_characterization,libero_plus,libero_goal,open_the_middle_drawer_of_the_cabinet,libero_plus:libero_goal:286,Robot Initial States,3,4005,24,3bb4aa58c04fb9b1f6f5ae13ce05548f71b7b34e185c827b54e0aa4b5e8a06f3,G1eb5795994708a8b,Cf422e63768b1475f0494,2,False,never_rescued,never_rescued,True,unclear,unclear,low,unclear,unclear,low,,https://github.com/lapid92/openpi/blob/f631acc42573a5de5217cd57de4bf7c9b4bf8891/examples/rescue_characterization/results/e7537584d348/raw-shards/libero_plus-main-worker-2/part-0002.jsonl#L128,
new,rescue_characterization,libero,libero_10,KITCHEN_SCENE8_put_both_moka_pots_on_the_stove,libero:libero_10:8,standard,0,3004,13,b014292aff379f3a31351d630b9a03d4bb5477cdbf8ff90c24c7240296bc7d9d,Gc6677747c69f90c7,Cf6c994d677ceca17d3b3,2,False,never_rescued,never_rescued,True,not completed,manipulation,medium,,,,,https://github.com/lapid92/openpi/blob/f631acc42573a5de5217cd57de4bf7c9b4bf8891/examples/rescue_characterization/results/e7537584d348/raw-shards/libero-main-worker-2/part-0002.jsonl#L80,
new,rescue_characterization,libero_plus,libero_10,LIVING_ROOM_SCENE2_put_both_the_cream_cheese_box_and_the_butter_in_the_basket,libero_plus:libero_10:345,Robot Initial States,3,4001,20,1ddc6259e18ba32580516a16db9991698898aa83e150f096c5403b06f74cbe29,Gbb560c33d089a71c,Cf7080db17e0e398c1df9,4,False,never_rescued,never_rescued,True,not completed,grasp,medium,,,,,https://github.com/lapid92/openpi/blob/f631acc42573a5de5217cd57de4bf7c9b4bf8891/examples/rescue_characterization/results/e7537584d348/raw-shards/libero_plus-main-worker-1/part-0003.jsonl#L8,
new,rescue_characterization,libero_plus,libero_10,LIVING_ROOM_SCENE2_put_both_the_cream_cheese_box_and_the_butter_in_the_basket,libero_plus:libero_10:345,Robot Initial States,3,4010,29,92671e197d63e9a4a167fac77bdd3dfae3c79672f766c3c533ceefa427b4266e,Gf7a36b2945feefcc,Cf9b7ed33688d32a46b01,1,False,rescue,rescue,True,not completed,grasp,medium,,,,,https://github.com/lapid92/openpi/blob/f631acc42573a5de5217cd57de4bf7c9b4bf8891/examples/rescue_characterization/results/e7537584d348/raw-shards/libero_plus-main-worker-1/part-0003.jsonl#L45,
new,rescue_characterization,libero_plus,libero_10,LIVING_ROOM_SCENE2_put_both_the_cream_cheese_box_and_the_butter_in_the_basket,libero_plus:libero_10:345,Robot Initial States,3,4008,27,69fd00355a6a837e41d4c04821e03a55d5d12b7e5aeeed92bf29324d96ee3eaf,G337d80c1daa69be4,Cfa4e3d5f06a39c8b35e5,4,False,never_rescued,never_rescued,True,not completed,grasp,medium,,,,,https://github.com/lapid92/openpi/blob/f631acc42573a5de5217cd57de4bf7c9b4bf8891/examples/rescue_characterization/results/e7537584d348/raw-shards/libero_plus-main-worker-1/part-0003.jsonl#L37,
new,rescue_characterization,libero_plus,libero_spatial,pick_up_the_black_bowl_from_table_center_and_place_it_on_the_plate,libero_plus:libero_spatial:1461,Sensor Noise,4,4007,26,be6662154a0d0e253ab8a4b6efdfe69cb35ce9c940b925a4de07ddf2c7c9cbf7,Gfb31b8e2d95f0378,Cfd1df599a490dae47425,10,False,regression,regression,True,not completed,placement,medium,,,,,https://github.com/lapid92/openpi/blob/f631acc42573a5de5217cd57de4bf7c9b4bf8891/examples/rescue_characterization/results/e7537584d348/raw-shards/libero_plus-main-worker-1/part-0001.jsonl#L308,
new,rescue_characterization,libero_plus,libero_goal,put_the_bowl_on_the_stove,libero_plus:libero_goal:1558,Sensor Noise,3,4007,26,6c540dd59cc6ac86d340dca323b1bf219f06969b0feaafe5e70081f00a239cdd,Gc851ee3b66f265a3,Cfd515f71ec8e6cef4274,4,True,regression,regression,True,completed,completed,medium,,,,,https://github.com/lapid92/openpi/blob/f631acc42573a5de5217cd57de4bf7c9b4bf8891/examples/rescue_characterization/results/e7537584d348/raw-shards/libero_plus-main-worker-1/part-0002.jsonl#L387,
new,rescue_characterization,libero,libero_goal,open_the_middle_drawer_of_the_cabinet,libero:libero_goal:0,standard,0,3008,17,bf0666561721667a896c8bd8eef55851c579c71a73c7c0a31ff11ceef0e5a882,G3fba0db55f61a0e3,Cfd689222515b4293ed63,2,True,rescue,rescue,True,completed,completed,medium,,,,,https://github.com/lapid92/openpi/blob/f631acc42573a5de5217cd57de4bf7c9b4bf8891/examples/rescue_characterization/results/e7537584d348/raw-shards/libero-main-worker-0/part-0001.jsonl#L431,
new,rescue_characterization,libero_plus,libero_spatial,pick_up_the_black_bowl_on_the_stove_and_place_it_on_the_plate,libero_plus:libero_spatial:873,Camera Viewpoints,4,4003,22,82319d1154573849ec780b17a58b14939b058ae16c67beb9957ed1dd2ffd68cb,G7c91f89ed27a883d,Cff17872409f668514ba0,4,False,regression,regression,True,unclear,placement,low,unclear,unclear,low,,https://github.com/lapid92/openpi/blob/f631acc42573a5de5217cd57de4bf7c9b4bf8891/examples/rescue_characterization/results/e7537584d348/raw-shards/libero_plus-main-worker-1/part-0001.jsonl#L171,
new,rescue_characterization,libero_plus,libero_10,LIVING_ROOM_SCENE2_put_both_the_cream_cheese_box_and_the_butter_in_the_basket,libero_plus:libero_10:1150,Language Instructions,3,4003,22,532200c92d74b65c8986ca5b3f668d9e79da78fa9313362e644d8dfc60a2fa2b,G2e7cadeb53e42234,Cff515cc059f3ef34bbdf,2,True,regression,regression,True,completed,completed,high,,,,,https://github.com/lapid92/openpi/blob/f631acc42573a5de5217cd57de4bf7c9b4bf8891/examples/rescue_characterization/results/e7537584d348/raw-shards/libero_plus-main-worker-1/part-0003.jsonl#L137,
