benchmark,dimension,group,suites,families,task_identities,perturbation_types,severities,condition_ids,pairs,conditions,arm,successes,success_rate,one_step_failures,rescues,regressions,net_success_gain,rescue_fraction,ci95_low,ci95_high
libero,family,KITCHEN_SCENE3_turn_on_the_stove_and_put_the_moka_pot_on_it,libero_10,KITCHEN_SCENE3_turn_on_the_stove_and_put_the_moka_pot_on_it,KITCHEN_SCENE3_turn_on_the_stove_and_put_the_moka_pot_on_it,standard,0,libero:libero_10:2,10,1,1,10,1.0,0,0,0,0.0,,,
libero,family,KITCHEN_SCENE3_turn_on_the_stove_and_put_the_moka_pot_on_it,libero_10,KITCHEN_SCENE3_turn_on_the_stove_and_put_the_moka_pot_on_it,KITCHEN_SCENE3_turn_on_the_stove_and_put_the_moka_pot_on_it,standard,0,libero:libero_10:2,10,1,2,10,1.0,0,0,0,0.0,,,
libero,family,KITCHEN_SCENE3_turn_on_the_stove_and_put_the_moka_pot_on_it,libero_10,KITCHEN_SCENE3_turn_on_the_stove_and_put_the_moka_pot_on_it,KITCHEN_SCENE3_turn_on_the_stove_and_put_the_moka_pot_on_it,standard,0,libero:libero_10:2,10,1,4,10,1.0,0,0,0,0.0,,,
libero,family,KITCHEN_SCENE3_turn_on_the_stove_and_put_the_moka_pot_on_it,libero_10,KITCHEN_SCENE3_turn_on_the_stove_and_put_the_moka_pot_on_it,KITCHEN_SCENE3_turn_on_the_stove_and_put_the_moka_pot_on_it,standard,0,libero:libero_10:2,10,1,10,10,1.0,0,0,0,0.0,,,
libero,family,KITCHEN_SCENE4_put_the_black_bowl_in_the_bottom_drawer_of_the_cabinet_and_close_it,libero_10,KITCHEN_SCENE4_put_the_black_bowl_in_the_bottom_drawer_of_the_cabinet_and_close_it,KITCHEN_SCENE4_put_the_black_bowl_in_the_bottom_drawer_of_the_cabinet_and_close_it,standard,0,libero:libero_10:3,10,1,1,10,1.0,0,0,0,0.0,,,
libero,family,KITCHEN_SCENE4_put_the_black_bowl_in_the_bottom_drawer_of_the_cabinet_and_close_it,libero_10,KITCHEN_SCENE4_put_the_black_bowl_in_the_bottom_drawer_of_the_cabinet_and_close_it,KITCHEN_SCENE4_put_the_black_bowl_in_the_bottom_drawer_of_the_cabinet_and_close_it,standard,0,libero:libero_10:3,10,1,2,10,1.0,0,0,0,0.0,,,
libero,family,KITCHEN_SCENE4_put_the_black_bowl_in_the_bottom_drawer_of_the_cabinet_and_close_it,libero_10,KITCHEN_SCENE4_put_the_black_bowl_in_the_bottom_drawer_of_the_cabinet_and_close_it,KITCHEN_SCENE4_put_the_black_bowl_in_the_bottom_drawer_of_the_cabinet_and_close_it,standard,0,libero:libero_10:3,10,1,4,10,1.0,0,0,0,0.0,,,
libero,family,KITCHEN_SCENE4_put_the_black_bowl_in_the_bottom_drawer_of_the_cabinet_and_close_it,libero_10,KITCHEN_SCENE4_put_the_black_bowl_in_the_bottom_drawer_of_the_cabinet_and_close_it,KITCHEN_SCENE4_put_the_black_bowl_in_the_bottom_drawer_of_the_cabinet_and_close_it,standard,0,libero:libero_10:3,10,1,10,9,0.9,0,0,1,-0.1,,,
libero,family,KITCHEN_SCENE6_put_the_yellow_and_white_mug_in_the_microwave_and_close_it,libero_10,KITCHEN_SCENE6_put_the_yellow_and_white_mug_in_the_microwave_and_close_it,KITCHEN_SCENE6_put_the_yellow_and_white_mug_in_the_microwave_and_close_it,standard,0,libero:libero_10:9,10,1,1,10,1.0,0,0,0,0.0,,,
libero,family,KITCHEN_SCENE6_put_the_yellow_and_white_mug_in_the_microwave_and_close_it,libero_10,KITCHEN_SCENE6_put_the_yellow_and_white_mug_in_the_microwave_and_close_it,KITCHEN_SCENE6_put_the_yellow_and_white_mug_in_the_microwave_and_close_it,standard,0,libero:libero_10:9,10,1,2,9,0.9,0,0,1,-0.1,,,
libero,family,KITCHEN_SCENE6_put_the_yellow_and_white_mug_in_the_microwave_and_close_it,libero_10,KITCHEN_SCENE6_put_the_yellow_and_white_mug_in_the_microwave_and_close_it,KITCHEN_SCENE6_put_the_yellow_and_white_mug_in_the_microwave_and_close_it,standard,0,libero:libero_10:9,10,1,4,9,0.9,0,0,1,-0.1,,,
libero,family,KITCHEN_SCENE6_put_the_yellow_and_white_mug_in_the_microwave_and_close_it,libero_10,KITCHEN_SCENE6_put_the_yellow_and_white_mug_in_the_microwave_and_close_it,KITCHEN_SCENE6_put_the_yellow_and_white_mug_in_the_microwave_and_close_it,standard,0,libero:libero_10:9,10,1,10,9,0.9,0,0,1,-0.1,,,
libero,family,KITCHEN_SCENE8_put_both_moka_pots_on_the_stove,libero_10,KITCHEN_SCENE8_put_both_moka_pots_on_the_stove,KITCHEN_SCENE8_put_both_moka_pots_on_the_stove,standard,0,libero:libero_10:8,10,1,1,6,0.6,4,0,0,0.0,0.0,,
libero,family,KITCHEN_SCENE8_put_both_moka_pots_on_the_stove,libero_10,KITCHEN_SCENE8_put_both_moka_pots_on_the_stove,KITCHEN_SCENE8_put_both_moka_pots_on_the_stove,standard,0,libero:libero_10:8,10,1,2,7,0.7,4,2,1,0.1,0.5,,
libero,family,KITCHEN_SCENE8_put_both_moka_pots_on_the_stove,libero_10,KITCHEN_SCENE8_put_both_moka_pots_on_the_stove,KITCHEN_SCENE8_put_both_moka_pots_on_the_stove,standard,0,libero:libero_10:8,10,1,4,4,0.4,4,2,4,-0.2,0.5,,
libero,family,KITCHEN_SCENE8_put_both_moka_pots_on_the_stove,libero_10,KITCHEN_SCENE8_put_both_moka_pots_on_the_stove,KITCHEN_SCENE8_put_both_moka_pots_on_the_stove,standard,0,libero:libero_10:8,10,1,10,4,0.4,4,2,4,-0.2,0.5,,
libero,family,LIVING_ROOM_SCENE1_put_both_the_alphabet_soup_and_the_cream_cheese_box_in_the_basket,libero_10,LIVING_ROOM_SCENE1_put_both_the_alphabet_soup_and_the_cream_cheese_box_in_the_basket,LIVING_ROOM_SCENE1_put_both_the_alphabet_soup_and_the_cream_cheese_box_in_the_basket,standard,0,libero:libero_10:7,10,1,1,9,0.9,1,0,0,0.0,0.0,,
libero,family,LIVING_ROOM_SCENE1_put_both_the_alphabet_soup_and_the_cream_cheese_box_in_the_basket,libero_10,LIVING_ROOM_SCENE1_put_both_the_alphabet_soup_and_the_cream_cheese_box_in_the_basket,LIVING_ROOM_SCENE1_put_both_the_alphabet_soup_and_the_cream_cheese_box_in_the_basket,standard,0,libero:libero_10:7,10,1,2,9,0.9,1,0,0,0.0,0.0,,
libero,family,LIVING_ROOM_SCENE1_put_both_the_alphabet_soup_and_the_cream_cheese_box_in_the_basket,libero_10,LIVING_ROOM_SCENE1_put_both_the_alphabet_soup_and_the_cream_cheese_box_in_the_basket,LIVING_ROOM_SCENE1_put_both_the_alphabet_soup_and_the_cream_cheese_box_in_the_basket,standard,0,libero:libero_10:7,10,1,4,9,0.9,1,1,1,0.0,1.0,,
libero,family,LIVING_ROOM_SCENE1_put_both_the_alphabet_soup_and_the_cream_cheese_box_in_the_basket,libero_10,LIVING_ROOM_SCENE1_put_both_the_alphabet_soup_and_the_cream_cheese_box_in_the_basket,LIVING_ROOM_SCENE1_put_both_the_alphabet_soup_and_the_cream_cheese_box_in_the_basket,standard,0,libero:libero_10:7,10,1,10,10,1.0,1,1,0,0.1,1.0,,
libero,family,LIVING_ROOM_SCENE2_put_both_the_alphabet_soup_and_the_tomato_sauce_in_the_basket,libero_10,LIVING_ROOM_SCENE2_put_both_the_alphabet_soup_and_the_tomato_sauce_in_the_basket,LIVING_ROOM_SCENE2_put_both_the_alphabet_soup_and_the_tomato_sauce_in_the_basket,standard,0,libero:libero_10:0,10,1,1,10,1.0,0,0,0,0.0,,,
libero,family,LIVING_ROOM_SCENE2_put_both_the_alphabet_soup_and_the_tomato_sauce_in_the_basket,libero_10,LIVING_ROOM_SCENE2_put_both_the_alphabet_soup_and_the_tomato_sauce_in_the_basket,LIVING_ROOM_SCENE2_put_both_the_alphabet_soup_and_the_tomato_sauce_in_the_basket,standard,0,libero:libero_10:0,10,1,2,10,1.0,0,0,0,0.0,,,
libero,family,LIVING_ROOM_SCENE2_put_both_the_alphabet_soup_and_the_tomato_sauce_in_the_basket,libero_10,LIVING_ROOM_SCENE2_put_both_the_alphabet_soup_and_the_tomato_sauce_in_the_basket,LIVING_ROOM_SCENE2_put_both_the_alphabet_soup_and_the_tomato_sauce_in_the_basket,standard,0,libero:libero_10:0,10,1,4,10,1.0,0,0,0,0.0,,,
libero,family,LIVING_ROOM_SCENE2_put_both_the_alphabet_soup_and_the_tomato_sauce_in_the_basket,libero_10,LIVING_ROOM_SCENE2_put_both_the_alphabet_soup_and_the_tomato_sauce_in_the_basket,LIVING_ROOM_SCENE2_put_both_the_alphabet_soup_and_the_tomato_sauce_in_the_basket,standard,0,libero:libero_10:0,10,1,10,10,1.0,0,0,0,0.0,,,
libero,family,LIVING_ROOM_SCENE2_put_both_the_cream_cheese_box_and_the_butter_in_the_basket,libero_10,LIVING_ROOM_SCENE2_put_both_the_cream_cheese_box_and_the_butter_in_the_basket,LIVING_ROOM_SCENE2_put_both_the_cream_cheese_box_and_the_butter_in_the_basket,standard,0,libero:libero_10:1,10,1,1,10,1.0,0,0,0,0.0,,,
libero,family,LIVING_ROOM_SCENE2_put_both_the_cream_cheese_box_and_the_butter_in_the_basket,libero_10,LIVING_ROOM_SCENE2_put_both_the_cream_cheese_box_and_the_butter_in_the_basket,LIVING_ROOM_SCENE2_put_both_the_cream_cheese_box_and_the_butter_in_the_basket,standard,0,libero:libero_10:1,10,1,2,10,1.0,0,0,0,0.0,,,
libero,family,LIVING_ROOM_SCENE2_put_both_the_cream_cheese_box_and_the_butter_in_the_basket,libero_10,LIVING_ROOM_SCENE2_put_both_the_cream_cheese_box_and_the_butter_in_the_basket,LIVING_ROOM_SCENE2_put_both_the_cream_cheese_box_and_the_butter_in_the_basket,standard,0,libero:libero_10:1,10,1,4,10,1.0,0,0,0,0.0,,,
libero,family,LIVING_ROOM_SCENE2_put_both_the_cream_cheese_box_and_the_butter_in_the_basket,libero_10,LIVING_ROOM_SCENE2_put_both_the_cream_cheese_box_and_the_butter_in_the_basket,LIVING_ROOM_SCENE2_put_both_the_cream_cheese_box_and_the_butter_in_the_basket,standard,0,libero:libero_10:1,10,1,10,10,1.0,0,0,0,0.0,,,
libero,family,LIVING_ROOM_SCENE5_put_the_white_mug_on_the_left_plate_and_put_the_yellow_and_white_mug_on_the_right_plate,libero_10,LIVING_ROOM_SCENE5_put_the_white_mug_on_the_left_plate_and_put_the_yellow_and_white_mug_on_the_right_plate,LIVING_ROOM_SCENE5_put_the_white_mug_on_the_left_plate_and_put_the_yellow_and_white_mug_on_the_right_plate,standard,0,libero:libero_10:4,10,1,1,10,1.0,0,0,0,0.0,,,
libero,family,LIVING_ROOM_SCENE5_put_the_white_mug_on_the_left_plate_and_put_the_yellow_and_white_mug_on_the_right_plate,libero_10,LIVING_ROOM_SCENE5_put_the_white_mug_on_the_left_plate_and_put_the_yellow_and_white_mug_on_the_right_plate,LIVING_ROOM_SCENE5_put_the_white_mug_on_the_left_plate_and_put_the_yellow_and_white_mug_on_the_right_plate,standard,0,libero:libero_10:4,10,1,2,10,1.0,0,0,0,0.0,,,
libero,family,LIVING_ROOM_SCENE5_put_the_white_mug_on_the_left_plate_and_put_the_yellow_and_white_mug_on_the_right_plate,libero_10,LIVING_ROOM_SCENE5_put_the_white_mug_on_the_left_plate_and_put_the_yellow_and_white_mug_on_the_right_plate,LIVING_ROOM_SCENE5_put_the_white_mug_on_the_left_plate_and_put_the_yellow_and_white_mug_on_the_right_plate,standard,0,libero:libero_10:4,10,1,4,10,1.0,0,0,0,0.0,,,
libero,family,LIVING_ROOM_SCENE5_put_the_white_mug_on_the_left_plate_and_put_the_yellow_and_white_mug_on_the_right_plate,libero_10,LIVING_ROOM_SCENE5_put_the_white_mug_on_the_left_plate_and_put_the_yellow_and_white_mug_on_the_right_plate,LIVING_ROOM_SCENE5_put_the_white_mug_on_the_left_plate_and_put_the_yellow_and_white_mug_on_the_right_plate,standard,0,libero:libero_10:4,10,1,10,10,1.0,0,0,0,0.0,,,
libero,family,LIVING_ROOM_SCENE6_put_the_white_mug_on_the_plate_and_put_the_chocolate_pudding_to_the_right_of_the_plate,libero_10,LIVING_ROOM_SCENE6_put_the_white_mug_on_the_plate_and_put_the_chocolate_pudding_to_the_right_of_the_plate,LIVING_ROOM_SCENE6_put_the_white_mug_on_the_plate_and_put_the_chocolate_pudding_to_the_right_of_the_plate,standard,0,libero:libero_10:6,10,1,1,9,0.9,1,0,0,0.0,0.0,,
libero,family,LIVING_ROOM_SCENE6_put_the_white_mug_on_the_plate_and_put_the_chocolate_pudding_to_the_right_of_the_plate,libero_10,LIVING_ROOM_SCENE6_put_the_white_mug_on_the_plate_and_put_the_chocolate_pudding_to_the_right_of_the_plate,LIVING_ROOM_SCENE6_put_the_white_mug_on_the_plate_and_put_the_chocolate_pudding_to_the_right_of_the_plate,standard,0,libero:libero_10:6,10,1,2,10,1.0,1,1,0,0.1,1.0,,
libero,family,LIVING_ROOM_SCENE6_put_the_white_mug_on_the_plate_and_put_the_chocolate_pudding_to_the_right_of_the_plate,libero_10,LIVING_ROOM_SCENE6_put_the_white_mug_on_the_plate_and_put_the_chocolate_pudding_to_the_right_of_the_plate,LIVING_ROOM_SCENE6_put_the_white_mug_on_the_plate_and_put_the_chocolate_pudding_to_the_right_of_the_plate,standard,0,libero:libero_10:6,10,1,4,10,1.0,1,1,0,0.1,1.0,,
libero,family,LIVING_ROOM_SCENE6_put_the_white_mug_on_the_plate_and_put_the_chocolate_pudding_to_the_right_of_the_plate,libero_10,LIVING_ROOM_SCENE6_put_the_white_mug_on_the_plate_and_put_the_chocolate_pudding_to_the_right_of_the_plate,LIVING_ROOM_SCENE6_put_the_white_mug_on_the_plate_and_put_the_chocolate_pudding_to_the_right_of_the_plate,standard,0,libero:libero_10:6,10,1,10,9,0.9,1,1,1,0.0,1.0,,
libero,family,STUDY_SCENE1_pick_up_the_book_and_place_it_in_the_back_compartment_of_the_caddy,libero_10,STUDY_SCENE1_pick_up_the_book_and_place_it_in_the_back_compartment_of_the_caddy,STUDY_SCENE1_pick_up_the_book_and_place_it_in_the_back_compartment_of_the_caddy,standard,0,libero:libero_10:5,10,1,1,9,0.9,1,0,0,0.0,0.0,,
libero,family,STUDY_SCENE1_pick_up_the_book_and_place_it_in_the_back_compartment_of_the_caddy,libero_10,STUDY_SCENE1_pick_up_the_book_and_place_it_in_the_back_compartment_of_the_caddy,STUDY_SCENE1_pick_up_the_book_and_place_it_in_the_back_compartment_of_the_caddy,standard,0,libero:libero_10:5,10,1,2,10,1.0,1,1,0,0.1,1.0,,
libero,family,STUDY_SCENE1_pick_up_the_book_and_place_it_in_the_back_compartment_of_the_caddy,libero_10,STUDY_SCENE1_pick_up_the_book_and_place_it_in_the_back_compartment_of_the_caddy,STUDY_SCENE1_pick_up_the_book_and_place_it_in_the_back_compartment_of_the_caddy,standard,0,libero:libero_10:5,10,1,4,10,1.0,1,1,0,0.1,1.0,,
libero,family,STUDY_SCENE1_pick_up_the_book_and_place_it_in_the_back_compartment_of_the_caddy,libero_10,STUDY_SCENE1_pick_up_the_book_and_place_it_in_the_back_compartment_of_the_caddy,STUDY_SCENE1_pick_up_the_book_and_place_it_in_the_back_compartment_of_the_caddy,standard,0,libero:libero_10:5,10,1,10,10,1.0,1,1,0,0.1,1.0,,
libero,family,open_the_middle_drawer_of_the_cabinet,libero_goal,open_the_middle_drawer_of_the_cabinet,open_the_middle_drawer_of_the_cabinet,standard,0,libero:libero_goal:0,10,1,1,9,0.9,1,0,0,0.0,0.0,,
libero,family,open_the_middle_drawer_of_the_cabinet,libero_goal,open_the_middle_drawer_of_the_cabinet,open_the_middle_drawer_of_the_cabinet,standard,0,libero:libero_goal:0,10,1,2,10,1.0,1,1,0,0.1,1.0,,
libero,family,open_the_middle_drawer_of_the_cabinet,libero_goal,open_the_middle_drawer_of_the_cabinet,open_the_middle_drawer_of_the_cabinet,standard,0,libero:libero_goal:0,10,1,4,10,1.0,1,1,0,0.1,1.0,,
libero,family,open_the_middle_drawer_of_the_cabinet,libero_goal,open_the_middle_drawer_of_the_cabinet,open_the_middle_drawer_of_the_cabinet,standard,0,libero:libero_goal:0,10,1,10,10,1.0,1,1,0,0.1,1.0,,
libero,family,open_the_top_drawer_and_put_the_bowl_inside,libero_goal,open_the_top_drawer_and_put_the_bowl_inside,open_the_top_drawer_and_put_the_bowl_inside,standard,0,libero:libero_goal:3,10,1,1,8,0.8,2,0,0,0.0,0.0,,
libero,family,open_the_top_drawer_and_put_the_bowl_inside,libero_goal,open_the_top_drawer_and_put_the_bowl_inside,open_the_top_drawer_and_put_the_bowl_inside,standard,0,libero:libero_goal:3,10,1,2,9,0.9,2,1,0,0.1,0.5,,
libero,family,open_the_top_drawer_and_put_the_bowl_inside,libero_goal,open_the_top_drawer_and_put_the_bowl_inside,open_the_top_drawer_and_put_the_bowl_inside,standard,0,libero:libero_goal:3,10,1,4,9,0.9,2,1,0,0.1,0.5,,
libero,family,open_the_top_drawer_and_put_the_bowl_inside,libero_goal,open_the_top_drawer_and_put_the_bowl_inside,open_the_top_drawer_and_put_the_bowl_inside,standard,0,libero:libero_goal:3,10,1,10,9,0.9,2,1,0,0.1,0.5,,
libero,family,pick_up_the_alphabet_soup_and_place_it_in_the_basket,libero_object,pick_up_the_alphabet_soup_and_place_it_in_the_basket,pick_up_the_alphabet_soup_and_place_it_in_the_basket,standard,0,libero:libero_object:0,10,1,1,10,1.0,0,0,0,0.0,,,
libero,family,pick_up_the_alphabet_soup_and_place_it_in_the_basket,libero_object,pick_up_the_alphabet_soup_and_place_it_in_the_basket,pick_up_the_alphabet_soup_and_place_it_in_the_basket,standard,0,libero:libero_object:0,10,1,2,10,1.0,0,0,0,0.0,,,
libero,family,pick_up_the_alphabet_soup_and_place_it_in_the_basket,libero_object,pick_up_the_alphabet_soup_and_place_it_in_the_basket,pick_up_the_alphabet_soup_and_place_it_in_the_basket,standard,0,libero:libero_object:0,10,1,4,10,1.0,0,0,0,0.0,,,
libero,family,pick_up_the_alphabet_soup_and_place_it_in_the_basket,libero_object,pick_up_the_alphabet_soup_and_place_it_in_the_basket,pick_up_the_alphabet_soup_and_place_it_in_the_basket,standard,0,libero:libero_object:0,10,1,10,9,0.9,0,0,1,-0.1,,,
libero,family,pick_up_the_bbq_sauce_and_place_it_in_the_basket,libero_object,pick_up_the_bbq_sauce_and_place_it_in_the_basket,pick_up_the_bbq_sauce_and_place_it_in_the_basket,standard,0,libero:libero_object:3,10,1,1,10,1.0,0,0,0,0.0,,,
libero,family,pick_up_the_bbq_sauce_and_place_it_in_the_basket,libero_object,pick_up_the_bbq_sauce_and_place_it_in_the_basket,pick_up_the_bbq_sauce_and_place_it_in_the_basket,standard,0,libero:libero_object:3,10,1,2,10,1.0,0,0,0,0.0,,,
libero,family,pick_up_the_bbq_sauce_and_place_it_in_the_basket,libero_object,pick_up_the_bbq_sauce_and_place_it_in_the_basket,pick_up_the_bbq_sauce_and_place_it_in_the_basket,standard,0,libero:libero_object:3,10,1,4,10,1.0,0,0,0,0.0,,,
libero,family,pick_up_the_bbq_sauce_and_place_it_in_the_basket,libero_object,pick_up_the_bbq_sauce_and_place_it_in_the_basket,pick_up_the_bbq_sauce_and_place_it_in_the_basket,standard,0,libero:libero_object:3,10,1,10,9,0.9,0,0,1,-0.1,,,
libero,family,pick_up_the_black_bowl_between_the_plate_and_the_ramekin_and_place_it_on_the_plate,libero_spatial,pick_up_the_black_bowl_between_the_plate_and_the_ramekin_and_place_it_on_the_plate,pick_up_the_black_bowl_between_the_plate_and_the_ramekin_and_place_it_on_the_plate,standard,0,libero:libero_spatial:0,10,1,1,10,1.0,0,0,0,0.0,,,
libero,family,pick_up_the_black_bowl_between_the_plate_and_the_ramekin_and_place_it_on_the_plate,libero_spatial,pick_up_the_black_bowl_between_the_plate_and_the_ramekin_and_place_it_on_the_plate,pick_up_the_black_bowl_between_the_plate_and_the_ramekin_and_place_it_on_the_plate,standard,0,libero:libero_spatial:0,10,1,2,10,1.0,0,0,0,0.0,,,
libero,family,pick_up_the_black_bowl_between_the_plate_and_the_ramekin_and_place_it_on_the_plate,libero_spatial,pick_up_the_black_bowl_between_the_plate_and_the_ramekin_and_place_it_on_the_plate,pick_up_the_black_bowl_between_the_plate_and_the_ramekin_and_place_it_on_the_plate,standard,0,libero:libero_spatial:0,10,1,4,10,1.0,0,0,0,0.0,,,
libero,family,pick_up_the_black_bowl_between_the_plate_and_the_ramekin_and_place_it_on_the_plate,libero_spatial,pick_up_the_black_bowl_between_the_plate_and_the_ramekin_and_place_it_on_the_plate,pick_up_the_black_bowl_between_the_plate_and_the_ramekin_and_place_it_on_the_plate,standard,0,libero:libero_spatial:0,10,1,10,10,1.0,0,0,0,0.0,,,
libero,family,pick_up_the_black_bowl_from_table_center_and_place_it_on_the_plate,libero_spatial,pick_up_the_black_bowl_from_table_center_and_place_it_on_the_plate,pick_up_the_black_bowl_from_table_center_and_place_it_on_the_plate,standard,0,libero:libero_spatial:2,10,1,1,10,1.0,0,0,0,0.0,,,
libero,family,pick_up_the_black_bowl_from_table_center_and_place_it_on_the_plate,libero_spatial,pick_up_the_black_bowl_from_table_center_and_place_it_on_the_plate,pick_up_the_black_bowl_from_table_center_and_place_it_on_the_plate,standard,0,libero:libero_spatial:2,10,1,2,10,1.0,0,0,0,0.0,,,
libero,family,pick_up_the_black_bowl_from_table_center_and_place_it_on_the_plate,libero_spatial,pick_up_the_black_bowl_from_table_center_and_place_it_on_the_plate,pick_up_the_black_bowl_from_table_center_and_place_it_on_the_plate,standard,0,libero:libero_spatial:2,10,1,4,10,1.0,0,0,0,0.0,,,
libero,family,pick_up_the_black_bowl_from_table_center_and_place_it_on_the_plate,libero_spatial,pick_up_the_black_bowl_from_table_center_and_place_it_on_the_plate,pick_up_the_black_bowl_from_table_center_and_place_it_on_the_plate,standard,0,libero:libero_spatial:2,10,1,10,10,1.0,0,0,0,0.0,,,
libero,family,pick_up_the_black_bowl_in_the_top_drawer_of_the_wooden_cabinet_and_place_it_on_the_plate,libero_spatial,pick_up_the_black_bowl_in_the_top_drawer_of_the_wooden_cabinet_and_place_it_on_the_plate,pick_up_the_black_bowl_in_the_top_drawer_of_the_wooden_cabinet_and_place_it_on_the_plate,standard,0,libero:libero_spatial:4,10,1,1,10,1.0,0,0,0,0.0,,,
libero,family,pick_up_the_black_bowl_in_the_top_drawer_of_the_wooden_cabinet_and_place_it_on_the_plate,libero_spatial,pick_up_the_black_bowl_in_the_top_drawer_of_the_wooden_cabinet_and_place_it_on_the_plate,pick_up_the_black_bowl_in_the_top_drawer_of_the_wooden_cabinet_and_place_it_on_the_plate,standard,0,libero:libero_spatial:4,10,1,2,10,1.0,0,0,0,0.0,,,
libero,family,pick_up_the_black_bowl_in_the_top_drawer_of_the_wooden_cabinet_and_place_it_on_the_plate,libero_spatial,pick_up_the_black_bowl_in_the_top_drawer_of_the_wooden_cabinet_and_place_it_on_the_plate,pick_up_the_black_bowl_in_the_top_drawer_of_the_wooden_cabinet_and_place_it_on_the_plate,standard,0,libero:libero_spatial:4,10,1,4,10,1.0,0,0,0,0.0,,,
libero,family,pick_up_the_black_bowl_in_the_top_drawer_of_the_wooden_cabinet_and_place_it_on_the_plate,libero_spatial,pick_up_the_black_bowl_in_the_top_drawer_of_the_wooden_cabinet_and_place_it_on_the_plate,pick_up_the_black_bowl_in_the_top_drawer_of_the_wooden_cabinet_and_place_it_on_the_plate,standard,0,libero:libero_spatial:4,10,1,10,10,1.0,0,0,0,0.0,,,
libero,family,pick_up_the_black_bowl_next_to_the_cookie_box_and_place_it_on_the_plate,libero_spatial,pick_up_the_black_bowl_next_to_the_cookie_box_and_place_it_on_the_plate,pick_up_the_black_bowl_next_to_the_cookie_box_and_place_it_on_the_plate,standard,0,libero:libero_spatial:6,10,1,1,10,1.0,0,0,0,0.0,,,
libero,family,pick_up_the_black_bowl_next_to_the_cookie_box_and_place_it_on_the_plate,libero_spatial,pick_up_the_black_bowl_next_to_the_cookie_box_and_place_it_on_the_plate,pick_up_the_black_bowl_next_to_the_cookie_box_and_place_it_on_the_plate,standard,0,libero:libero_spatial:6,10,1,2,10,1.0,0,0,0,0.0,,,
libero,family,pick_up_the_black_bowl_next_to_the_cookie_box_and_place_it_on_the_plate,libero_spatial,pick_up_the_black_bowl_next_to_the_cookie_box_and_place_it_on_the_plate,pick_up_the_black_bowl_next_to_the_cookie_box_and_place_it_on_the_plate,standard,0,libero:libero_spatial:6,10,1,4,10,1.0,0,0,0,0.0,,,
libero,family,pick_up_the_black_bowl_next_to_the_cookie_box_and_place_it_on_the_plate,libero_spatial,pick_up_the_black_bowl_next_to_the_cookie_box_and_place_it_on_the_plate,pick_up_the_black_bowl_next_to_the_cookie_box_and_place_it_on_the_plate,standard,0,libero:libero_spatial:6,10,1,10,10,1.0,0,0,0,0.0,,,
libero,family,pick_up_the_black_bowl_next_to_the_plate_and_place_it_on_the_plate,libero_spatial,pick_up_the_black_bowl_next_to_the_plate_and_place_it_on_the_plate,pick_up_the_black_bowl_next_to_the_plate_and_place_it_on_the_plate,standard,0,libero:libero_spatial:8,10,1,1,10,1.0,0,0,0,0.0,,,
libero,family,pick_up_the_black_bowl_next_to_the_plate_and_place_it_on_the_plate,libero_spatial,pick_up_the_black_bowl_next_to_the_plate_and_place_it_on_the_plate,pick_up_the_black_bowl_next_to_the_plate_and_place_it_on_the_plate,standard,0,libero:libero_spatial:8,10,1,2,10,1.0,0,0,0,0.0,,,
libero,family,pick_up_the_black_bowl_next_to_the_plate_and_place_it_on_the_plate,libero_spatial,pick_up_the_black_bowl_next_to_the_plate_and_place_it_on_the_plate,pick_up_the_black_bowl_next_to_the_plate_and_place_it_on_the_plate,standard,0,libero:libero_spatial:8,10,1,4,10,1.0,0,0,0,0.0,,,
libero,family,pick_up_the_black_bowl_next_to_the_plate_and_place_it_on_the_plate,libero_spatial,pick_up_the_black_bowl_next_to_the_plate_and_place_it_on_the_plate,pick_up_the_black_bowl_next_to_the_plate_and_place_it_on_the_plate,standard,0,libero:libero_spatial:8,10,1,10,10,1.0,0,0,0,0.0,,,
libero,family,pick_up_the_black_bowl_next_to_the_ramekin_and_place_it_on_the_plate,libero_spatial,pick_up_the_black_bowl_next_to_the_ramekin_and_place_it_on_the_plate,pick_up_the_black_bowl_next_to_the_ramekin_and_place_it_on_the_plate,standard,0,libero:libero_spatial:1,10,1,1,10,1.0,0,0,0,0.0,,,
libero,family,pick_up_the_black_bowl_next_to_the_ramekin_and_place_it_on_the_plate,libero_spatial,pick_up_the_black_bowl_next_to_the_ramekin_and_place_it_on_the_plate,pick_up_the_black_bowl_next_to_the_ramekin_and_place_it_on_the_plate,standard,0,libero:libero_spatial:1,10,1,2,10,1.0,0,0,0,0.0,,,
libero,family,pick_up_the_black_bowl_next_to_the_ramekin_and_place_it_on_the_plate,libero_spatial,pick_up_the_black_bowl_next_to_the_ramekin_and_place_it_on_the_plate,pick_up_the_black_bowl_next_to_the_ramekin_and_place_it_on_the_plate,standard,0,libero:libero_spatial:1,10,1,4,10,1.0,0,0,0,0.0,,,
libero,family,pick_up_the_black_bowl_next_to_the_ramekin_and_place_it_on_the_plate,libero_spatial,pick_up_the_black_bowl_next_to_the_ramekin_and_place_it_on_the_plate,pick_up_the_black_bowl_next_to_the_ramekin_and_place_it_on_the_plate,standard,0,libero:libero_spatial:1,10,1,10,10,1.0,0,0,0,0.0,,,
libero,family,pick_up_the_black_bowl_on_the_cookie_box_and_place_it_on_the_plate,libero_spatial,pick_up_the_black_bowl_on_the_cookie_box_and_place_it_on_the_plate,pick_up_the_black_bowl_on_the_cookie_box_and_place_it_on_the_plate,standard,0,libero:libero_spatial:3,10,1,1,10,1.0,0,0,0,0.0,,,
libero,family,pick_up_the_black_bowl_on_the_cookie_box_and_place_it_on_the_plate,libero_spatial,pick_up_the_black_bowl_on_the_cookie_box_and_place_it_on_the_plate,pick_up_the_black_bowl_on_the_cookie_box_and_place_it_on_the_plate,standard,0,libero:libero_spatial:3,10,1,2,10,1.0,0,0,0,0.0,,,
libero,family,pick_up_the_black_bowl_on_the_cookie_box_and_place_it_on_the_plate,libero_spatial,pick_up_the_black_bowl_on_the_cookie_box_and_place_it_on_the_plate,pick_up_the_black_bowl_on_the_cookie_box_and_place_it_on_the_plate,standard,0,libero:libero_spatial:3,10,1,4,10,1.0,0,0,0,0.0,,,
libero,family,pick_up_the_black_bowl_on_the_cookie_box_and_place_it_on_the_plate,libero_spatial,pick_up_the_black_bowl_on_the_cookie_box_and_place_it_on_the_plate,pick_up_the_black_bowl_on_the_cookie_box_and_place_it_on_the_plate,standard,0,libero:libero_spatial:3,10,1,10,10,1.0,0,0,0,0.0,,,
libero,family,pick_up_the_black_bowl_on_the_ramekin_and_place_it_on_the_plate,libero_spatial,pick_up_the_black_bowl_on_the_ramekin_and_place_it_on_the_plate,pick_up_the_black_bowl_on_the_ramekin_and_place_it_on_the_plate,standard,0,libero:libero_spatial:5,10,1,1,10,1.0,0,0,0,0.0,,,
libero,family,pick_up_the_black_bowl_on_the_ramekin_and_place_it_on_the_plate,libero_spatial,pick_up_the_black_bowl_on_the_ramekin_and_place_it_on_the_plate,pick_up_the_black_bowl_on_the_ramekin_and_place_it_on_the_plate,standard,0,libero:libero_spatial:5,10,1,2,10,1.0,0,0,0,0.0,,,
libero,family,pick_up_the_black_bowl_on_the_ramekin_and_place_it_on_the_plate,libero_spatial,pick_up_the_black_bowl_on_the_ramekin_and_place_it_on_the_plate,pick_up_the_black_bowl_on_the_ramekin_and_place_it_on_the_plate,standard,0,libero:libero_spatial:5,10,1,4,9,0.9,0,0,1,-0.1,,,
libero,family,pick_up_the_black_bowl_on_the_ramekin_and_place_it_on_the_plate,libero_spatial,pick_up_the_black_bowl_on_the_ramekin_and_place_it_on_the_plate,pick_up_the_black_bowl_on_the_ramekin_and_place_it_on_the_plate,standard,0,libero:libero_spatial:5,10,1,10,10,1.0,0,0,0,0.0,,,
libero,family,pick_up_the_black_bowl_on_the_stove_and_place_it_on_the_plate,libero_spatial,pick_up_the_black_bowl_on_the_stove_and_place_it_on_the_plate,pick_up_the_black_bowl_on_the_stove_and_place_it_on_the_plate,standard,0,libero:libero_spatial:7,10,1,1,10,1.0,0,0,0,0.0,,,
libero,family,pick_up_the_black_bowl_on_the_stove_and_place_it_on_the_plate,libero_spatial,pick_up_the_black_bowl_on_the_stove_and_place_it_on_the_plate,pick_up_the_black_bowl_on_the_stove_and_place_it_on_the_plate,standard,0,libero:libero_spatial:7,10,1,2,10,1.0,0,0,0,0.0,,,
libero,family,pick_up_the_black_bowl_on_the_stove_and_place_it_on_the_plate,libero_spatial,pick_up_the_black_bowl_on_the_stove_and_place_it_on_the_plate,pick_up_the_black_bowl_on_the_stove_and_place_it_on_the_plate,standard,0,libero:libero_spatial:7,10,1,4,10,1.0,0,0,0,0.0,,,
libero,family,pick_up_the_black_bowl_on_the_stove_and_place_it_on_the_plate,libero_spatial,pick_up_the_black_bowl_on_the_stove_and_place_it_on_the_plate,pick_up_the_black_bowl_on_the_stove_and_place_it_on_the_plate,standard,0,libero:libero_spatial:7,10,1,10,10,1.0,0,0,0,0.0,,,
libero,family,pick_up_the_black_bowl_on_the_wooden_cabinet_and_place_it_on_the_plate,libero_spatial,pick_up_the_black_bowl_on_the_wooden_cabinet_and_place_it_on_the_plate,pick_up_the_black_bowl_on_the_wooden_cabinet_and_place_it_on_the_plate,standard,0,libero:libero_spatial:9,10,1,1,10,1.0,0,0,0,0.0,,,
libero,family,pick_up_the_black_bowl_on_the_wooden_cabinet_and_place_it_on_the_plate,libero_spatial,pick_up_the_black_bowl_on_the_wooden_cabinet_and_place_it_on_the_plate,pick_up_the_black_bowl_on_the_wooden_cabinet_and_place_it_on_the_plate,standard,0,libero:libero_spatial:9,10,1,2,10,1.0,0,0,0,0.0,,,
libero,family,pick_up_the_black_bowl_on_the_wooden_cabinet_and_place_it_on_the_plate,libero_spatial,pick_up_the_black_bowl_on_the_wooden_cabinet_and_place_it_on_the_plate,pick_up_the_black_bowl_on_the_wooden_cabinet_and_place_it_on_the_plate,standard,0,libero:libero_spatial:9,10,1,4,10,1.0,0,0,0,0.0,,,
libero,family,pick_up_the_black_bowl_on_the_wooden_cabinet_and_place_it_on_the_plate,libero_spatial,pick_up_the_black_bowl_on_the_wooden_cabinet_and_place_it_on_the_plate,pick_up_the_black_bowl_on_the_wooden_cabinet_and_place_it_on_the_plate,standard,0,libero:libero_spatial:9,10,1,10,9,0.9,0,0,1,-0.1,,,
libero,family,pick_up_the_butter_and_place_it_in_the_basket,libero_object,pick_up_the_butter_and_place_it_in_the_basket,pick_up_the_butter_and_place_it_in_the_basket,standard,0,libero:libero_object:6,10,1,1,10,1.0,0,0,0,0.0,,,
libero,family,pick_up_the_butter_and_place_it_in_the_basket,libero_object,pick_up_the_butter_and_place_it_in_the_basket,pick_up_the_butter_and_place_it_in_the_basket,standard,0,libero:libero_object:6,10,1,2,10,1.0,0,0,0,0.0,,,
libero,family,pick_up_the_butter_and_place_it_in_the_basket,libero_object,pick_up_the_butter_and_place_it_in_the_basket,pick_up_the_butter_and_place_it_in_the_basket,standard,0,libero:libero_object:6,10,1,4,10,1.0,0,0,0,0.0,,,
libero,family,pick_up_the_butter_and_place_it_in_the_basket,libero_object,pick_up_the_butter_and_place_it_in_the_basket,pick_up_the_butter_and_place_it_in_the_basket,standard,0,libero:libero_object:6,10,1,10,10,1.0,0,0,0,0.0,,,
libero,family,pick_up_the_chocolate_pudding_and_place_it_in_the_basket,libero_object,pick_up_the_chocolate_pudding_and_place_it_in_the_basket,pick_up_the_chocolate_pudding_and_place_it_in_the_basket,standard,0,libero:libero_object:8,10,1,1,10,1.0,0,0,0,0.0,,,
libero,family,pick_up_the_chocolate_pudding_and_place_it_in_the_basket,libero_object,pick_up_the_chocolate_pudding_and_place_it_in_the_basket,pick_up_the_chocolate_pudding_and_place_it_in_the_basket,standard,0,libero:libero_object:8,10,1,2,9,0.9,0,0,1,-0.1,,,
libero,family,pick_up_the_chocolate_pudding_and_place_it_in_the_basket,libero_object,pick_up_the_chocolate_pudding_and_place_it_in_the_basket,pick_up_the_chocolate_pudding_and_place_it_in_the_basket,standard,0,libero:libero_object:8,10,1,4,10,1.0,0,0,0,0.0,,,
libero,family,pick_up_the_chocolate_pudding_and_place_it_in_the_basket,libero_object,pick_up_the_chocolate_pudding_and_place_it_in_the_basket,pick_up_the_chocolate_pudding_and_place_it_in_the_basket,standard,0,libero:libero_object:8,10,1,10,10,1.0,0,0,0,0.0,,,
libero,family,pick_up_the_cream_cheese_and_place_it_in_the_basket,libero_object,pick_up_the_cream_cheese_and_place_it_in_the_basket,pick_up_the_cream_cheese_and_place_it_in_the_basket,standard,0,libero:libero_object:1,10,1,1,10,1.0,0,0,0,0.0,,,
libero,family,pick_up_the_cream_cheese_and_place_it_in_the_basket,libero_object,pick_up_the_cream_cheese_and_place_it_in_the_basket,pick_up_the_cream_cheese_and_place_it_in_the_basket,standard,0,libero:libero_object:1,10,1,2,10,1.0,0,0,0,0.0,,,
libero,family,pick_up_the_cream_cheese_and_place_it_in_the_basket,libero_object,pick_up_the_cream_cheese_and_place_it_in_the_basket,pick_up_the_cream_cheese_and_place_it_in_the_basket,standard,0,libero:libero_object:1,10,1,4,10,1.0,0,0,0,0.0,,,
libero,family,pick_up_the_cream_cheese_and_place_it_in_the_basket,libero_object,pick_up_the_cream_cheese_and_place_it_in_the_basket,pick_up_the_cream_cheese_and_place_it_in_the_basket,standard,0,libero:libero_object:1,10,1,10,10,1.0,0,0,0,0.0,,,
libero,family,pick_up_the_ketchup_and_place_it_in_the_basket,libero_object,pick_up_the_ketchup_and_place_it_in_the_basket,pick_up_the_ketchup_and_place_it_in_the_basket,standard,0,libero:libero_object:4,10,1,1,10,1.0,0,0,0,0.0,,,
libero,family,pick_up_the_ketchup_and_place_it_in_the_basket,libero_object,pick_up_the_ketchup_and_place_it_in_the_basket,pick_up_the_ketchup_and_place_it_in_the_basket,standard,0,libero:libero_object:4,10,1,2,10,1.0,0,0,0,0.0,,,
libero,family,pick_up_the_ketchup_and_place_it_in_the_basket,libero_object,pick_up_the_ketchup_and_place_it_in_the_basket,pick_up_the_ketchup_and_place_it_in_the_basket,standard,0,libero:libero_object:4,10,1,4,10,1.0,0,0,0,0.0,,,
libero,family,pick_up_the_ketchup_and_place_it_in_the_basket,libero_object,pick_up_the_ketchup_and_place_it_in_the_basket,pick_up_the_ketchup_and_place_it_in_the_basket,standard,0,libero:libero_object:4,10,1,10,10,1.0,0,0,0,0.0,,,
libero,family,pick_up_the_milk_and_place_it_in_the_basket,libero_object,pick_up_the_milk_and_place_it_in_the_basket,pick_up_the_milk_and_place_it_in_the_basket,standard,0,libero:libero_object:7,10,1,1,10,1.0,0,0,0,0.0,,,
libero,family,pick_up_the_milk_and_place_it_in_the_basket,libero_object,pick_up_the_milk_and_place_it_in_the_basket,pick_up_the_milk_and_place_it_in_the_basket,standard,0,libero:libero_object:7,10,1,2,10,1.0,0,0,0,0.0,,,
libero,family,pick_up_the_milk_and_place_it_in_the_basket,libero_object,pick_up_the_milk_and_place_it_in_the_basket,pick_up_the_milk_and_place_it_in_the_basket,standard,0,libero:libero_object:7,10,1,4,10,1.0,0,0,0,0.0,,,
libero,family,pick_up_the_milk_and_place_it_in_the_basket,libero_object,pick_up_the_milk_and_place_it_in_the_basket,pick_up_the_milk_and_place_it_in_the_basket,standard,0,libero:libero_object:7,10,1,10,10,1.0,0,0,0,0.0,,,
libero,family,pick_up_the_orange_juice_and_place_it_in_the_basket,libero_object,pick_up_the_orange_juice_and_place_it_in_the_basket,pick_up_the_orange_juice_and_place_it_in_the_basket,standard,0,libero:libero_object:9,10,1,1,10,1.0,0,0,0,0.0,,,
libero,family,pick_up_the_orange_juice_and_place_it_in_the_basket,libero_object,pick_up_the_orange_juice_and_place_it_in_the_basket,pick_up_the_orange_juice_and_place_it_in_the_basket,standard,0,libero:libero_object:9,10,1,2,10,1.0,0,0,0,0.0,,,
libero,family,pick_up_the_orange_juice_and_place_it_in_the_basket,libero_object,pick_up_the_orange_juice_and_place_it_in_the_basket,pick_up_the_orange_juice_and_place_it_in_the_basket,standard,0,libero:libero_object:9,10,1,4,10,1.0,0,0,0,0.0,,,
libero,family,pick_up_the_orange_juice_and_place_it_in_the_basket,libero_object,pick_up_the_orange_juice_and_place_it_in_the_basket,pick_up_the_orange_juice_and_place_it_in_the_basket,standard,0,libero:libero_object:9,10,1,10,10,1.0,0,0,0,0.0,,,
libero,family,pick_up_the_salad_dressing_and_place_it_in_the_basket,libero_object,pick_up_the_salad_dressing_and_place_it_in_the_basket,pick_up_the_salad_dressing_and_place_it_in_the_basket,standard,0,libero:libero_object:2,10,1,1,10,1.0,0,0,0,0.0,,,
libero,family,pick_up_the_salad_dressing_and_place_it_in_the_basket,libero_object,pick_up_the_salad_dressing_and_place_it_in_the_basket,pick_up_the_salad_dressing_and_place_it_in_the_basket,standard,0,libero:libero_object:2,10,1,2,10,1.0,0,0,0,0.0,,,
libero,family,pick_up_the_salad_dressing_and_place_it_in_the_basket,libero_object,pick_up_the_salad_dressing_and_place_it_in_the_basket,pick_up_the_salad_dressing_and_place_it_in_the_basket,standard,0,libero:libero_object:2,10,1,4,10,1.0,0,0,0,0.0,,,
libero,family,pick_up_the_salad_dressing_and_place_it_in_the_basket,libero_object,pick_up_the_salad_dressing_and_place_it_in_the_basket,pick_up_the_salad_dressing_and_place_it_in_the_basket,standard,0,libero:libero_object:2,10,1,10,10,1.0,0,0,0,0.0,,,
libero,family,pick_up_the_tomato_sauce_and_place_it_in_the_basket,libero_object,pick_up_the_tomato_sauce_and_place_it_in_the_basket,pick_up_the_tomato_sauce_and_place_it_in_the_basket,standard,0,libero:libero_object:5,10,1,1,10,1.0,0,0,0,0.0,,,
libero,family,pick_up_the_tomato_sauce_and_place_it_in_the_basket,libero_object,pick_up_the_tomato_sauce_and_place_it_in_the_basket,pick_up_the_tomato_sauce_and_place_it_in_the_basket,standard,0,libero:libero_object:5,10,1,2,9,0.9,0,0,1,-0.1,,,
libero,family,pick_up_the_tomato_sauce_and_place_it_in_the_basket,libero_object,pick_up_the_tomato_sauce_and_place_it_in_the_basket,pick_up_the_tomato_sauce_and_place_it_in_the_basket,standard,0,libero:libero_object:5,10,1,4,10,1.0,0,0,0,0.0,,,
libero,family,pick_up_the_tomato_sauce_and_place_it_in_the_basket,libero_object,pick_up_the_tomato_sauce_and_place_it_in_the_basket,pick_up_the_tomato_sauce_and_place_it_in_the_basket,standard,0,libero:libero_object:5,10,1,10,10,1.0,0,0,0,0.0,,,
libero,family,push_the_plate_to_the_front_of_the_stove,libero_goal,push_the_plate_to_the_front_of_the_stove,push_the_plate_to_the_front_of_the_stove,standard,0,libero:libero_goal:5,10,1,1,9,0.9,1,0,0,0.0,0.0,,
libero,family,push_the_plate_to_the_front_of_the_stove,libero_goal,push_the_plate_to_the_front_of_the_stove,push_the_plate_to_the_front_of_the_stove,standard,0,libero:libero_goal:5,10,1,2,10,1.0,1,1,0,0.1,1.0,,
libero,family,push_the_plate_to_the_front_of_the_stove,libero_goal,push_the_plate_to_the_front_of_the_stove,push_the_plate_to_the_front_of_the_stove,standard,0,libero:libero_goal:5,10,1,4,10,1.0,1,1,0,0.1,1.0,,
libero,family,push_the_plate_to_the_front_of_the_stove,libero_goal,push_the_plate_to_the_front_of_the_stove,push_the_plate_to_the_front_of_the_stove,standard,0,libero:libero_goal:5,10,1,10,9,0.9,1,1,1,0.0,1.0,,
libero,family,put_the_bowl_on_the_plate,libero_goal,put_the_bowl_on_the_plate,put_the_bowl_on_the_plate,standard,0,libero:libero_goal:8,10,1,1,10,1.0,0,0,0,0.0,,,
libero,family,put_the_bowl_on_the_plate,libero_goal,put_the_bowl_on_the_plate,put_the_bowl_on_the_plate,standard,0,libero:libero_goal:8,10,1,2,10,1.0,0,0,0,0.0,,,
libero,family,put_the_bowl_on_the_plate,libero_goal,put_the_bowl_on_the_plate,put_the_bowl_on_the_plate,standard,0,libero:libero_goal:8,10,1,4,10,1.0,0,0,0,0.0,,,
libero,family,put_the_bowl_on_the_plate,libero_goal,put_the_bowl_on_the_plate,put_the_bowl_on_the_plate,standard,0,libero:libero_goal:8,10,1,10,10,1.0,0,0,0,0.0,,,
libero,family,put_the_bowl_on_the_stove,libero_goal,put_the_bowl_on_the_stove,put_the_bowl_on_the_stove,standard,0,libero:libero_goal:1,10,1,1,9,0.9,1,0,0,0.0,0.0,,
libero,family,put_the_bowl_on_the_stove,libero_goal,put_the_bowl_on_the_stove,put_the_bowl_on_the_stove,standard,0,libero:libero_goal:1,10,1,2,9,0.9,1,0,0,0.0,0.0,,
libero,family,put_the_bowl_on_the_stove,libero_goal,put_the_bowl_on_the_stove,put_the_bowl_on_the_stove,standard,0,libero:libero_goal:1,10,1,4,10,1.0,1,1,0,0.1,1.0,,
libero,family,put_the_bowl_on_the_stove,libero_goal,put_the_bowl_on_the_stove,put_the_bowl_on_the_stove,standard,0,libero:libero_goal:1,10,1,10,10,1.0,1,1,0,0.1,1.0,,
libero,family,put_the_bowl_on_top_of_the_cabinet,libero_goal,put_the_bowl_on_top_of_the_cabinet,put_the_bowl_on_top_of_the_cabinet,standard,0,libero:libero_goal:4,10,1,1,10,1.0,0,0,0,0.0,,,
libero,family,put_the_bowl_on_top_of_the_cabinet,libero_goal,put_the_bowl_on_top_of_the_cabinet,put_the_bowl_on_top_of_the_cabinet,standard,0,libero:libero_goal:4,10,1,2,10,1.0,0,0,0,0.0,,,
libero,family,put_the_bowl_on_top_of_the_cabinet,libero_goal,put_the_bowl_on_top_of_the_cabinet,put_the_bowl_on_top_of_the_cabinet,standard,0,libero:libero_goal:4,10,1,4,10,1.0,0,0,0,0.0,,,
libero,family,put_the_bowl_on_top_of_the_cabinet,libero_goal,put_the_bowl_on_top_of_the_cabinet,put_the_bowl_on_top_of_the_cabinet,standard,0,libero:libero_goal:4,10,1,10,10,1.0,0,0,0,0.0,,,
libero,family,put_the_cream_cheese_in_the_bowl,libero_goal,put_the_cream_cheese_in_the_bowl,put_the_cream_cheese_in_the_bowl,standard,0,libero:libero_goal:6,10,1,1,10,1.0,0,0,0,0.0,,,
libero,family,put_the_cream_cheese_in_the_bowl,libero_goal,put_the_cream_cheese_in_the_bowl,put_the_cream_cheese_in_the_bowl,standard,0,libero:libero_goal:6,10,1,2,10,1.0,0,0,0,0.0,,,
libero,family,put_the_cream_cheese_in_the_bowl,libero_goal,put_the_cream_cheese_in_the_bowl,put_the_cream_cheese_in_the_bowl,standard,0,libero:libero_goal:6,10,1,4,10,1.0,0,0,0,0.0,,,
libero,family,put_the_cream_cheese_in_the_bowl,libero_goal,put_the_cream_cheese_in_the_bowl,put_the_cream_cheese_in_the_bowl,standard,0,libero:libero_goal:6,10,1,10,10,1.0,0,0,0,0.0,,,
libero,family,put_the_wine_bottle_on_the_rack,libero_goal,put_the_wine_bottle_on_the_rack,put_the_wine_bottle_on_the_rack,standard,0,libero:libero_goal:9,10,1,1,8,0.8,2,0,0,0.0,0.0,,
libero,family,put_the_wine_bottle_on_the_rack,libero_goal,put_the_wine_bottle_on_the_rack,put_the_wine_bottle_on_the_rack,standard,0,libero:libero_goal:9,10,1,2,9,0.9,2,1,0,0.1,0.5,,
libero,family,put_the_wine_bottle_on_the_rack,libero_goal,put_the_wine_bottle_on_the_rack,put_the_wine_bottle_on_the_rack,standard,0,libero:libero_goal:9,10,1,4,10,1.0,2,2,0,0.2,1.0,,
libero,family,put_the_wine_bottle_on_the_rack,libero_goal,put_the_wine_bottle_on_the_rack,put_the_wine_bottle_on_the_rack,standard,0,libero:libero_goal:9,10,1,10,10,1.0,2,2,0,0.2,1.0,,
libero,family,put_the_wine_bottle_on_top_of_the_cabinet,libero_goal,put_the_wine_bottle_on_top_of_the_cabinet,put_the_wine_bottle_on_top_of_the_cabinet,standard,0,libero:libero_goal:2,10,1,1,10,1.0,0,0,0,0.0,,,
libero,family,put_the_wine_bottle_on_top_of_the_cabinet,libero_goal,put_the_wine_bottle_on_top_of_the_cabinet,put_the_wine_bottle_on_top_of_the_cabinet,standard,0,libero:libero_goal:2,10,1,2,10,1.0,0,0,0,0.0,,,
libero,family,put_the_wine_bottle_on_top_of_the_cabinet,libero_goal,put_the_wine_bottle_on_top_of_the_cabinet,put_the_wine_bottle_on_top_of_the_cabinet,standard,0,libero:libero_goal:2,10,1,4,10,1.0,0,0,0,0.0,,,
libero,family,put_the_wine_bottle_on_top_of_the_cabinet,libero_goal,put_the_wine_bottle_on_top_of_the_cabinet,put_the_wine_bottle_on_top_of_the_cabinet,standard,0,libero:libero_goal:2,10,1,10,10,1.0,0,0,0,0.0,,,
libero,family,turn_on_the_stove,libero_goal,turn_on_the_stove,turn_on_the_stove,standard,0,libero:libero_goal:7,10,1,1,10,1.0,0,0,0,0.0,,,
libero,family,turn_on_the_stove,libero_goal,turn_on_the_stove,turn_on_the_stove,standard,0,libero:libero_goal:7,10,1,2,10,1.0,0,0,0,0.0,,,
libero,family,turn_on_the_stove,libero_goal,turn_on_the_stove,turn_on_the_stove,standard,0,libero:libero_goal:7,10,1,4,10,1.0,0,0,0,0.0,,,
libero,family,turn_on_the_stove,libero_goal,turn_on_the_stove,turn_on_the_stove,standard,0,libero:libero_goal:7,10,1,10,10,1.0,0,0,0,0.0,,,
libero,task_identity,KITCHEN_SCENE3_turn_on_the_stove_and_put_the_moka_pot_on_it,libero_10,KITCHEN_SCENE3_turn_on_the_stove_and_put_the_moka_pot_on_it,KITCHEN_SCENE3_turn_on_the_stove_and_put_the_moka_pot_on_it,standard,0,libero:libero_10:2,10,1,1,10,1.0,0,0,0,0.0,,,
libero,task_identity,KITCHEN_SCENE3_turn_on_the_stove_and_put_the_moka_pot_on_it,libero_10,KITCHEN_SCENE3_turn_on_the_stove_and_put_the_moka_pot_on_it,KITCHEN_SCENE3_turn_on_the_stove_and_put_the_moka_pot_on_it,standard,0,libero:libero_10:2,10,1,2,10,1.0,0,0,0,0.0,,,
libero,task_identity,KITCHEN_SCENE3_turn_on_the_stove_and_put_the_moka_pot_on_it,libero_10,KITCHEN_SCENE3_turn_on_the_stove_and_put_the_moka_pot_on_it,KITCHEN_SCENE3_turn_on_the_stove_and_put_the_moka_pot_on_it,standard,0,libero:libero_10:2,10,1,4,10,1.0,0,0,0,0.0,,,
libero,task_identity,KITCHEN_SCENE3_turn_on_the_stove_and_put_the_moka_pot_on_it,libero_10,KITCHEN_SCENE3_turn_on_the_stove_and_put_the_moka_pot_on_it,KITCHEN_SCENE3_turn_on_the_stove_and_put_the_moka_pot_on_it,standard,0,libero:libero_10:2,10,1,10,10,1.0,0,0,0,0.0,,,
libero,task_identity,KITCHEN_SCENE4_put_the_black_bowl_in_the_bottom_drawer_of_the_cabinet_and_close_it,libero_10,KITCHEN_SCENE4_put_the_black_bowl_in_the_bottom_drawer_of_the_cabinet_and_close_it,KITCHEN_SCENE4_put_the_black_bowl_in_the_bottom_drawer_of_the_cabinet_and_close_it,standard,0,libero:libero_10:3,10,1,1,10,1.0,0,0,0,0.0,,,
libero,task_identity,KITCHEN_SCENE4_put_the_black_bowl_in_the_bottom_drawer_of_the_cabinet_and_close_it,libero_10,KITCHEN_SCENE4_put_the_black_bowl_in_the_bottom_drawer_of_the_cabinet_and_close_it,KITCHEN_SCENE4_put_the_black_bowl_in_the_bottom_drawer_of_the_cabinet_and_close_it,standard,0,libero:libero_10:3,10,1,2,10,1.0,0,0,0,0.0,,,
libero,task_identity,KITCHEN_SCENE4_put_the_black_bowl_in_the_bottom_drawer_of_the_cabinet_and_close_it,libero_10,KITCHEN_SCENE4_put_the_black_bowl_in_the_bottom_drawer_of_the_cabinet_and_close_it,KITCHEN_SCENE4_put_the_black_bowl_in_the_bottom_drawer_of_the_cabinet_and_close_it,standard,0,libero:libero_10:3,10,1,4,10,1.0,0,0,0,0.0,,,
libero,task_identity,KITCHEN_SCENE4_put_the_black_bowl_in_the_bottom_drawer_of_the_cabinet_and_close_it,libero_10,KITCHEN_SCENE4_put_the_black_bowl_in_the_bottom_drawer_of_the_cabinet_and_close_it,KITCHEN_SCENE4_put_the_black_bowl_in_the_bottom_drawer_of_the_cabinet_and_close_it,standard,0,libero:libero_10:3,10,1,10,9,0.9,0,0,1,-0.1,,,
libero,task_identity,KITCHEN_SCENE6_put_the_yellow_and_white_mug_in_the_microwave_and_close_it,libero_10,KITCHEN_SCENE6_put_the_yellow_and_white_mug_in_the_microwave_and_close_it,KITCHEN_SCENE6_put_the_yellow_and_white_mug_in_the_microwave_and_close_it,standard,0,libero:libero_10:9,10,1,1,10,1.0,0,0,0,0.0,,,
libero,task_identity,KITCHEN_SCENE6_put_the_yellow_and_white_mug_in_the_microwave_and_close_it,libero_10,KITCHEN_SCENE6_put_the_yellow_and_white_mug_in_the_microwave_and_close_it,KITCHEN_SCENE6_put_the_yellow_and_white_mug_in_the_microwave_and_close_it,standard,0,libero:libero_10:9,10,1,2,9,0.9,0,0,1,-0.1,,,
libero,task_identity,KITCHEN_SCENE6_put_the_yellow_and_white_mug_in_the_microwave_and_close_it,libero_10,KITCHEN_SCENE6_put_the_yellow_and_white_mug_in_the_microwave_and_close_it,KITCHEN_SCENE6_put_the_yellow_and_white_mug_in_the_microwave_and_close_it,standard,0,libero:libero_10:9,10,1,4,9,0.9,0,0,1,-0.1,,,
libero,task_identity,KITCHEN_SCENE6_put_the_yellow_and_white_mug_in_the_microwave_and_close_it,libero_10,KITCHEN_SCENE6_put_the_yellow_and_white_mug_in_the_microwave_and_close_it,KITCHEN_SCENE6_put_the_yellow_and_white_mug_in_the_microwave_and_close_it,standard,0,libero:libero_10:9,10,1,10,9,0.9,0,0,1,-0.1,,,
libero,task_identity,KITCHEN_SCENE8_put_both_moka_pots_on_the_stove,libero_10,KITCHEN_SCENE8_put_both_moka_pots_on_the_stove,KITCHEN_SCENE8_put_both_moka_pots_on_the_stove,standard,0,libero:libero_10:8,10,1,1,6,0.6,4,0,0,0.0,0.0,,
libero,task_identity,KITCHEN_SCENE8_put_both_moka_pots_on_the_stove,libero_10,KITCHEN_SCENE8_put_both_moka_pots_on_the_stove,KITCHEN_SCENE8_put_both_moka_pots_on_the_stove,standard,0,libero:libero_10:8,10,1,2,7,0.7,4,2,1,0.1,0.5,,
libero,task_identity,KITCHEN_SCENE8_put_both_moka_pots_on_the_stove,libero_10,KITCHEN_SCENE8_put_both_moka_pots_on_the_stove,KITCHEN_SCENE8_put_both_moka_pots_on_the_stove,standard,0,libero:libero_10:8,10,1,4,4,0.4,4,2,4,-0.2,0.5,,
libero,task_identity,KITCHEN_SCENE8_put_both_moka_pots_on_the_stove,libero_10,KITCHEN_SCENE8_put_both_moka_pots_on_the_stove,KITCHEN_SCENE8_put_both_moka_pots_on_the_stove,standard,0,libero:libero_10:8,10,1,10,4,0.4,4,2,4,-0.2,0.5,,
libero,task_identity,LIVING_ROOM_SCENE1_put_both_the_alphabet_soup_and_the_cream_cheese_box_in_the_basket,libero_10,LIVING_ROOM_SCENE1_put_both_the_alphabet_soup_and_the_cream_cheese_box_in_the_basket,LIVING_ROOM_SCENE1_put_both_the_alphabet_soup_and_the_cream_cheese_box_in_the_basket,standard,0,libero:libero_10:7,10,1,1,9,0.9,1,0,0,0.0,0.0,,
libero,task_identity,LIVING_ROOM_SCENE1_put_both_the_alphabet_soup_and_the_cream_cheese_box_in_the_basket,libero_10,LIVING_ROOM_SCENE1_put_both_the_alphabet_soup_and_the_cream_cheese_box_in_the_basket,LIVING_ROOM_SCENE1_put_both_the_alphabet_soup_and_the_cream_cheese_box_in_the_basket,standard,0,libero:libero_10:7,10,1,2,9,0.9,1,0,0,0.0,0.0,,
libero,task_identity,LIVING_ROOM_SCENE1_put_both_the_alphabet_soup_and_the_cream_cheese_box_in_the_basket,libero_10,LIVING_ROOM_SCENE1_put_both_the_alphabet_soup_and_the_cream_cheese_box_in_the_basket,LIVING_ROOM_SCENE1_put_both_the_alphabet_soup_and_the_cream_cheese_box_in_the_basket,standard,0,libero:libero_10:7,10,1,4,9,0.9,1,1,1,0.0,1.0,,
libero,task_identity,LIVING_ROOM_SCENE1_put_both_the_alphabet_soup_and_the_cream_cheese_box_in_the_basket,libero_10,LIVING_ROOM_SCENE1_put_both_the_alphabet_soup_and_the_cream_cheese_box_in_the_basket,LIVING_ROOM_SCENE1_put_both_the_alphabet_soup_and_the_cream_cheese_box_in_the_basket,standard,0,libero:libero_10:7,10,1,10,10,1.0,1,1,0,0.1,1.0,,
libero,task_identity,LIVING_ROOM_SCENE2_put_both_the_alphabet_soup_and_the_tomato_sauce_in_the_basket,libero_10,LIVING_ROOM_SCENE2_put_both_the_alphabet_soup_and_the_tomato_sauce_in_the_basket,LIVING_ROOM_SCENE2_put_both_the_alphabet_soup_and_the_tomato_sauce_in_the_basket,standard,0,libero:libero_10:0,10,1,1,10,1.0,0,0,0,0.0,,,
libero,task_identity,LIVING_ROOM_SCENE2_put_both_the_alphabet_soup_and_the_tomato_sauce_in_the_basket,libero_10,LIVING_ROOM_SCENE2_put_both_the_alphabet_soup_and_the_tomato_sauce_in_the_basket,LIVING_ROOM_SCENE2_put_both_the_alphabet_soup_and_the_tomato_sauce_in_the_basket,standard,0,libero:libero_10:0,10,1,2,10,1.0,0,0,0,0.0,,,
libero,task_identity,LIVING_ROOM_SCENE2_put_both_the_alphabet_soup_and_the_tomato_sauce_in_the_basket,libero_10,LIVING_ROOM_SCENE2_put_both_the_alphabet_soup_and_the_tomato_sauce_in_the_basket,LIVING_ROOM_SCENE2_put_both_the_alphabet_soup_and_the_tomato_sauce_in_the_basket,standard,0,libero:libero_10:0,10,1,4,10,1.0,0,0,0,0.0,,,
libero,task_identity,LIVING_ROOM_SCENE2_put_both_the_alphabet_soup_and_the_tomato_sauce_in_the_basket,libero_10,LIVING_ROOM_SCENE2_put_both_the_alphabet_soup_and_the_tomato_sauce_in_the_basket,LIVING_ROOM_SCENE2_put_both_the_alphabet_soup_and_the_tomato_sauce_in_the_basket,standard,0,libero:libero_10:0,10,1,10,10,1.0,0,0,0,0.0,,,
libero,task_identity,LIVING_ROOM_SCENE2_put_both_the_cream_cheese_box_and_the_butter_in_the_basket,libero_10,LIVING_ROOM_SCENE2_put_both_the_cream_cheese_box_and_the_butter_in_the_basket,LIVING_ROOM_SCENE2_put_both_the_cream_cheese_box_and_the_butter_in_the_basket,standard,0,libero:libero_10:1,10,1,1,10,1.0,0,0,0,0.0,,,
libero,task_identity,LIVING_ROOM_SCENE2_put_both_the_cream_cheese_box_and_the_butter_in_the_basket,libero_10,LIVING_ROOM_SCENE2_put_both_the_cream_cheese_box_and_the_butter_in_the_basket,LIVING_ROOM_SCENE2_put_both_the_cream_cheese_box_and_the_butter_in_the_basket,standard,0,libero:libero_10:1,10,1,2,10,1.0,0,0,0,0.0,,,
libero,task_identity,LIVING_ROOM_SCENE2_put_both_the_cream_cheese_box_and_the_butter_in_the_basket,libero_10,LIVING_ROOM_SCENE2_put_both_the_cream_cheese_box_and_the_butter_in_the_basket,LIVING_ROOM_SCENE2_put_both_the_cream_cheese_box_and_the_butter_in_the_basket,standard,0,libero:libero_10:1,10,1,4,10,1.0,0,0,0,0.0,,,
libero,task_identity,LIVING_ROOM_SCENE2_put_both_the_cream_cheese_box_and_the_butter_in_the_basket,libero_10,LIVING_ROOM_SCENE2_put_both_the_cream_cheese_box_and_the_butter_in_the_basket,LIVING_ROOM_SCENE2_put_both_the_cream_cheese_box_and_the_butter_in_the_basket,standard,0,libero:libero_10:1,10,1,10,10,1.0,0,0,0,0.0,,,
libero,task_identity,LIVING_ROOM_SCENE5_put_the_white_mug_on_the_left_plate_and_put_the_yellow_and_white_mug_on_the_right_plate,libero_10,LIVING_ROOM_SCENE5_put_the_white_mug_on_the_left_plate_and_put_the_yellow_and_white_mug_on_the_right_plate,LIVING_ROOM_SCENE5_put_the_white_mug_on_the_left_plate_and_put_the_yellow_and_white_mug_on_the_right_plate,standard,0,libero:libero_10:4,10,1,1,10,1.0,0,0,0,0.0,,,
libero,task_identity,LIVING_ROOM_SCENE5_put_the_white_mug_on_the_left_plate_and_put_the_yellow_and_white_mug_on_the_right_plate,libero_10,LIVING_ROOM_SCENE5_put_the_white_mug_on_the_left_plate_and_put_the_yellow_and_white_mug_on_the_right_plate,LIVING_ROOM_SCENE5_put_the_white_mug_on_the_left_plate_and_put_the_yellow_and_white_mug_on_the_right_plate,standard,0,libero:libero_10:4,10,1,2,10,1.0,0,0,0,0.0,,,
libero,task_identity,LIVING_ROOM_SCENE5_put_the_white_mug_on_the_left_plate_and_put_the_yellow_and_white_mug_on_the_right_plate,libero_10,LIVING_ROOM_SCENE5_put_the_white_mug_on_the_left_plate_and_put_the_yellow_and_white_mug_on_the_right_plate,LIVING_ROOM_SCENE5_put_the_white_mug_on_the_left_plate_and_put_the_yellow_and_white_mug_on_the_right_plate,standard,0,libero:libero_10:4,10,1,4,10,1.0,0,0,0,0.0,,,
libero,task_identity,LIVING_ROOM_SCENE5_put_the_white_mug_on_the_left_plate_and_put_the_yellow_and_white_mug_on_the_right_plate,libero_10,LIVING_ROOM_SCENE5_put_the_white_mug_on_the_left_plate_and_put_the_yellow_and_white_mug_on_the_right_plate,LIVING_ROOM_SCENE5_put_the_white_mug_on_the_left_plate_and_put_the_yellow_and_white_mug_on_the_right_plate,standard,0,libero:libero_10:4,10,1,10,10,1.0,0,0,0,0.0,,,
libero,task_identity,LIVING_ROOM_SCENE6_put_the_white_mug_on_the_plate_and_put_the_chocolate_pudding_to_the_right_of_the_plate,libero_10,LIVING_ROOM_SCENE6_put_the_white_mug_on_the_plate_and_put_the_chocolate_pudding_to_the_right_of_the_plate,LIVING_ROOM_SCENE6_put_the_white_mug_on_the_plate_and_put_the_chocolate_pudding_to_the_right_of_the_plate,standard,0,libero:libero_10:6,10,1,1,9,0.9,1,0,0,0.0,0.0,,
libero,task_identity,LIVING_ROOM_SCENE6_put_the_white_mug_on_the_plate_and_put_the_chocolate_pudding_to_the_right_of_the_plate,libero_10,LIVING_ROOM_SCENE6_put_the_white_mug_on_the_plate_and_put_the_chocolate_pudding_to_the_right_of_the_plate,LIVING_ROOM_SCENE6_put_the_white_mug_on_the_plate_and_put_the_chocolate_pudding_to_the_right_of_the_plate,standard,0,libero:libero_10:6,10,1,2,10,1.0,1,1,0,0.1,1.0,,
libero,task_identity,LIVING_ROOM_SCENE6_put_the_white_mug_on_the_plate_and_put_the_chocolate_pudding_to_the_right_of_the_plate,libero_10,LIVING_ROOM_SCENE6_put_the_white_mug_on_the_plate_and_put_the_chocolate_pudding_to_the_right_of_the_plate,LIVING_ROOM_SCENE6_put_the_white_mug_on_the_plate_and_put_the_chocolate_pudding_to_the_right_of_the_plate,standard,0,libero:libero_10:6,10,1,4,10,1.0,1,1,0,0.1,1.0,,
libero,task_identity,LIVING_ROOM_SCENE6_put_the_white_mug_on_the_plate_and_put_the_chocolate_pudding_to_the_right_of_the_plate,libero_10,LIVING_ROOM_SCENE6_put_the_white_mug_on_the_plate_and_put_the_chocolate_pudding_to_the_right_of_the_plate,LIVING_ROOM_SCENE6_put_the_white_mug_on_the_plate_and_put_the_chocolate_pudding_to_the_right_of_the_plate,standard,0,libero:libero_10:6,10,1,10,9,0.9,1,1,1,0.0,1.0,,
libero,task_identity,STUDY_SCENE1_pick_up_the_book_and_place_it_in_the_back_compartment_of_the_caddy,libero_10,STUDY_SCENE1_pick_up_the_book_and_place_it_in_the_back_compartment_of_the_caddy,STUDY_SCENE1_pick_up_the_book_and_place_it_in_the_back_compartment_of_the_caddy,standard,0,libero:libero_10:5,10,1,1,9,0.9,1,0,0,0.0,0.0,,
libero,task_identity,STUDY_SCENE1_pick_up_the_book_and_place_it_in_the_back_compartment_of_the_caddy,libero_10,STUDY_SCENE1_pick_up_the_book_and_place_it_in_the_back_compartment_of_the_caddy,STUDY_SCENE1_pick_up_the_book_and_place_it_in_the_back_compartment_of_the_caddy,standard,0,libero:libero_10:5,10,1,2,10,1.0,1,1,0,0.1,1.0,,
libero,task_identity,STUDY_SCENE1_pick_up_the_book_and_place_it_in_the_back_compartment_of_the_caddy,libero_10,STUDY_SCENE1_pick_up_the_book_and_place_it_in_the_back_compartment_of_the_caddy,STUDY_SCENE1_pick_up_the_book_and_place_it_in_the_back_compartment_of_the_caddy,standard,0,libero:libero_10:5,10,1,4,10,1.0,1,1,0,0.1,1.0,,
libero,task_identity,STUDY_SCENE1_pick_up_the_book_and_place_it_in_the_back_compartment_of_the_caddy,libero_10,STUDY_SCENE1_pick_up_the_book_and_place_it_in_the_back_compartment_of_the_caddy,STUDY_SCENE1_pick_up_the_book_and_place_it_in_the_back_compartment_of_the_caddy,standard,0,libero:libero_10:5,10,1,10,10,1.0,1,1,0,0.1,1.0,,
libero,task_identity,open_the_middle_drawer_of_the_cabinet,libero_goal,open_the_middle_drawer_of_the_cabinet,open_the_middle_drawer_of_the_cabinet,standard,0,libero:libero_goal:0,10,1,1,9,0.9,1,0,0,0.0,0.0,,
libero,task_identity,open_the_middle_drawer_of_the_cabinet,libero_goal,open_the_middle_drawer_of_the_cabinet,open_the_middle_drawer_of_the_cabinet,standard,0,libero:libero_goal:0,10,1,2,10,1.0,1,1,0,0.1,1.0,,
libero,task_identity,open_the_middle_drawer_of_the_cabinet,libero_goal,open_the_middle_drawer_of_the_cabinet,open_the_middle_drawer_of_the_cabinet,standard,0,libero:libero_goal:0,10,1,4,10,1.0,1,1,0,0.1,1.0,,
libero,task_identity,open_the_middle_drawer_of_the_cabinet,libero_goal,open_the_middle_drawer_of_the_cabinet,open_the_middle_drawer_of_the_cabinet,standard,0,libero:libero_goal:0,10,1,10,10,1.0,1,1,0,0.1,1.0,,
libero,task_identity,open_the_top_drawer_and_put_the_bowl_inside,libero_goal,open_the_top_drawer_and_put_the_bowl_inside,open_the_top_drawer_and_put_the_bowl_inside,standard,0,libero:libero_goal:3,10,1,1,8,0.8,2,0,0,0.0,0.0,,
libero,task_identity,open_the_top_drawer_and_put_the_bowl_inside,libero_goal,open_the_top_drawer_and_put_the_bowl_inside,open_the_top_drawer_and_put_the_bowl_inside,standard,0,libero:libero_goal:3,10,1,2,9,0.9,2,1,0,0.1,0.5,,
libero,task_identity,open_the_top_drawer_and_put_the_bowl_inside,libero_goal,open_the_top_drawer_and_put_the_bowl_inside,open_the_top_drawer_and_put_the_bowl_inside,standard,0,libero:libero_goal:3,10,1,4,9,0.9,2,1,0,0.1,0.5,,
libero,task_identity,open_the_top_drawer_and_put_the_bowl_inside,libero_goal,open_the_top_drawer_and_put_the_bowl_inside,open_the_top_drawer_and_put_the_bowl_inside,standard,0,libero:libero_goal:3,10,1,10,9,0.9,2,1,0,0.1,0.5,,
libero,task_identity,pick_up_the_alphabet_soup_and_place_it_in_the_basket,libero_object,pick_up_the_alphabet_soup_and_place_it_in_the_basket,pick_up_the_alphabet_soup_and_place_it_in_the_basket,standard,0,libero:libero_object:0,10,1,1,10,1.0,0,0,0,0.0,,,
libero,task_identity,pick_up_the_alphabet_soup_and_place_it_in_the_basket,libero_object,pick_up_the_alphabet_soup_and_place_it_in_the_basket,pick_up_the_alphabet_soup_and_place_it_in_the_basket,standard,0,libero:libero_object:0,10,1,2,10,1.0,0,0,0,0.0,,,
libero,task_identity,pick_up_the_alphabet_soup_and_place_it_in_the_basket,libero_object,pick_up_the_alphabet_soup_and_place_it_in_the_basket,pick_up_the_alphabet_soup_and_place_it_in_the_basket,standard,0,libero:libero_object:0,10,1,4,10,1.0,0,0,0,0.0,,,
libero,task_identity,pick_up_the_alphabet_soup_and_place_it_in_the_basket,libero_object,pick_up_the_alphabet_soup_and_place_it_in_the_basket,pick_up_the_alphabet_soup_and_place_it_in_the_basket,standard,0,libero:libero_object:0,10,1,10,9,0.9,0,0,1,-0.1,,,
libero,task_identity,pick_up_the_bbq_sauce_and_place_it_in_the_basket,libero_object,pick_up_the_bbq_sauce_and_place_it_in_the_basket,pick_up_the_bbq_sauce_and_place_it_in_the_basket,standard,0,libero:libero_object:3,10,1,1,10,1.0,0,0,0,0.0,,,
libero,task_identity,pick_up_the_bbq_sauce_and_place_it_in_the_basket,libero_object,pick_up_the_bbq_sauce_and_place_it_in_the_basket,pick_up_the_bbq_sauce_and_place_it_in_the_basket,standard,0,libero:libero_object:3,10,1,2,10,1.0,0,0,0,0.0,,,
libero,task_identity,pick_up_the_bbq_sauce_and_place_it_in_the_basket,libero_object,pick_up_the_bbq_sauce_and_place_it_in_the_basket,pick_up_the_bbq_sauce_and_place_it_in_the_basket,standard,0,libero:libero_object:3,10,1,4,10,1.0,0,0,0,0.0,,,
libero,task_identity,pick_up_the_bbq_sauce_and_place_it_in_the_basket,libero_object,pick_up_the_bbq_sauce_and_place_it_in_the_basket,pick_up_the_bbq_sauce_and_place_it_in_the_basket,standard,0,libero:libero_object:3,10,1,10,9,0.9,0,0,1,-0.1,,,
libero,task_identity,pick_up_the_black_bowl_between_the_plate_and_the_ramekin_and_place_it_on_the_plate,libero_spatial,pick_up_the_black_bowl_between_the_plate_and_the_ramekin_and_place_it_on_the_plate,pick_up_the_black_bowl_between_the_plate_and_the_ramekin_and_place_it_on_the_plate,standard,0,libero:libero_spatial:0,10,1,1,10,1.0,0,0,0,0.0,,,
libero,task_identity,pick_up_the_black_bowl_between_the_plate_and_the_ramekin_and_place_it_on_the_plate,libero_spatial,pick_up_the_black_bowl_between_the_plate_and_the_ramekin_and_place_it_on_the_plate,pick_up_the_black_bowl_between_the_plate_and_the_ramekin_and_place_it_on_the_plate,standard,0,libero:libero_spatial:0,10,1,2,10,1.0,0,0,0,0.0,,,
libero,task_identity,pick_up_the_black_bowl_between_the_plate_and_the_ramekin_and_place_it_on_the_plate,libero_spatial,pick_up_the_black_bowl_between_the_plate_and_the_ramekin_and_place_it_on_the_plate,pick_up_the_black_bowl_between_the_plate_and_the_ramekin_and_place_it_on_the_plate,standard,0,libero:libero_spatial:0,10,1,4,10,1.0,0,0,0,0.0,,,
libero,task_identity,pick_up_the_black_bowl_between_the_plate_and_the_ramekin_and_place_it_on_the_plate,libero_spatial,pick_up_the_black_bowl_between_the_plate_and_the_ramekin_and_place_it_on_the_plate,pick_up_the_black_bowl_between_the_plate_and_the_ramekin_and_place_it_on_the_plate,standard,0,libero:libero_spatial:0,10,1,10,10,1.0,0,0,0,0.0,,,
libero,task_identity,pick_up_the_black_bowl_from_table_center_and_place_it_on_the_plate,libero_spatial,pick_up_the_black_bowl_from_table_center_and_place_it_on_the_plate,pick_up_the_black_bowl_from_table_center_and_place_it_on_the_plate,standard,0,libero:libero_spatial:2,10,1,1,10,1.0,0,0,0,0.0,,,
libero,task_identity,pick_up_the_black_bowl_from_table_center_and_place_it_on_the_plate,libero_spatial,pick_up_the_black_bowl_from_table_center_and_place_it_on_the_plate,pick_up_the_black_bowl_from_table_center_and_place_it_on_the_plate,standard,0,libero:libero_spatial:2,10,1,2,10,1.0,0,0,0,0.0,,,
libero,task_identity,pick_up_the_black_bowl_from_table_center_and_place_it_on_the_plate,libero_spatial,pick_up_the_black_bowl_from_table_center_and_place_it_on_the_plate,pick_up_the_black_bowl_from_table_center_and_place_it_on_the_plate,standard,0,libero:libero_spatial:2,10,1,4,10,1.0,0,0,0,0.0,,,
libero,task_identity,pick_up_the_black_bowl_from_table_center_and_place_it_on_the_plate,libero_spatial,pick_up_the_black_bowl_from_table_center_and_place_it_on_the_plate,pick_up_the_black_bowl_from_table_center_and_place_it_on_the_plate,standard,0,libero:libero_spatial:2,10,1,10,10,1.0,0,0,0,0.0,,,
libero,task_identity,pick_up_the_black_bowl_in_the_top_drawer_of_the_wooden_cabinet_and_place_it_on_the_plate,libero_spatial,pick_up_the_black_bowl_in_the_top_drawer_of_the_wooden_cabinet_and_place_it_on_the_plate,pick_up_the_black_bowl_in_the_top_drawer_of_the_wooden_cabinet_and_place_it_on_the_plate,standard,0,libero:libero_spatial:4,10,1,1,10,1.0,0,0,0,0.0,,,
libero,task_identity,pick_up_the_black_bowl_in_the_top_drawer_of_the_wooden_cabinet_and_place_it_on_the_plate,libero_spatial,pick_up_the_black_bowl_in_the_top_drawer_of_the_wooden_cabinet_and_place_it_on_the_plate,pick_up_the_black_bowl_in_the_top_drawer_of_the_wooden_cabinet_and_place_it_on_the_plate,standard,0,libero:libero_spatial:4,10,1,2,10,1.0,0,0,0,0.0,,,
libero,task_identity,pick_up_the_black_bowl_in_the_top_drawer_of_the_wooden_cabinet_and_place_it_on_the_plate,libero_spatial,pick_up_the_black_bowl_in_the_top_drawer_of_the_wooden_cabinet_and_place_it_on_the_plate,pick_up_the_black_bowl_in_the_top_drawer_of_the_wooden_cabinet_and_place_it_on_the_plate,standard,0,libero:libero_spatial:4,10,1,4,10,1.0,0,0,0,0.0,,,
libero,task_identity,pick_up_the_black_bowl_in_the_top_drawer_of_the_wooden_cabinet_and_place_it_on_the_plate,libero_spatial,pick_up_the_black_bowl_in_the_top_drawer_of_the_wooden_cabinet_and_place_it_on_the_plate,pick_up_the_black_bowl_in_the_top_drawer_of_the_wooden_cabinet_and_place_it_on_the_plate,standard,0,libero:libero_spatial:4,10,1,10,10,1.0,0,0,0,0.0,,,
libero,task_identity,pick_up_the_black_bowl_next_to_the_cookie_box_and_place_it_on_the_plate,libero_spatial,pick_up_the_black_bowl_next_to_the_cookie_box_and_place_it_on_the_plate,pick_up_the_black_bowl_next_to_the_cookie_box_and_place_it_on_the_plate,standard,0,libero:libero_spatial:6,10,1,1,10,1.0,0,0,0,0.0,,,
libero,task_identity,pick_up_the_black_bowl_next_to_the_cookie_box_and_place_it_on_the_plate,libero_spatial,pick_up_the_black_bowl_next_to_the_cookie_box_and_place_it_on_the_plate,pick_up_the_black_bowl_next_to_the_cookie_box_and_place_it_on_the_plate,standard,0,libero:libero_spatial:6,10,1,2,10,1.0,0,0,0,0.0,,,
libero,task_identity,pick_up_the_black_bowl_next_to_the_cookie_box_and_place_it_on_the_plate,libero_spatial,pick_up_the_black_bowl_next_to_the_cookie_box_and_place_it_on_the_plate,pick_up_the_black_bowl_next_to_the_cookie_box_and_place_it_on_the_plate,standard,0,libero:libero_spatial:6,10,1,4,10,1.0,0,0,0,0.0,,,
libero,task_identity,pick_up_the_black_bowl_next_to_the_cookie_box_and_place_it_on_the_plate,libero_spatial,pick_up_the_black_bowl_next_to_the_cookie_box_and_place_it_on_the_plate,pick_up_the_black_bowl_next_to_the_cookie_box_and_place_it_on_the_plate,standard,0,libero:libero_spatial:6,10,1,10,10,1.0,0,0,0,0.0,,,
libero,task_identity,pick_up_the_black_bowl_next_to_the_plate_and_place_it_on_the_plate,libero_spatial,pick_up_the_black_bowl_next_to_the_plate_and_place_it_on_the_plate,pick_up_the_black_bowl_next_to_the_plate_and_place_it_on_the_plate,standard,0,libero:libero_spatial:8,10,1,1,10,1.0,0,0,0,0.0,,,
libero,task_identity,pick_up_the_black_bowl_next_to_the_plate_and_place_it_on_the_plate,libero_spatial,pick_up_the_black_bowl_next_to_the_plate_and_place_it_on_the_plate,pick_up_the_black_bowl_next_to_the_plate_and_place_it_on_the_plate,standard,0,libero:libero_spatial:8,10,1,2,10,1.0,0,0,0,0.0,,,
libero,task_identity,pick_up_the_black_bowl_next_to_the_plate_and_place_it_on_the_plate,libero_spatial,pick_up_the_black_bowl_next_to_the_plate_and_place_it_on_the_plate,pick_up_the_black_bowl_next_to_the_plate_and_place_it_on_the_plate,standard,0,libero:libero_spatial:8,10,1,4,10,1.0,0,0,0,0.0,,,
libero,task_identity,pick_up_the_black_bowl_next_to_the_plate_and_place_it_on_the_plate,libero_spatial,pick_up_the_black_bowl_next_to_the_plate_and_place_it_on_the_plate,pick_up_the_black_bowl_next_to_the_plate_and_place_it_on_the_plate,standard,0,libero:libero_spatial:8,10,1,10,10,1.0,0,0,0,0.0,,,
libero,task_identity,pick_up_the_black_bowl_next_to_the_ramekin_and_place_it_on_the_plate,libero_spatial,pick_up_the_black_bowl_next_to_the_ramekin_and_place_it_on_the_plate,pick_up_the_black_bowl_next_to_the_ramekin_and_place_it_on_the_plate,standard,0,libero:libero_spatial:1,10,1,1,10,1.0,0,0,0,0.0,,,
libero,task_identity,pick_up_the_black_bowl_next_to_the_ramekin_and_place_it_on_the_plate,libero_spatial,pick_up_the_black_bowl_next_to_the_ramekin_and_place_it_on_the_plate,pick_up_the_black_bowl_next_to_the_ramekin_and_place_it_on_the_plate,standard,0,libero:libero_spatial:1,10,1,2,10,1.0,0,0,0,0.0,,,
libero,task_identity,pick_up_the_black_bowl_next_to_the_ramekin_and_place_it_on_the_plate,libero_spatial,pick_up_the_black_bowl_next_to_the_ramekin_and_place_it_on_the_plate,pick_up_the_black_bowl_next_to_the_ramekin_and_place_it_on_the_plate,standard,0,libero:libero_spatial:1,10,1,4,10,1.0,0,0,0,0.0,,,
libero,task_identity,pick_up_the_black_bowl_next_to_the_ramekin_and_place_it_on_the_plate,libero_spatial,pick_up_the_black_bowl_next_to_the_ramekin_and_place_it_on_the_plate,pick_up_the_black_bowl_next_to_the_ramekin_and_place_it_on_the_plate,standard,0,libero:libero_spatial:1,10,1,10,10,1.0,0,0,0,0.0,,,
libero,task_identity,pick_up_the_black_bowl_on_the_cookie_box_and_place_it_on_the_plate,libero_spatial,pick_up_the_black_bowl_on_the_cookie_box_and_place_it_on_the_plate,pick_up_the_black_bowl_on_the_cookie_box_and_place_it_on_the_plate,standard,0,libero:libero_spatial:3,10,1,1,10,1.0,0,0,0,0.0,,,
libero,task_identity,pick_up_the_black_bowl_on_the_cookie_box_and_place_it_on_the_plate,libero_spatial,pick_up_the_black_bowl_on_the_cookie_box_and_place_it_on_the_plate,pick_up_the_black_bowl_on_the_cookie_box_and_place_it_on_the_plate,standard,0,libero:libero_spatial:3,10,1,2,10,1.0,0,0,0,0.0,,,
libero,task_identity,pick_up_the_black_bowl_on_the_cookie_box_and_place_it_on_the_plate,libero_spatial,pick_up_the_black_bowl_on_the_cookie_box_and_place_it_on_the_plate,pick_up_the_black_bowl_on_the_cookie_box_and_place_it_on_the_plate,standard,0,libero:libero_spatial:3,10,1,4,10,1.0,0,0,0,0.0,,,
libero,task_identity,pick_up_the_black_bowl_on_the_cookie_box_and_place_it_on_the_plate,libero_spatial,pick_up_the_black_bowl_on_the_cookie_box_and_place_it_on_the_plate,pick_up_the_black_bowl_on_the_cookie_box_and_place_it_on_the_plate,standard,0,libero:libero_spatial:3,10,1,10,10,1.0,0,0,0,0.0,,,
libero,task_identity,pick_up_the_black_bowl_on_the_ramekin_and_place_it_on_the_plate,libero_spatial,pick_up_the_black_bowl_on_the_ramekin_and_place_it_on_the_plate,pick_up_the_black_bowl_on_the_ramekin_and_place_it_on_the_plate,standard,0,libero:libero_spatial:5,10,1,1,10,1.0,0,0,0,0.0,,,
libero,task_identity,pick_up_the_black_bowl_on_the_ramekin_and_place_it_on_the_plate,libero_spatial,pick_up_the_black_bowl_on_the_ramekin_and_place_it_on_the_plate,pick_up_the_black_bowl_on_the_ramekin_and_place_it_on_the_plate,standard,0,libero:libero_spatial:5,10,1,2,10,1.0,0,0,0,0.0,,,
libero,task_identity,pick_up_the_black_bowl_on_the_ramekin_and_place_it_on_the_plate,libero_spatial,pick_up_the_black_bowl_on_the_ramekin_and_place_it_on_the_plate,pick_up_the_black_bowl_on_the_ramekin_and_place_it_on_the_plate,standard,0,libero:libero_spatial:5,10,1,4,9,0.9,0,0,1,-0.1,,,
libero,task_identity,pick_up_the_black_bowl_on_the_ramekin_and_place_it_on_the_plate,libero_spatial,pick_up_the_black_bowl_on_the_ramekin_and_place_it_on_the_plate,pick_up_the_black_bowl_on_the_ramekin_and_place_it_on_the_plate,standard,0,libero:libero_spatial:5,10,1,10,10,1.0,0,0,0,0.0,,,
libero,task_identity,pick_up_the_black_bowl_on_the_stove_and_place_it_on_the_plate,libero_spatial,pick_up_the_black_bowl_on_the_stove_and_place_it_on_the_plate,pick_up_the_black_bowl_on_the_stove_and_place_it_on_the_plate,standard,0,libero:libero_spatial:7,10,1,1,10,1.0,0,0,0,0.0,,,
libero,task_identity,pick_up_the_black_bowl_on_the_stove_and_place_it_on_the_plate,libero_spatial,pick_up_the_black_bowl_on_the_stove_and_place_it_on_the_plate,pick_up_the_black_bowl_on_the_stove_and_place_it_on_the_plate,standard,0,libero:libero_spatial:7,10,1,2,10,1.0,0,0,0,0.0,,,
libero,task_identity,pick_up_the_black_bowl_on_the_stove_and_place_it_on_the_plate,libero_spatial,pick_up_the_black_bowl_on_the_stove_and_place_it_on_the_plate,pick_up_the_black_bowl_on_the_stove_and_place_it_on_the_plate,standard,0,libero:libero_spatial:7,10,1,4,10,1.0,0,0,0,0.0,,,
libero,task_identity,pick_up_the_black_bowl_on_the_stove_and_place_it_on_the_plate,libero_spatial,pick_up_the_black_bowl_on_the_stove_and_place_it_on_the_plate,pick_up_the_black_bowl_on_the_stove_and_place_it_on_the_plate,standard,0,libero:libero_spatial:7,10,1,10,10,1.0,0,0,0,0.0,,,
libero,task_identity,pick_up_the_black_bowl_on_the_wooden_cabinet_and_place_it_on_the_plate,libero_spatial,pick_up_the_black_bowl_on_the_wooden_cabinet_and_place_it_on_the_plate,pick_up_the_black_bowl_on_the_wooden_cabinet_and_place_it_on_the_plate,standard,0,libero:libero_spatial:9,10,1,1,10,1.0,0,0,0,0.0,,,
libero,task_identity,pick_up_the_black_bowl_on_the_wooden_cabinet_and_place_it_on_the_plate,libero_spatial,pick_up_the_black_bowl_on_the_wooden_cabinet_and_place_it_on_the_plate,pick_up_the_black_bowl_on_the_wooden_cabinet_and_place_it_on_the_plate,standard,0,libero:libero_spatial:9,10,1,2,10,1.0,0,0,0,0.0,,,
libero,task_identity,pick_up_the_black_bowl_on_the_wooden_cabinet_and_place_it_on_the_plate,libero_spatial,pick_up_the_black_bowl_on_the_wooden_cabinet_and_place_it_on_the_plate,pick_up_the_black_bowl_on_the_wooden_cabinet_and_place_it_on_the_plate,standard,0,libero:libero_spatial:9,10,1,4,10,1.0,0,0,0,0.0,,,
libero,task_identity,pick_up_the_black_bowl_on_the_wooden_cabinet_and_place_it_on_the_plate,libero_spatial,pick_up_the_black_bowl_on_the_wooden_cabinet_and_place_it_on_the_plate,pick_up_the_black_bowl_on_the_wooden_cabinet_and_place_it_on_the_plate,standard,0,libero:libero_spatial:9,10,1,10,9,0.9,0,0,1,-0.1,,,
libero,task_identity,pick_up_the_butter_and_place_it_in_the_basket,libero_object,pick_up_the_butter_and_place_it_in_the_basket,pick_up_the_butter_and_place_it_in_the_basket,standard,0,libero:libero_object:6,10,1,1,10,1.0,0,0,0,0.0,,,
libero,task_identity,pick_up_the_butter_and_place_it_in_the_basket,libero_object,pick_up_the_butter_and_place_it_in_the_basket,pick_up_the_butter_and_place_it_in_the_basket,standard,0,libero:libero_object:6,10,1,2,10,1.0,0,0,0,0.0,,,
libero,task_identity,pick_up_the_butter_and_place_it_in_the_basket,libero_object,pick_up_the_butter_and_place_it_in_the_basket,pick_up_the_butter_and_place_it_in_the_basket,standard,0,libero:libero_object:6,10,1,4,10,1.0,0,0,0,0.0,,,
libero,task_identity,pick_up_the_butter_and_place_it_in_the_basket,libero_object,pick_up_the_butter_and_place_it_in_the_basket,pick_up_the_butter_and_place_it_in_the_basket,standard,0,libero:libero_object:6,10,1,10,10,1.0,0,0,0,0.0,,,
libero,task_identity,pick_up_the_chocolate_pudding_and_place_it_in_the_basket,libero_object,pick_up_the_chocolate_pudding_and_place_it_in_the_basket,pick_up_the_chocolate_pudding_and_place_it_in_the_basket,standard,0,libero:libero_object:8,10,1,1,10,1.0,0,0,0,0.0,,,
libero,task_identity,pick_up_the_chocolate_pudding_and_place_it_in_the_basket,libero_object,pick_up_the_chocolate_pudding_and_place_it_in_the_basket,pick_up_the_chocolate_pudding_and_place_it_in_the_basket,standard,0,libero:libero_object:8,10,1,2,9,0.9,0,0,1,-0.1,,,
libero,task_identity,pick_up_the_chocolate_pudding_and_place_it_in_the_basket,libero_object,pick_up_the_chocolate_pudding_and_place_it_in_the_basket,pick_up_the_chocolate_pudding_and_place_it_in_the_basket,standard,0,libero:libero_object:8,10,1,4,10,1.0,0,0,0,0.0,,,
libero,task_identity,pick_up_the_chocolate_pudding_and_place_it_in_the_basket,libero_object,pick_up_the_chocolate_pudding_and_place_it_in_the_basket,pick_up_the_chocolate_pudding_and_place_it_in_the_basket,standard,0,libero:libero_object:8,10,1,10,10,1.0,0,0,0,0.0,,,
libero,task_identity,pick_up_the_cream_cheese_and_place_it_in_the_basket,libero_object,pick_up_the_cream_cheese_and_place_it_in_the_basket,pick_up_the_cream_cheese_and_place_it_in_the_basket,standard,0,libero:libero_object:1,10,1,1,10,1.0,0,0,0,0.0,,,
libero,task_identity,pick_up_the_cream_cheese_and_place_it_in_the_basket,libero_object,pick_up_the_cream_cheese_and_place_it_in_the_basket,pick_up_the_cream_cheese_and_place_it_in_the_basket,standard,0,libero:libero_object:1,10,1,2,10,1.0,0,0,0,0.0,,,
libero,task_identity,pick_up_the_cream_cheese_and_place_it_in_the_basket,libero_object,pick_up_the_cream_cheese_and_place_it_in_the_basket,pick_up_the_cream_cheese_and_place_it_in_the_basket,standard,0,libero:libero_object:1,10,1,4,10,1.0,0,0,0,0.0,,,
libero,task_identity,pick_up_the_cream_cheese_and_place_it_in_the_basket,libero_object,pick_up_the_cream_cheese_and_place_it_in_the_basket,pick_up_the_cream_cheese_and_place_it_in_the_basket,standard,0,libero:libero_object:1,10,1,10,10,1.0,0,0,0,0.0,,,
libero,task_identity,pick_up_the_ketchup_and_place_it_in_the_basket,libero_object,pick_up_the_ketchup_and_place_it_in_the_basket,pick_up_the_ketchup_and_place_it_in_the_basket,standard,0,libero:libero_object:4,10,1,1,10,1.0,0,0,0,0.0,,,
libero,task_identity,pick_up_the_ketchup_and_place_it_in_the_basket,libero_object,pick_up_the_ketchup_and_place_it_in_the_basket,pick_up_the_ketchup_and_place_it_in_the_basket,standard,0,libero:libero_object:4,10,1,2,10,1.0,0,0,0,0.0,,,
libero,task_identity,pick_up_the_ketchup_and_place_it_in_the_basket,libero_object,pick_up_the_ketchup_and_place_it_in_the_basket,pick_up_the_ketchup_and_place_it_in_the_basket,standard,0,libero:libero_object:4,10,1,4,10,1.0,0,0,0,0.0,,,
libero,task_identity,pick_up_the_ketchup_and_place_it_in_the_basket,libero_object,pick_up_the_ketchup_and_place_it_in_the_basket,pick_up_the_ketchup_and_place_it_in_the_basket,standard,0,libero:libero_object:4,10,1,10,10,1.0,0,0,0,0.0,,,
libero,task_identity,pick_up_the_milk_and_place_it_in_the_basket,libero_object,pick_up_the_milk_and_place_it_in_the_basket,pick_up_the_milk_and_place_it_in_the_basket,standard,0,libero:libero_object:7,10,1,1,10,1.0,0,0,0,0.0,,,
libero,task_identity,pick_up_the_milk_and_place_it_in_the_basket,libero_object,pick_up_the_milk_and_place_it_in_the_basket,pick_up_the_milk_and_place_it_in_the_basket,standard,0,libero:libero_object:7,10,1,2,10,1.0,0,0,0,0.0,,,
libero,task_identity,pick_up_the_milk_and_place_it_in_the_basket,libero_object,pick_up_the_milk_and_place_it_in_the_basket,pick_up_the_milk_and_place_it_in_the_basket,standard,0,libero:libero_object:7,10,1,4,10,1.0,0,0,0,0.0,,,
libero,task_identity,pick_up_the_milk_and_place_it_in_the_basket,libero_object,pick_up_the_milk_and_place_it_in_the_basket,pick_up_the_milk_and_place_it_in_the_basket,standard,0,libero:libero_object:7,10,1,10,10,1.0,0,0,0,0.0,,,
libero,task_identity,pick_up_the_orange_juice_and_place_it_in_the_basket,libero_object,pick_up_the_orange_juice_and_place_it_in_the_basket,pick_up_the_orange_juice_and_place_it_in_the_basket,standard,0,libero:libero_object:9,10,1,1,10,1.0,0,0,0,0.0,,,
libero,task_identity,pick_up_the_orange_juice_and_place_it_in_the_basket,libero_object,pick_up_the_orange_juice_and_place_it_in_the_basket,pick_up_the_orange_juice_and_place_it_in_the_basket,standard,0,libero:libero_object:9,10,1,2,10,1.0,0,0,0,0.0,,,
libero,task_identity,pick_up_the_orange_juice_and_place_it_in_the_basket,libero_object,pick_up_the_orange_juice_and_place_it_in_the_basket,pick_up_the_orange_juice_and_place_it_in_the_basket,standard,0,libero:libero_object:9,10,1,4,10,1.0,0,0,0,0.0,,,
libero,task_identity,pick_up_the_orange_juice_and_place_it_in_the_basket,libero_object,pick_up_the_orange_juice_and_place_it_in_the_basket,pick_up_the_orange_juice_and_place_it_in_the_basket,standard,0,libero:libero_object:9,10,1,10,10,1.0,0,0,0,0.0,,,
libero,task_identity,pick_up_the_salad_dressing_and_place_it_in_the_basket,libero_object,pick_up_the_salad_dressing_and_place_it_in_the_basket,pick_up_the_salad_dressing_and_place_it_in_the_basket,standard,0,libero:libero_object:2,10,1,1,10,1.0,0,0,0,0.0,,,
libero,task_identity,pick_up_the_salad_dressing_and_place_it_in_the_basket,libero_object,pick_up_the_salad_dressing_and_place_it_in_the_basket,pick_up_the_salad_dressing_and_place_it_in_the_basket,standard,0,libero:libero_object:2,10,1,2,10,1.0,0,0,0,0.0,,,
libero,task_identity,pick_up_the_salad_dressing_and_place_it_in_the_basket,libero_object,pick_up_the_salad_dressing_and_place_it_in_the_basket,pick_up_the_salad_dressing_and_place_it_in_the_basket,standard,0,libero:libero_object:2,10,1,4,10,1.0,0,0,0,0.0,,,
libero,task_identity,pick_up_the_salad_dressing_and_place_it_in_the_basket,libero_object,pick_up_the_salad_dressing_and_place_it_in_the_basket,pick_up_the_salad_dressing_and_place_it_in_the_basket,standard,0,libero:libero_object:2,10,1,10,10,1.0,0,0,0,0.0,,,
libero,task_identity,pick_up_the_tomato_sauce_and_place_it_in_the_basket,libero_object,pick_up_the_tomato_sauce_and_place_it_in_the_basket,pick_up_the_tomato_sauce_and_place_it_in_the_basket,standard,0,libero:libero_object:5,10,1,1,10,1.0,0,0,0,0.0,,,
libero,task_identity,pick_up_the_tomato_sauce_and_place_it_in_the_basket,libero_object,pick_up_the_tomato_sauce_and_place_it_in_the_basket,pick_up_the_tomato_sauce_and_place_it_in_the_basket,standard,0,libero:libero_object:5,10,1,2,9,0.9,0,0,1,-0.1,,,
libero,task_identity,pick_up_the_tomato_sauce_and_place_it_in_the_basket,libero_object,pick_up_the_tomato_sauce_and_place_it_in_the_basket,pick_up_the_tomato_sauce_and_place_it_in_the_basket,standard,0,libero:libero_object:5,10,1,4,10,1.0,0,0,0,0.0,,,
libero,task_identity,pick_up_the_tomato_sauce_and_place_it_in_the_basket,libero_object,pick_up_the_tomato_sauce_and_place_it_in_the_basket,pick_up_the_tomato_sauce_and_place_it_in_the_basket,standard,0,libero:libero_object:5,10,1,10,10,1.0,0,0,0,0.0,,,
libero,task_identity,push_the_plate_to_the_front_of_the_stove,libero_goal,push_the_plate_to_the_front_of_the_stove,push_the_plate_to_the_front_of_the_stove,standard,0,libero:libero_goal:5,10,1,1,9,0.9,1,0,0,0.0,0.0,,
libero,task_identity,push_the_plate_to_the_front_of_the_stove,libero_goal,push_the_plate_to_the_front_of_the_stove,push_the_plate_to_the_front_of_the_stove,standard,0,libero:libero_goal:5,10,1,2,10,1.0,1,1,0,0.1,1.0,,
libero,task_identity,push_the_plate_to_the_front_of_the_stove,libero_goal,push_the_plate_to_the_front_of_the_stove,push_the_plate_to_the_front_of_the_stove,standard,0,libero:libero_goal:5,10,1,4,10,1.0,1,1,0,0.1,1.0,,
libero,task_identity,push_the_plate_to_the_front_of_the_stove,libero_goal,push_the_plate_to_the_front_of_the_stove,push_the_plate_to_the_front_of_the_stove,standard,0,libero:libero_goal:5,10,1,10,9,0.9,1,1,1,0.0,1.0,,
libero,task_identity,put_the_bowl_on_the_plate,libero_goal,put_the_bowl_on_the_plate,put_the_bowl_on_the_plate,standard,0,libero:libero_goal:8,10,1,1,10,1.0,0,0,0,0.0,,,
libero,task_identity,put_the_bowl_on_the_plate,libero_goal,put_the_bowl_on_the_plate,put_the_bowl_on_the_plate,standard,0,libero:libero_goal:8,10,1,2,10,1.0,0,0,0,0.0,,,
libero,task_identity,put_the_bowl_on_the_plate,libero_goal,put_the_bowl_on_the_plate,put_the_bowl_on_the_plate,standard,0,libero:libero_goal:8,10,1,4,10,1.0,0,0,0,0.0,,,
libero,task_identity,put_the_bowl_on_the_plate,libero_goal,put_the_bowl_on_the_plate,put_the_bowl_on_the_plate,standard,0,libero:libero_goal:8,10,1,10,10,1.0,0,0,0,0.0,,,
libero,task_identity,put_the_bowl_on_the_stove,libero_goal,put_the_bowl_on_the_stove,put_the_bowl_on_the_stove,standard,0,libero:libero_goal:1,10,1,1,9,0.9,1,0,0,0.0,0.0,,
libero,task_identity,put_the_bowl_on_the_stove,libero_goal,put_the_bowl_on_the_stove,put_the_bowl_on_the_stove,standard,0,libero:libero_goal:1,10,1,2,9,0.9,1,0,0,0.0,0.0,,
libero,task_identity,put_the_bowl_on_the_stove,libero_goal,put_the_bowl_on_the_stove,put_the_bowl_on_the_stove,standard,0,libero:libero_goal:1,10,1,4,10,1.0,1,1,0,0.1,1.0,,
libero,task_identity,put_the_bowl_on_the_stove,libero_goal,put_the_bowl_on_the_stove,put_the_bowl_on_the_stove,standard,0,libero:libero_goal:1,10,1,10,10,1.0,1,1,0,0.1,1.0,,
libero,task_identity,put_the_bowl_on_top_of_the_cabinet,libero_goal,put_the_bowl_on_top_of_the_cabinet,put_the_bowl_on_top_of_the_cabinet,standard,0,libero:libero_goal:4,10,1,1,10,1.0,0,0,0,0.0,,,
libero,task_identity,put_the_bowl_on_top_of_the_cabinet,libero_goal,put_the_bowl_on_top_of_the_cabinet,put_the_bowl_on_top_of_the_cabinet,standard,0,libero:libero_goal:4,10,1,2,10,1.0,0,0,0,0.0,,,
libero,task_identity,put_the_bowl_on_top_of_the_cabinet,libero_goal,put_the_bowl_on_top_of_the_cabinet,put_the_bowl_on_top_of_the_cabinet,standard,0,libero:libero_goal:4,10,1,4,10,1.0,0,0,0,0.0,,,
libero,task_identity,put_the_bowl_on_top_of_the_cabinet,libero_goal,put_the_bowl_on_top_of_the_cabinet,put_the_bowl_on_top_of_the_cabinet,standard,0,libero:libero_goal:4,10,1,10,10,1.0,0,0,0,0.0,,,
libero,task_identity,put_the_cream_cheese_in_the_bowl,libero_goal,put_the_cream_cheese_in_the_bowl,put_the_cream_cheese_in_the_bowl,standard,0,libero:libero_goal:6,10,1,1,10,1.0,0,0,0,0.0,,,
libero,task_identity,put_the_cream_cheese_in_the_bowl,libero_goal,put_the_cream_cheese_in_the_bowl,put_the_cream_cheese_in_the_bowl,standard,0,libero:libero_goal:6,10,1,2,10,1.0,0,0,0,0.0,,,
libero,task_identity,put_the_cream_cheese_in_the_bowl,libero_goal,put_the_cream_cheese_in_the_bowl,put_the_cream_cheese_in_the_bowl,standard,0,libero:libero_goal:6,10,1,4,10,1.0,0,0,0,0.0,,,
libero,task_identity,put_the_cream_cheese_in_the_bowl,libero_goal,put_the_cream_cheese_in_the_bowl,put_the_cream_cheese_in_the_bowl,standard,0,libero:libero_goal:6,10,1,10,10,1.0,0,0,0,0.0,,,
libero,task_identity,put_the_wine_bottle_on_the_rack,libero_goal,put_the_wine_bottle_on_the_rack,put_the_wine_bottle_on_the_rack,standard,0,libero:libero_goal:9,10,1,1,8,0.8,2,0,0,0.0,0.0,,
libero,task_identity,put_the_wine_bottle_on_the_rack,libero_goal,put_the_wine_bottle_on_the_rack,put_the_wine_bottle_on_the_rack,standard,0,libero:libero_goal:9,10,1,2,9,0.9,2,1,0,0.1,0.5,,
libero,task_identity,put_the_wine_bottle_on_the_rack,libero_goal,put_the_wine_bottle_on_the_rack,put_the_wine_bottle_on_the_rack,standard,0,libero:libero_goal:9,10,1,4,10,1.0,2,2,0,0.2,1.0,,
libero,task_identity,put_the_wine_bottle_on_the_rack,libero_goal,put_the_wine_bottle_on_the_rack,put_the_wine_bottle_on_the_rack,standard,0,libero:libero_goal:9,10,1,10,10,1.0,2,2,0,0.2,1.0,,
libero,task_identity,put_the_wine_bottle_on_top_of_the_cabinet,libero_goal,put_the_wine_bottle_on_top_of_the_cabinet,put_the_wine_bottle_on_top_of_the_cabinet,standard,0,libero:libero_goal:2,10,1,1,10,1.0,0,0,0,0.0,,,
libero,task_identity,put_the_wine_bottle_on_top_of_the_cabinet,libero_goal,put_the_wine_bottle_on_top_of_the_cabinet,put_the_wine_bottle_on_top_of_the_cabinet,standard,0,libero:libero_goal:2,10,1,2,10,1.0,0,0,0,0.0,,,
libero,task_identity,put_the_wine_bottle_on_top_of_the_cabinet,libero_goal,put_the_wine_bottle_on_top_of_the_cabinet,put_the_wine_bottle_on_top_of_the_cabinet,standard,0,libero:libero_goal:2,10,1,4,10,1.0,0,0,0,0.0,,,
libero,task_identity,put_the_wine_bottle_on_top_of_the_cabinet,libero_goal,put_the_wine_bottle_on_top_of_the_cabinet,put_the_wine_bottle_on_top_of_the_cabinet,standard,0,libero:libero_goal:2,10,1,10,10,1.0,0,0,0,0.0,,,
libero,task_identity,turn_on_the_stove,libero_goal,turn_on_the_stove,turn_on_the_stove,standard,0,libero:libero_goal:7,10,1,1,10,1.0,0,0,0,0.0,,,
libero,task_identity,turn_on_the_stove,libero_goal,turn_on_the_stove,turn_on_the_stove,standard,0,libero:libero_goal:7,10,1,2,10,1.0,0,0,0,0.0,,,
libero,task_identity,turn_on_the_stove,libero_goal,turn_on_the_stove,turn_on_the_stove,standard,0,libero:libero_goal:7,10,1,4,10,1.0,0,0,0,0.0,,,
libero,task_identity,turn_on_the_stove,libero_goal,turn_on_the_stove,turn_on_the_stove,standard,0,libero:libero_goal:7,10,1,10,10,1.0,0,0,0,0.0,,,
libero,perturbation_type,standard,libero_10;libero_goal;libero_object;libero_spatial,KITCHEN_SCENE3_turn_on_the_stove_and_put_the_moka_pot_on_it;KITCHEN_SCENE4_put_the_black_bowl_in_the_bottom_drawer_of_the_cabinet_and_close_it;KITCHEN_SCENE6_put_the_yellow_and_white_mug_in_the_microwave_and_close_it;KITCHEN_SCENE8_put_both_moka_pots_on_the_stove;LIVING_ROOM_SCENE1_put_both_the_alphabet_soup_and_the_cream_cheese_box_in_the_basket;LIVING_ROOM_SCENE2_put_both_the_alphabet_soup_and_the_tomato_sauce_in_the_basket;LIVING_ROOM_SCENE2_put_both_the_cream_cheese_box_and_the_butter_in_the_basket;LIVING_ROOM_SCENE5_put_the_white_mug_on_the_left_plate_and_put_the_yellow_and_white_mug_on_the_right_plate;LIVING_ROOM_SCENE6_put_the_white_mug_on_the_plate_and_put_the_chocolate_pudding_to_the_right_of_the_plate;STUDY_SCENE1_pick_up_the_book_and_place_it_in_the_back_compartment_of_the_caddy;open_the_middle_drawer_of_the_cabinet;open_the_top_drawer_and_put_the_bowl_inside;pick_up_the_alphabet_soup_and_place_it_in_the_basket;pick_up_the_bbq_sauce_and_place_it_in_the_basket;pick_up_the_black_bowl_between_the_plate_and_the_ramekin_and_place_it_on_the_plate;pick_up_the_black_bowl_from_table_center_and_place_it_on_the_plate;pick_up_the_black_bowl_in_the_top_drawer_of_the_wooden_cabinet_and_place_it_on_the_plate;pick_up_the_black_bowl_next_to_the_cookie_box_and_place_it_on_the_plate;pick_up_the_black_bowl_next_to_the_plate_and_place_it_on_the_plate;pick_up_the_black_bowl_next_to_the_ramekin_and_place_it_on_the_plate;pick_up_the_black_bowl_on_the_cookie_box_and_place_it_on_the_plate;pick_up_the_black_bowl_on_the_ramekin_and_place_it_on_the_plate;pick_up_the_black_bowl_on_the_stove_and_place_it_on_the_plate;pick_up_the_black_bowl_on_the_wooden_cabinet_and_place_it_on_the_plate;pick_up_the_butter_and_place_it_in_the_basket;pick_up_the_chocolate_pudding_and_place_it_in_the_basket;pick_up_the_cream_cheese_and_place_it_in_the_basket;pick_up_the_ketchup_and_place_it_in_the_basket;pick_up_the_milk_and_place_it_in_the_basket;pick_up_the_orange_juice_and_place_it_in_the_basket;pick_up_the_salad_dressing_and_place_it_in_the_basket;pick_up_the_tomato_sauce_and_place_it_in_the_basket;push_the_plate_to_the_front_of_the_stove;put_the_bowl_on_the_plate;put_the_bowl_on_the_stove;put_the_bowl_on_top_of_the_cabinet;put_the_cream_cheese_in_the_bowl;put_the_wine_bottle_on_the_rack;put_the_wine_bottle_on_top_of_the_cabinet;turn_on_the_stove,KITCHEN_SCENE3_turn_on_the_stove_and_put_the_moka_pot_on_it;KITCHEN_SCENE4_put_the_black_bowl_in_the_bottom_drawer_of_the_cabinet_and_close_it;KITCHEN_SCENE6_put_the_yellow_and_white_mug_in_the_microwave_and_close_it;KITCHEN_SCENE8_put_both_moka_pots_on_the_stove;LIVING_ROOM_SCENE1_put_both_the_alphabet_soup_and_the_cream_cheese_box_in_the_basket;LIVING_ROOM_SCENE2_put_both_the_alphabet_soup_and_the_tomato_sauce_in_the_basket;LIVING_ROOM_SCENE2_put_both_the_cream_cheese_box_and_the_butter_in_the_basket;LIVING_ROOM_SCENE5_put_the_white_mug_on_the_left_plate_and_put_the_yellow_and_white_mug_on_the_right_plate;LIVING_ROOM_SCENE6_put_the_white_mug_on_the_plate_and_put_the_chocolate_pudding_to_the_right_of_the_plate;STUDY_SCENE1_pick_up_the_book_and_place_it_in_the_back_compartment_of_the_caddy;open_the_middle_drawer_of_the_cabinet;open_the_top_drawer_and_put_the_bowl_inside;pick_up_the_alphabet_soup_and_place_it_in_the_basket;pick_up_the_bbq_sauce_and_place_it_in_the_basket;pick_up_the_black_bowl_between_the_plate_and_the_ramekin_and_place_it_on_the_plate;pick_up_the_black_bowl_from_table_center_and_place_it_on_the_plate;pick_up_the_black_bowl_in_the_top_drawer_of_the_wooden_cabinet_and_place_it_on_the_plate;pick_up_the_black_bowl_next_to_the_cookie_box_and_place_it_on_the_plate;pick_up_the_black_bowl_next_to_the_plate_and_place_it_on_the_plate;pick_up_the_black_bowl_next_to_the_ramekin_and_place_it_on_the_plate;pick_up_the_black_bowl_on_the_cookie_box_and_place_it_on_the_plate;pick_up_the_black_bowl_on_the_ramekin_and_place_it_on_the_plate;pick_up_the_black_bowl_on_the_stove_and_place_it_on_the_plate;pick_up_the_black_bowl_on_the_wooden_cabinet_and_place_it_on_the_plate;pick_up_the_butter_and_place_it_in_the_basket;pick_up_the_chocolate_pudding_and_place_it_in_the_basket;pick_up_the_cream_cheese_and_place_it_in_the_basket;pick_up_the_ketchup_and_place_it_in_the_basket;pick_up_the_milk_and_place_it_in_the_basket;pick_up_the_orange_juice_and_place_it_in_the_basket;pick_up_the_salad_dressing_and_place_it_in_the_basket;pick_up_the_tomato_sauce_and_place_it_in_the_basket;push_the_plate_to_the_front_of_the_stove;put_the_bowl_on_the_plate;put_the_bowl_on_the_stove;put_the_bowl_on_top_of_the_cabinet;put_the_cream_cheese_in_the_bowl;put_the_wine_bottle_on_the_rack;put_the_wine_bottle_on_top_of_the_cabinet;turn_on_the_stove,standard,0,libero:libero_10:0;libero:libero_10:1;libero:libero_10:2;libero:libero_10:3;libero:libero_10:4;libero:libero_10:5;libero:libero_10:6;libero:libero_10:7;libero:libero_10:8;libero:libero_10:9;libero:libero_goal:0;libero:libero_goal:1;libero:libero_goal:2;libero:libero_goal:3;libero:libero_goal:4;libero:libero_goal:5;libero:libero_goal:6;libero:libero_goal:7;libero:libero_goal:8;libero:libero_goal:9;libero:libero_object:0;libero:libero_object:1;libero:libero_object:2;libero:libero_object:3;libero:libero_object:4;libero:libero_object:5;libero:libero_object:6;libero:libero_object:7;libero:libero_object:8;libero:libero_object:9;libero:libero_spatial:0;libero:libero_spatial:1;libero:libero_spatial:2;libero:libero_spatial:3;libero:libero_spatial:4;libero:libero_spatial:5;libero:libero_spatial:6;libero:libero_spatial:7;libero:libero_spatial:8;libero:libero_spatial:9,400,40,1,386,0.965,14,0,0,0.0,0.0,,
libero,perturbation_type,standard,libero_10;libero_goal;libero_object;libero_spatial,KITCHEN_SCENE3_turn_on_the_stove_and_put_the_moka_pot_on_it;KITCHEN_SCENE4_put_the_black_bowl_in_the_bottom_drawer_of_the_cabinet_and_close_it;KITCHEN_SCENE6_put_the_yellow_and_white_mug_in_the_microwave_and_close_it;KITCHEN_SCENE8_put_both_moka_pots_on_the_stove;LIVING_ROOM_SCENE1_put_both_the_alphabet_soup_and_the_cream_cheese_box_in_the_basket;LIVING_ROOM_SCENE2_put_both_the_alphabet_soup_and_the_tomato_sauce_in_the_basket;LIVING_ROOM_SCENE2_put_both_the_cream_cheese_box_and_the_butter_in_the_basket;LIVING_ROOM_SCENE5_put_the_white_mug_on_the_left_plate_and_put_the_yellow_and_white_mug_on_the_right_plate;LIVING_ROOM_SCENE6_put_the_white_mug_on_the_plate_and_put_the_chocolate_pudding_to_the_right_of_the_plate;STUDY_SCENE1_pick_up_the_book_and_place_it_in_the_back_compartment_of_the_caddy;open_the_middle_drawer_of_the_cabinet;open_the_top_drawer_and_put_the_bowl_inside;pick_up_the_alphabet_soup_and_place_it_in_the_basket;pick_up_the_bbq_sauce_and_place_it_in_the_basket;pick_up_the_black_bowl_between_the_plate_and_the_ramekin_and_place_it_on_the_plate;pick_up_the_black_bowl_from_table_center_and_place_it_on_the_plate;pick_up_the_black_bowl_in_the_top_drawer_of_the_wooden_cabinet_and_place_it_on_the_plate;pick_up_the_black_bowl_next_to_the_cookie_box_and_place_it_on_the_plate;pick_up_the_black_bowl_next_to_the_plate_and_place_it_on_the_plate;pick_up_the_black_bowl_next_to_the_ramekin_and_place_it_on_the_plate;pick_up_the_black_bowl_on_the_cookie_box_and_place_it_on_the_plate;pick_up_the_black_bowl_on_the_ramekin_and_place_it_on_the_plate;pick_up_the_black_bowl_on_the_stove_and_place_it_on_the_plate;pick_up_the_black_bowl_on_the_wooden_cabinet_and_place_it_on_the_plate;pick_up_the_butter_and_place_it_in_the_basket;pick_up_the_chocolate_pudding_and_place_it_in_the_basket;pick_up_the_cream_cheese_and_place_it_in_the_basket;pick_up_the_ketchup_and_place_it_in_the_basket;pick_up_the_milk_and_place_it_in_the_basket;pick_up_the_orange_juice_and_place_it_in_the_basket;pick_up_the_salad_dressing_and_place_it_in_the_basket;pick_up_the_tomato_sauce_and_place_it_in_the_basket;push_the_plate_to_the_front_of_the_stove;put_the_bowl_on_the_plate;put_the_bowl_on_the_stove;put_the_bowl_on_top_of_the_cabinet;put_the_cream_cheese_in_the_bowl;put_the_wine_bottle_on_the_rack;put_the_wine_bottle_on_top_of_the_cabinet;turn_on_the_stove,KITCHEN_SCENE3_turn_on_the_stove_and_put_the_moka_pot_on_it;KITCHEN_SCENE4_put_the_black_bowl_in_the_bottom_drawer_of_the_cabinet_and_close_it;KITCHEN_SCENE6_put_the_yellow_and_white_mug_in_the_microwave_and_close_it;KITCHEN_SCENE8_put_both_moka_pots_on_the_stove;LIVING_ROOM_SCENE1_put_both_the_alphabet_soup_and_the_cream_cheese_box_in_the_basket;LIVING_ROOM_SCENE2_put_both_the_alphabet_soup_and_the_tomato_sauce_in_the_basket;LIVING_ROOM_SCENE2_put_both_the_cream_cheese_box_and_the_butter_in_the_basket;LIVING_ROOM_SCENE5_put_the_white_mug_on_the_left_plate_and_put_the_yellow_and_white_mug_on_the_right_plate;LIVING_ROOM_SCENE6_put_the_white_mug_on_the_plate_and_put_the_chocolate_pudding_to_the_right_of_the_plate;STUDY_SCENE1_pick_up_the_book_and_place_it_in_the_back_compartment_of_the_caddy;open_the_middle_drawer_of_the_cabinet;open_the_top_drawer_and_put_the_bowl_inside;pick_up_the_alphabet_soup_and_place_it_in_the_basket;pick_up_the_bbq_sauce_and_place_it_in_the_basket;pick_up_the_black_bowl_between_the_plate_and_the_ramekin_and_place_it_on_the_plate;pick_up_the_black_bowl_from_table_center_and_place_it_on_the_plate;pick_up_the_black_bowl_in_the_top_drawer_of_the_wooden_cabinet_and_place_it_on_the_plate;pick_up_the_black_bowl_next_to_the_cookie_box_and_place_it_on_the_plate;pick_up_the_black_bowl_next_to_the_plate_and_place_it_on_the_plate;pick_up_the_black_bowl_next_to_the_ramekin_and_place_it_on_the_plate;pick_up_the_black_bowl_on_the_cookie_box_and_place_it_on_the_plate;pick_up_the_black_bowl_on_the_ramekin_and_place_it_on_the_plate;pick_up_the_black_bowl_on_the_stove_and_place_it_on_the_plate;pick_up_the_black_bowl_on_the_wooden_cabinet_and_place_it_on_the_plate;pick_up_the_butter_and_place_it_in_the_basket;pick_up_the_chocolate_pudding_and_place_it_in_the_basket;pick_up_the_cream_cheese_and_place_it_in_the_basket;pick_up_the_ketchup_and_place_it_in_the_basket;pick_up_the_milk_and_place_it_in_the_basket;pick_up_the_orange_juice_and_place_it_in_the_basket;pick_up_the_salad_dressing_and_place_it_in_the_basket;pick_up_the_tomato_sauce_and_place_it_in_the_basket;push_the_plate_to_the_front_of_the_stove;put_the_bowl_on_the_plate;put_the_bowl_on_the_stove;put_the_bowl_on_top_of_the_cabinet;put_the_cream_cheese_in_the_bowl;put_the_wine_bottle_on_the_rack;put_the_wine_bottle_on_top_of_the_cabinet;turn_on_the_stove,standard,0,libero:libero_10:0;libero:libero_10:1;libero:libero_10:2;libero:libero_10:3;libero:libero_10:4;libero:libero_10:5;libero:libero_10:6;libero:libero_10:7;libero:libero_10:8;libero:libero_10:9;libero:libero_goal:0;libero:libero_goal:1;libero:libero_goal:2;libero:libero_goal:3;libero:libero_goal:4;libero:libero_goal:5;libero:libero_goal:6;libero:libero_goal:7;libero:libero_goal:8;libero:libero_goal:9;libero:libero_object:0;libero:libero_object:1;libero:libero_object:2;libero:libero_object:3;libero:libero_object:4;libero:libero_object:5;libero:libero_object:6;libero:libero_object:7;libero:libero_object:8;libero:libero_object:9;libero:libero_spatial:0;libero:libero_spatial:1;libero:libero_spatial:2;libero:libero_spatial:3;libero:libero_spatial:4;libero:libero_spatial:5;libero:libero_spatial:6;libero:libero_spatial:7;libero:libero_spatial:8;libero:libero_spatial:9,400,40,2,390,0.975,14,8,4,0.01,0.5714285714285714,-0.005,0.025
libero,perturbation_type,standard,libero_10;libero_goal;libero_object;libero_spatial,KITCHEN_SCENE3_turn_on_the_stove_and_put_the_moka_pot_on_it;KITCHEN_SCENE4_put_the_black_bowl_in_the_bottom_drawer_of_the_cabinet_and_close_it;KITCHEN_SCENE6_put_the_yellow_and_white_mug_in_the_microwave_and_close_it;KITCHEN_SCENE8_put_both_moka_pots_on_the_stove;LIVING_ROOM_SCENE1_put_both_the_alphabet_soup_and_the_cream_cheese_box_in_the_basket;LIVING_ROOM_SCENE2_put_both_the_alphabet_soup_and_the_tomato_sauce_in_the_basket;LIVING_ROOM_SCENE2_put_both_the_cream_cheese_box_and_the_butter_in_the_basket;LIVING_ROOM_SCENE5_put_the_white_mug_on_the_left_plate_and_put_the_yellow_and_white_mug_on_the_right_plate;LIVING_ROOM_SCENE6_put_the_white_mug_on_the_plate_and_put_the_chocolate_pudding_to_the_right_of_the_plate;STUDY_SCENE1_pick_up_the_book_and_place_it_in_the_back_compartment_of_the_caddy;open_the_middle_drawer_of_the_cabinet;open_the_top_drawer_and_put_the_bowl_inside;pick_up_the_alphabet_soup_and_place_it_in_the_basket;pick_up_the_bbq_sauce_and_place_it_in_the_basket;pick_up_the_black_bowl_between_the_plate_and_the_ramekin_and_place_it_on_the_plate;pick_up_the_black_bowl_from_table_center_and_place_it_on_the_plate;pick_up_the_black_bowl_in_the_top_drawer_of_the_wooden_cabinet_and_place_it_on_the_plate;pick_up_the_black_bowl_next_to_the_cookie_box_and_place_it_on_the_plate;pick_up_the_black_bowl_next_to_the_plate_and_place_it_on_the_plate;pick_up_the_black_bowl_next_to_the_ramekin_and_place_it_on_the_plate;pick_up_the_black_bowl_on_the_cookie_box_and_place_it_on_the_plate;pick_up_the_black_bowl_on_the_ramekin_and_place_it_on_the_plate;pick_up_the_black_bowl_on_the_stove_and_place_it_on_the_plate;pick_up_the_black_bowl_on_the_wooden_cabinet_and_place_it_on_the_plate;pick_up_the_butter_and_place_it_in_the_basket;pick_up_the_chocolate_pudding_and_place_it_in_the_basket;pick_up_the_cream_cheese_and_place_it_in_the_basket;pick_up_the_ketchup_and_place_it_in_the_basket;pick_up_the_milk_and_place_it_in_the_basket;pick_up_the_orange_juice_and_place_it_in_the_basket;pick_up_the_salad_dressing_and_place_it_in_the_basket;pick_up_the_tomato_sauce_and_place_it_in_the_basket;push_the_plate_to_the_front_of_the_stove;put_the_bowl_on_the_plate;put_the_bowl_on_the_stove;put_the_bowl_on_top_of_the_cabinet;put_the_cream_cheese_in_the_bowl;put_the_wine_bottle_on_the_rack;put_the_wine_bottle_on_top_of_the_cabinet;turn_on_the_stove,KITCHEN_SCENE3_turn_on_the_stove_and_put_the_moka_pot_on_it;KITCHEN_SCENE4_put_the_black_bowl_in_the_bottom_drawer_of_the_cabinet_and_close_it;KITCHEN_SCENE6_put_the_yellow_and_white_mug_in_the_microwave_and_close_it;KITCHEN_SCENE8_put_both_moka_pots_on_the_stove;LIVING_ROOM_SCENE1_put_both_the_alphabet_soup_and_the_cream_cheese_box_in_the_basket;LIVING_ROOM_SCENE2_put_both_the_alphabet_soup_and_the_tomato_sauce_in_the_basket;LIVING_ROOM_SCENE2_put_both_the_cream_cheese_box_and_the_butter_in_the_basket;LIVING_ROOM_SCENE5_put_the_white_mug_on_the_left_plate_and_put_the_yellow_and_white_mug_on_the_right_plate;LIVING_ROOM_SCENE6_put_the_white_mug_on_the_plate_and_put_the_chocolate_pudding_to_the_right_of_the_plate;STUDY_SCENE1_pick_up_the_book_and_place_it_in_the_back_compartment_of_the_caddy;open_the_middle_drawer_of_the_cabinet;open_the_top_drawer_and_put_the_bowl_inside;pick_up_the_alphabet_soup_and_place_it_in_the_basket;pick_up_the_bbq_sauce_and_place_it_in_the_basket;pick_up_the_black_bowl_between_the_plate_and_the_ramekin_and_place_it_on_the_plate;pick_up_the_black_bowl_from_table_center_and_place_it_on_the_plate;pick_up_the_black_bowl_in_the_top_drawer_of_the_wooden_cabinet_and_place_it_on_the_plate;pick_up_the_black_bowl_next_to_the_cookie_box_and_place_it_on_the_plate;pick_up_the_black_bowl_next_to_the_plate_and_place_it_on_the_plate;pick_up_the_black_bowl_next_to_the_ramekin_and_place_it_on_the_plate;pick_up_the_black_bowl_on_the_cookie_box_and_place_it_on_the_plate;pick_up_the_black_bowl_on_the_ramekin_and_place_it_on_the_plate;pick_up_the_black_bowl_on_the_stove_and_place_it_on_the_plate;pick_up_the_black_bowl_on_the_wooden_cabinet_and_place_it_on_the_plate;pick_up_the_butter_and_place_it_in_the_basket;pick_up_the_chocolate_pudding_and_place_it_in_the_basket;pick_up_the_cream_cheese_and_place_it_in_the_basket;pick_up_the_ketchup_and_place_it_in_the_basket;pick_up_the_milk_and_place_it_in_the_basket;pick_up_the_orange_juice_and_place_it_in_the_basket;pick_up_the_salad_dressing_and_place_it_in_the_basket;pick_up_the_tomato_sauce_and_place_it_in_the_basket;push_the_plate_to_the_front_of_the_stove;put_the_bowl_on_the_plate;put_the_bowl_on_the_stove;put_the_bowl_on_top_of_the_cabinet;put_the_cream_cheese_in_the_bowl;put_the_wine_bottle_on_the_rack;put_the_wine_bottle_on_top_of_the_cabinet;turn_on_the_stove,standard,0,libero:libero_10:0;libero:libero_10:1;libero:libero_10:2;libero:libero_10:3;libero:libero_10:4;libero:libero_10:5;libero:libero_10:6;libero:libero_10:7;libero:libero_10:8;libero:libero_10:9;libero:libero_goal:0;libero:libero_goal:1;libero:libero_goal:2;libero:libero_goal:3;libero:libero_goal:4;libero:libero_goal:5;libero:libero_goal:6;libero:libero_goal:7;libero:libero_goal:8;libero:libero_goal:9;libero:libero_object:0;libero:libero_object:1;libero:libero_object:2;libero:libero_object:3;libero:libero_object:4;libero:libero_object:5;libero:libero_object:6;libero:libero_object:7;libero:libero_object:8;libero:libero_object:9;libero:libero_spatial:0;libero:libero_spatial:1;libero:libero_spatial:2;libero:libero_spatial:3;libero:libero_spatial:4;libero:libero_spatial:5;libero:libero_spatial:6;libero:libero_spatial:7;libero:libero_spatial:8;libero:libero_spatial:9,400,40,4,390,0.975,14,11,7,0.01,0.7857142857142857,-0.01,0.03
libero,perturbation_type,standard,libero_10;libero_goal;libero_object;libero_spatial,KITCHEN_SCENE3_turn_on_the_stove_and_put_the_moka_pot_on_it;KITCHEN_SCENE4_put_the_black_bowl_in_the_bottom_drawer_of_the_cabinet_and_close_it;KITCHEN_SCENE6_put_the_yellow_and_white_mug_in_the_microwave_and_close_it;KITCHEN_SCENE8_put_both_moka_pots_on_the_stove;LIVING_ROOM_SCENE1_put_both_the_alphabet_soup_and_the_cream_cheese_box_in_the_basket;LIVING_ROOM_SCENE2_put_both_the_alphabet_soup_and_the_tomato_sauce_in_the_basket;LIVING_ROOM_SCENE2_put_both_the_cream_cheese_box_and_the_butter_in_the_basket;LIVING_ROOM_SCENE5_put_the_white_mug_on_the_left_plate_and_put_the_yellow_and_white_mug_on_the_right_plate;LIVING_ROOM_SCENE6_put_the_white_mug_on_the_plate_and_put_the_chocolate_pudding_to_the_right_of_the_plate;STUDY_SCENE1_pick_up_the_book_and_place_it_in_the_back_compartment_of_the_caddy;open_the_middle_drawer_of_the_cabinet;open_the_top_drawer_and_put_the_bowl_inside;pick_up_the_alphabet_soup_and_place_it_in_the_basket;pick_up_the_bbq_sauce_and_place_it_in_the_basket;pick_up_the_black_bowl_between_the_plate_and_the_ramekin_and_place_it_on_the_plate;pick_up_the_black_bowl_from_table_center_and_place_it_on_the_plate;pick_up_the_black_bowl_in_the_top_drawer_of_the_wooden_cabinet_and_place_it_on_the_plate;pick_up_the_black_bowl_next_to_the_cookie_box_and_place_it_on_the_plate;pick_up_the_black_bowl_next_to_the_plate_and_place_it_on_the_plate;pick_up_the_black_bowl_next_to_the_ramekin_and_place_it_on_the_plate;pick_up_the_black_bowl_on_the_cookie_box_and_place_it_on_the_plate;pick_up_the_black_bowl_on_the_ramekin_and_place_it_on_the_plate;pick_up_the_black_bowl_on_the_stove_and_place_it_on_the_plate;pick_up_the_black_bowl_on_the_wooden_cabinet_and_place_it_on_the_plate;pick_up_the_butter_and_place_it_in_the_basket;pick_up_the_chocolate_pudding_and_place_it_in_the_basket;pick_up_the_cream_cheese_and_place_it_in_the_basket;pick_up_the_ketchup_and_place_it_in_the_basket;pick_up_the_milk_and_place_it_in_the_basket;pick_up_the_orange_juice_and_place_it_in_the_basket;pick_up_the_salad_dressing_and_place_it_in_the_basket;pick_up_the_tomato_sauce_and_place_it_in_the_basket;push_the_plate_to_the_front_of_the_stove;put_the_bowl_on_the_plate;put_the_bowl_on_the_stove;put_the_bowl_on_top_of_the_cabinet;put_the_cream_cheese_in_the_bowl;put_the_wine_bottle_on_the_rack;put_the_wine_bottle_on_top_of_the_cabinet;turn_on_the_stove,KITCHEN_SCENE3_turn_on_the_stove_and_put_the_moka_pot_on_it;KITCHEN_SCENE4_put_the_black_bowl_in_the_bottom_drawer_of_the_cabinet_and_close_it;KITCHEN_SCENE6_put_the_yellow_and_white_mug_in_the_microwave_and_close_it;KITCHEN_SCENE8_put_both_moka_pots_on_the_stove;LIVING_ROOM_SCENE1_put_both_the_alphabet_soup_and_the_cream_cheese_box_in_the_basket;LIVING_ROOM_SCENE2_put_both_the_alphabet_soup_and_the_tomato_sauce_in_the_basket;LIVING_ROOM_SCENE2_put_both_the_cream_cheese_box_and_the_butter_in_the_basket;LIVING_ROOM_SCENE5_put_the_white_mug_on_the_left_plate_and_put_the_yellow_and_white_mug_on_the_right_plate;LIVING_ROOM_SCENE6_put_the_white_mug_on_the_plate_and_put_the_chocolate_pudding_to_the_right_of_the_plate;STUDY_SCENE1_pick_up_the_book_and_place_it_in_the_back_compartment_of_the_caddy;open_the_middle_drawer_of_the_cabinet;open_the_top_drawer_and_put_the_bowl_inside;pick_up_the_alphabet_soup_and_place_it_in_the_basket;pick_up_the_bbq_sauce_and_place_it_in_the_basket;pick_up_the_black_bowl_between_the_plate_and_the_ramekin_and_place_it_on_the_plate;pick_up_the_black_bowl_from_table_center_and_place_it_on_the_plate;pick_up_the_black_bowl_in_the_top_drawer_of_the_wooden_cabinet_and_place_it_on_the_plate;pick_up_the_black_bowl_next_to_the_cookie_box_and_place_it_on_the_plate;pick_up_the_black_bowl_next_to_the_plate_and_place_it_on_the_plate;pick_up_the_black_bowl_next_to_the_ramekin_and_place_it_on_the_plate;pick_up_the_black_bowl_on_the_cookie_box_and_place_it_on_the_plate;pick_up_the_black_bowl_on_the_ramekin_and_place_it_on_the_plate;pick_up_the_black_bowl_on_the_stove_and_place_it_on_the_plate;pick_up_the_black_bowl_on_the_wooden_cabinet_and_place_it_on_the_plate;pick_up_the_butter_and_place_it_in_the_basket;pick_up_the_chocolate_pudding_and_place_it_in_the_basket;pick_up_the_cream_cheese_and_place_it_in_the_basket;pick_up_the_ketchup_and_place_it_in_the_basket;pick_up_the_milk_and_place_it_in_the_basket;pick_up_the_orange_juice_and_place_it_in_the_basket;pick_up_the_salad_dressing_and_place_it_in_the_basket;pick_up_the_tomato_sauce_and_place_it_in_the_basket;push_the_plate_to_the_front_of_the_stove;put_the_bowl_on_the_plate;put_the_bowl_on_the_stove;put_the_bowl_on_top_of_the_cabinet;put_the_cream_cheese_in_the_bowl;put_the_wine_bottle_on_the_rack;put_the_wine_bottle_on_top_of_the_cabinet;turn_on_the_stove,standard,0,libero:libero_10:0;libero:libero_10:1;libero:libero_10:2;libero:libero_10:3;libero:libero_10:4;libero:libero_10:5;libero:libero_10:6;libero:libero_10:7;libero:libero_10:8;libero:libero_10:9;libero:libero_goal:0;libero:libero_goal:1;libero:libero_goal:2;libero:libero_goal:3;libero:libero_goal:4;libero:libero_goal:5;libero:libero_goal:6;libero:libero_goal:7;libero:libero_goal:8;libero:libero_goal:9;libero:libero_object:0;libero:libero_object:1;libero:libero_object:2;libero:libero_object:3;libero:libero_object:4;libero:libero_object:5;libero:libero_object:6;libero:libero_object:7;libero:libero_object:8;libero:libero_object:9;libero:libero_spatial:0;libero:libero_spatial:1;libero:libero_spatial:2;libero:libero_spatial:3;libero:libero_spatial:4;libero:libero_spatial:5;libero:libero_spatial:6;libero:libero_spatial:7;libero:libero_spatial:8;libero:libero_spatial:9,400,40,10,386,0.965,14,11,11,0.0,0.7857142857142857,-0.02,0.02
libero,severity,0,libero_10;libero_goal;libero_object;libero_spatial,KITCHEN_SCENE3_turn_on_the_stove_and_put_the_moka_pot_on_it;KITCHEN_SCENE4_put_the_black_bowl_in_the_bottom_drawer_of_the_cabinet_and_close_it;KITCHEN_SCENE6_put_the_yellow_and_white_mug_in_the_microwave_and_close_it;KITCHEN_SCENE8_put_both_moka_pots_on_the_stove;LIVING_ROOM_SCENE1_put_both_the_alphabet_soup_and_the_cream_cheese_box_in_the_basket;LIVING_ROOM_SCENE2_put_both_the_alphabet_soup_and_the_tomato_sauce_in_the_basket;LIVING_ROOM_SCENE2_put_both_the_cream_cheese_box_and_the_butter_in_the_basket;LIVING_ROOM_SCENE5_put_the_white_mug_on_the_left_plate_and_put_the_yellow_and_white_mug_on_the_right_plate;LIVING_ROOM_SCENE6_put_the_white_mug_on_the_plate_and_put_the_chocolate_pudding_to_the_right_of_the_plate;STUDY_SCENE1_pick_up_the_book_and_place_it_in_the_back_compartment_of_the_caddy;open_the_middle_drawer_of_the_cabinet;open_the_top_drawer_and_put_the_bowl_inside;pick_up_the_alphabet_soup_and_place_it_in_the_basket;pick_up_the_bbq_sauce_and_place_it_in_the_basket;pick_up_the_black_bowl_between_the_plate_and_the_ramekin_and_place_it_on_the_plate;pick_up_the_black_bowl_from_table_center_and_place_it_on_the_plate;pick_up_the_black_bowl_in_the_top_drawer_of_the_wooden_cabinet_and_place_it_on_the_plate;pick_up_the_black_bowl_next_to_the_cookie_box_and_place_it_on_the_plate;pick_up_the_black_bowl_next_to_the_plate_and_place_it_on_the_plate;pick_up_the_black_bowl_next_to_the_ramekin_and_place_it_on_the_plate;pick_up_the_black_bowl_on_the_cookie_box_and_place_it_on_the_plate;pick_up_the_black_bowl_on_the_ramekin_and_place_it_on_the_plate;pick_up_the_black_bowl_on_the_stove_and_place_it_on_the_plate;pick_up_the_black_bowl_on_the_wooden_cabinet_and_place_it_on_the_plate;pick_up_the_butter_and_place_it_in_the_basket;pick_up_the_chocolate_pudding_and_place_it_in_the_basket;pick_up_the_cream_cheese_and_place_it_in_the_basket;pick_up_the_ketchup_and_place_it_in_the_basket;pick_up_the_milk_and_place_it_in_the_basket;pick_up_the_orange_juice_and_place_it_in_the_basket;pick_up_the_salad_dressing_and_place_it_in_the_basket;pick_up_the_tomato_sauce_and_place_it_in_the_basket;push_the_plate_to_the_front_of_the_stove;put_the_bowl_on_the_plate;put_the_bowl_on_the_stove;put_the_bowl_on_top_of_the_cabinet;put_the_cream_cheese_in_the_bowl;put_the_wine_bottle_on_the_rack;put_the_wine_bottle_on_top_of_the_cabinet;turn_on_the_stove,KITCHEN_SCENE3_turn_on_the_stove_and_put_the_moka_pot_on_it;KITCHEN_SCENE4_put_the_black_bowl_in_the_bottom_drawer_of_the_cabinet_and_close_it;KITCHEN_SCENE6_put_the_yellow_and_white_mug_in_the_microwave_and_close_it;KITCHEN_SCENE8_put_both_moka_pots_on_the_stove;LIVING_ROOM_SCENE1_put_both_the_alphabet_soup_and_the_cream_cheese_box_in_the_basket;LIVING_ROOM_SCENE2_put_both_the_alphabet_soup_and_the_tomato_sauce_in_the_basket;LIVING_ROOM_SCENE2_put_both_the_cream_cheese_box_and_the_butter_in_the_basket;LIVING_ROOM_SCENE5_put_the_white_mug_on_the_left_plate_and_put_the_yellow_and_white_mug_on_the_right_plate;LIVING_ROOM_SCENE6_put_the_white_mug_on_the_plate_and_put_the_chocolate_pudding_to_the_right_of_the_plate;STUDY_SCENE1_pick_up_the_book_and_place_it_in_the_back_compartment_of_the_caddy;open_the_middle_drawer_of_the_cabinet;open_the_top_drawer_and_put_the_bowl_inside;pick_up_the_alphabet_soup_and_place_it_in_the_basket;pick_up_the_bbq_sauce_and_place_it_in_the_basket;pick_up_the_black_bowl_between_the_plate_and_the_ramekin_and_place_it_on_the_plate;pick_up_the_black_bowl_from_table_center_and_place_it_on_the_plate;pick_up_the_black_bowl_in_the_top_drawer_of_the_wooden_cabinet_and_place_it_on_the_plate;pick_up_the_black_bowl_next_to_the_cookie_box_and_place_it_on_the_plate;pick_up_the_black_bowl_next_to_the_plate_and_place_it_on_the_plate;pick_up_the_black_bowl_next_to_the_ramekin_and_place_it_on_the_plate;pick_up_the_black_bowl_on_the_cookie_box_and_place_it_on_the_plate;pick_up_the_black_bowl_on_the_ramekin_and_place_it_on_the_plate;pick_up_the_black_bowl_on_the_stove_and_place_it_on_the_plate;pick_up_the_black_bowl_on_the_wooden_cabinet_and_place_it_on_the_plate;pick_up_the_butter_and_place_it_in_the_basket;pick_up_the_chocolate_pudding_and_place_it_in_the_basket;pick_up_the_cream_cheese_and_place_it_in_the_basket;pick_up_the_ketchup_and_place_it_in_the_basket;pick_up_the_milk_and_place_it_in_the_basket;pick_up_the_orange_juice_and_place_it_in_the_basket;pick_up_the_salad_dressing_and_place_it_in_the_basket;pick_up_the_tomato_sauce_and_place_it_in_the_basket;push_the_plate_to_the_front_of_the_stove;put_the_bowl_on_the_plate;put_the_bowl_on_the_stove;put_the_bowl_on_top_of_the_cabinet;put_the_cream_cheese_in_the_bowl;put_the_wine_bottle_on_the_rack;put_the_wine_bottle_on_top_of_the_cabinet;turn_on_the_stove,standard,0,libero:libero_10:0;libero:libero_10:1;libero:libero_10:2;libero:libero_10:3;libero:libero_10:4;libero:libero_10:5;libero:libero_10:6;libero:libero_10:7;libero:libero_10:8;libero:libero_10:9;libero:libero_goal:0;libero:libero_goal:1;libero:libero_goal:2;libero:libero_goal:3;libero:libero_goal:4;libero:libero_goal:5;libero:libero_goal:6;libero:libero_goal:7;libero:libero_goal:8;libero:libero_goal:9;libero:libero_object:0;libero:libero_object:1;libero:libero_object:2;libero:libero_object:3;libero:libero_object:4;libero:libero_object:5;libero:libero_object:6;libero:libero_object:7;libero:libero_object:8;libero:libero_object:9;libero:libero_spatial:0;libero:libero_spatial:1;libero:libero_spatial:2;libero:libero_spatial:3;libero:libero_spatial:4;libero:libero_spatial:5;libero:libero_spatial:6;libero:libero_spatial:7;libero:libero_spatial:8;libero:libero_spatial:9,400,40,1,386,0.965,14,0,0,0.0,0.0,,
libero,severity,0,libero_10;libero_goal;libero_object;libero_spatial,KITCHEN_SCENE3_turn_on_the_stove_and_put_the_moka_pot_on_it;KITCHEN_SCENE4_put_the_black_bowl_in_the_bottom_drawer_of_the_cabinet_and_close_it;KITCHEN_SCENE6_put_the_yellow_and_white_mug_in_the_microwave_and_close_it;KITCHEN_SCENE8_put_both_moka_pots_on_the_stove;LIVING_ROOM_SCENE1_put_both_the_alphabet_soup_and_the_cream_cheese_box_in_the_basket;LIVING_ROOM_SCENE2_put_both_the_alphabet_soup_and_the_tomato_sauce_in_the_basket;LIVING_ROOM_SCENE2_put_both_the_cream_cheese_box_and_the_butter_in_the_basket;LIVING_ROOM_SCENE5_put_the_white_mug_on_the_left_plate_and_put_the_yellow_and_white_mug_on_the_right_plate;LIVING_ROOM_SCENE6_put_the_white_mug_on_the_plate_and_put_the_chocolate_pudding_to_the_right_of_the_plate;STUDY_SCENE1_pick_up_the_book_and_place_it_in_the_back_compartment_of_the_caddy;open_the_middle_drawer_of_the_cabinet;open_the_top_drawer_and_put_the_bowl_inside;pick_up_the_alphabet_soup_and_place_it_in_the_basket;pick_up_the_bbq_sauce_and_place_it_in_the_basket;pick_up_the_black_bowl_between_the_plate_and_the_ramekin_and_place_it_on_the_plate;pick_up_the_black_bowl_from_table_center_and_place_it_on_the_plate;pick_up_the_black_bowl_in_the_top_drawer_of_the_wooden_cabinet_and_place_it_on_the_plate;pick_up_the_black_bowl_next_to_the_cookie_box_and_place_it_on_the_plate;pick_up_the_black_bowl_next_to_the_plate_and_place_it_on_the_plate;pick_up_the_black_bowl_next_to_the_ramekin_and_place_it_on_the_plate;pick_up_the_black_bowl_on_the_cookie_box_and_place_it_on_the_plate;pick_up_the_black_bowl_on_the_ramekin_and_place_it_on_the_plate;pick_up_the_black_bowl_on_the_stove_and_place_it_on_the_plate;pick_up_the_black_bowl_on_the_wooden_cabinet_and_place_it_on_the_plate;pick_up_the_butter_and_place_it_in_the_basket;pick_up_the_chocolate_pudding_and_place_it_in_the_basket;pick_up_the_cream_cheese_and_place_it_in_the_basket;pick_up_the_ketchup_and_place_it_in_the_basket;pick_up_the_milk_and_place_it_in_the_basket;pick_up_the_orange_juice_and_place_it_in_the_basket;pick_up_the_salad_dressing_and_place_it_in_the_basket;pick_up_the_tomato_sauce_and_place_it_in_the_basket;push_the_plate_to_the_front_of_the_stove;put_the_bowl_on_the_plate;put_the_bowl_on_the_stove;put_the_bowl_on_top_of_the_cabinet;put_the_cream_cheese_in_the_bowl;put_the_wine_bottle_on_the_rack;put_the_wine_bottle_on_top_of_the_cabinet;turn_on_the_stove,KITCHEN_SCENE3_turn_on_the_stove_and_put_the_moka_pot_on_it;KITCHEN_SCENE4_put_the_black_bowl_in_the_bottom_drawer_of_the_cabinet_and_close_it;KITCHEN_SCENE6_put_the_yellow_and_white_mug_in_the_microwave_and_close_it;KITCHEN_SCENE8_put_both_moka_pots_on_the_stove;LIVING_ROOM_SCENE1_put_both_the_alphabet_soup_and_the_cream_cheese_box_in_the_basket;LIVING_ROOM_SCENE2_put_both_the_alphabet_soup_and_the_tomato_sauce_in_the_basket;LIVING_ROOM_SCENE2_put_both_the_cream_cheese_box_and_the_butter_in_the_basket;LIVING_ROOM_SCENE5_put_the_white_mug_on_the_left_plate_and_put_the_yellow_and_white_mug_on_the_right_plate;LIVING_ROOM_SCENE6_put_the_white_mug_on_the_plate_and_put_the_chocolate_pudding_to_the_right_of_the_plate;STUDY_SCENE1_pick_up_the_book_and_place_it_in_the_back_compartment_of_the_caddy;open_the_middle_drawer_of_the_cabinet;open_the_top_drawer_and_put_the_bowl_inside;pick_up_the_alphabet_soup_and_place_it_in_the_basket;pick_up_the_bbq_sauce_and_place_it_in_the_basket;pick_up_the_black_bowl_between_the_plate_and_the_ramekin_and_place_it_on_the_plate;pick_up_the_black_bowl_from_table_center_and_place_it_on_the_plate;pick_up_the_black_bowl_in_the_top_drawer_of_the_wooden_cabinet_and_place_it_on_the_plate;pick_up_the_black_bowl_next_to_the_cookie_box_and_place_it_on_the_plate;pick_up_the_black_bowl_next_to_the_plate_and_place_it_on_the_plate;pick_up_the_black_bowl_next_to_the_ramekin_and_place_it_on_the_plate;pick_up_the_black_bowl_on_the_cookie_box_and_place_it_on_the_plate;pick_up_the_black_bowl_on_the_ramekin_and_place_it_on_the_plate;pick_up_the_black_bowl_on_the_stove_and_place_it_on_the_plate;pick_up_the_black_bowl_on_the_wooden_cabinet_and_place_it_on_the_plate;pick_up_the_butter_and_place_it_in_the_basket;pick_up_the_chocolate_pudding_and_place_it_in_the_basket;pick_up_the_cream_cheese_and_place_it_in_the_basket;pick_up_the_ketchup_and_place_it_in_the_basket;pick_up_the_milk_and_place_it_in_the_basket;pick_up_the_orange_juice_and_place_it_in_the_basket;pick_up_the_salad_dressing_and_place_it_in_the_basket;pick_up_the_tomato_sauce_and_place_it_in_the_basket;push_the_plate_to_the_front_of_the_stove;put_the_bowl_on_the_plate;put_the_bowl_on_the_stove;put_the_bowl_on_top_of_the_cabinet;put_the_cream_cheese_in_the_bowl;put_the_wine_bottle_on_the_rack;put_the_wine_bottle_on_top_of_the_cabinet;turn_on_the_stove,standard,0,libero:libero_10:0;libero:libero_10:1;libero:libero_10:2;libero:libero_10:3;libero:libero_10:4;libero:libero_10:5;libero:libero_10:6;libero:libero_10:7;libero:libero_10:8;libero:libero_10:9;libero:libero_goal:0;libero:libero_goal:1;libero:libero_goal:2;libero:libero_goal:3;libero:libero_goal:4;libero:libero_goal:5;libero:libero_goal:6;libero:libero_goal:7;libero:libero_goal:8;libero:libero_goal:9;libero:libero_object:0;libero:libero_object:1;libero:libero_object:2;libero:libero_object:3;libero:libero_object:4;libero:libero_object:5;libero:libero_object:6;libero:libero_object:7;libero:libero_object:8;libero:libero_object:9;libero:libero_spatial:0;libero:libero_spatial:1;libero:libero_spatial:2;libero:libero_spatial:3;libero:libero_spatial:4;libero:libero_spatial:5;libero:libero_spatial:6;libero:libero_spatial:7;libero:libero_spatial:8;libero:libero_spatial:9,400,40,2,390,0.975,14,8,4,0.01,0.5714285714285714,-0.005,0.025
libero,severity,0,libero_10;libero_goal;libero_object;libero_spatial,KITCHEN_SCENE3_turn_on_the_stove_and_put_the_moka_pot_on_it;KITCHEN_SCENE4_put_the_black_bowl_in_the_bottom_drawer_of_the_cabinet_and_close_it;KITCHEN_SCENE6_put_the_yellow_and_white_mug_in_the_microwave_and_close_it;KITCHEN_SCENE8_put_both_moka_pots_on_the_stove;LIVING_ROOM_SCENE1_put_both_the_alphabet_soup_and_the_cream_cheese_box_in_the_basket;LIVING_ROOM_SCENE2_put_both_the_alphabet_soup_and_the_tomato_sauce_in_the_basket;LIVING_ROOM_SCENE2_put_both_the_cream_cheese_box_and_the_butter_in_the_basket;LIVING_ROOM_SCENE5_put_the_white_mug_on_the_left_plate_and_put_the_yellow_and_white_mug_on_the_right_plate;LIVING_ROOM_SCENE6_put_the_white_mug_on_the_plate_and_put_the_chocolate_pudding_to_the_right_of_the_plate;STUDY_SCENE1_pick_up_the_book_and_place_it_in_the_back_compartment_of_the_caddy;open_the_middle_drawer_of_the_cabinet;open_the_top_drawer_and_put_the_bowl_inside;pick_up_the_alphabet_soup_and_place_it_in_the_basket;pick_up_the_bbq_sauce_and_place_it_in_the_basket;pick_up_the_black_bowl_between_the_plate_and_the_ramekin_and_place_it_on_the_plate;pick_up_the_black_bowl_from_table_center_and_place_it_on_the_plate;pick_up_the_black_bowl_in_the_top_drawer_of_the_wooden_cabinet_and_place_it_on_the_plate;pick_up_the_black_bowl_next_to_the_cookie_box_and_place_it_on_the_plate;pick_up_the_black_bowl_next_to_the_plate_and_place_it_on_the_plate;pick_up_the_black_bowl_next_to_the_ramekin_and_place_it_on_the_plate;pick_up_the_black_bowl_on_the_cookie_box_and_place_it_on_the_plate;pick_up_the_black_bowl_on_the_ramekin_and_place_it_on_the_plate;pick_up_the_black_bowl_on_the_stove_and_place_it_on_the_plate;pick_up_the_black_bowl_on_the_wooden_cabinet_and_place_it_on_the_plate;pick_up_the_butter_and_place_it_in_the_basket;pick_up_the_chocolate_pudding_and_place_it_in_the_basket;pick_up_the_cream_cheese_and_place_it_in_the_basket;pick_up_the_ketchup_and_place_it_in_the_basket;pick_up_the_milk_and_place_it_in_the_basket;pick_up_the_orange_juice_and_place_it_in_the_basket;pick_up_the_salad_dressing_and_place_it_in_the_basket;pick_up_the_tomato_sauce_and_place_it_in_the_basket;push_the_plate_to_the_front_of_the_stove;put_the_bowl_on_the_plate;put_the_bowl_on_the_stove;put_the_bowl_on_top_of_the_cabinet;put_the_cream_cheese_in_the_bowl;put_the_wine_bottle_on_the_rack;put_the_wine_bottle_on_top_of_the_cabinet;turn_on_the_stove,KITCHEN_SCENE3_turn_on_the_stove_and_put_the_moka_pot_on_it;KITCHEN_SCENE4_put_the_black_bowl_in_the_bottom_drawer_of_the_cabinet_and_close_it;KITCHEN_SCENE6_put_the_yellow_and_white_mug_in_the_microwave_and_close_it;KITCHEN_SCENE8_put_both_moka_pots_on_the_stove;LIVING_ROOM_SCENE1_put_both_the_alphabet_soup_and_the_cream_cheese_box_in_the_basket;LIVING_ROOM_SCENE2_put_both_the_alphabet_soup_and_the_tomato_sauce_in_the_basket;LIVING_ROOM_SCENE2_put_both_the_cream_cheese_box_and_the_butter_in_the_basket;LIVING_ROOM_SCENE5_put_the_white_mug_on_the_left_plate_and_put_the_yellow_and_white_mug_on_the_right_plate;LIVING_ROOM_SCENE6_put_the_white_mug_on_the_plate_and_put_the_chocolate_pudding_to_the_right_of_the_plate;STUDY_SCENE1_pick_up_the_book_and_place_it_in_the_back_compartment_of_the_caddy;open_the_middle_drawer_of_the_cabinet;open_the_top_drawer_and_put_the_bowl_inside;pick_up_the_alphabet_soup_and_place_it_in_the_basket;pick_up_the_bbq_sauce_and_place_it_in_the_basket;pick_up_the_black_bowl_between_the_plate_and_the_ramekin_and_place_it_on_the_plate;pick_up_the_black_bowl_from_table_center_and_place_it_on_the_plate;pick_up_the_black_bowl_in_the_top_drawer_of_the_wooden_cabinet_and_place_it_on_the_plate;pick_up_the_black_bowl_next_to_the_cookie_box_and_place_it_on_the_plate;pick_up_the_black_bowl_next_to_the_plate_and_place_it_on_the_plate;pick_up_the_black_bowl_next_to_the_ramekin_and_place_it_on_the_plate;pick_up_the_black_bowl_on_the_cookie_box_and_place_it_on_the_plate;pick_up_the_black_bowl_on_the_ramekin_and_place_it_on_the_plate;pick_up_the_black_bowl_on_the_stove_and_place_it_on_the_plate;pick_up_the_black_bowl_on_the_wooden_cabinet_and_place_it_on_the_plate;pick_up_the_butter_and_place_it_in_the_basket;pick_up_the_chocolate_pudding_and_place_it_in_the_basket;pick_up_the_cream_cheese_and_place_it_in_the_basket;pick_up_the_ketchup_and_place_it_in_the_basket;pick_up_the_milk_and_place_it_in_the_basket;pick_up_the_orange_juice_and_place_it_in_the_basket;pick_up_the_salad_dressing_and_place_it_in_the_basket;pick_up_the_tomato_sauce_and_place_it_in_the_basket;push_the_plate_to_the_front_of_the_stove;put_the_bowl_on_the_plate;put_the_bowl_on_the_stove;put_the_bowl_on_top_of_the_cabinet;put_the_cream_cheese_in_the_bowl;put_the_wine_bottle_on_the_rack;put_the_wine_bottle_on_top_of_the_cabinet;turn_on_the_stove,standard,0,libero:libero_10:0;libero:libero_10:1;libero:libero_10:2;libero:libero_10:3;libero:libero_10:4;libero:libero_10:5;libero:libero_10:6;libero:libero_10:7;libero:libero_10:8;libero:libero_10:9;libero:libero_goal:0;libero:libero_goal:1;libero:libero_goal:2;libero:libero_goal:3;libero:libero_goal:4;libero:libero_goal:5;libero:libero_goal:6;libero:libero_goal:7;libero:libero_goal:8;libero:libero_goal:9;libero:libero_object:0;libero:libero_object:1;libero:libero_object:2;libero:libero_object:3;libero:libero_object:4;libero:libero_object:5;libero:libero_object:6;libero:libero_object:7;libero:libero_object:8;libero:libero_object:9;libero:libero_spatial:0;libero:libero_spatial:1;libero:libero_spatial:2;libero:libero_spatial:3;libero:libero_spatial:4;libero:libero_spatial:5;libero:libero_spatial:6;libero:libero_spatial:7;libero:libero_spatial:8;libero:libero_spatial:9,400,40,4,390,0.975,14,11,7,0.01,0.7857142857142857,-0.01,0.03
libero,severity,0,libero_10;libero_goal;libero_object;libero_spatial,KITCHEN_SCENE3_turn_on_the_stove_and_put_the_moka_pot_on_it;KITCHEN_SCENE4_put_the_black_bowl_in_the_bottom_drawer_of_the_cabinet_and_close_it;KITCHEN_SCENE6_put_the_yellow_and_white_mug_in_the_microwave_and_close_it;KITCHEN_SCENE8_put_both_moka_pots_on_the_stove;LIVING_ROOM_SCENE1_put_both_the_alphabet_soup_and_the_cream_cheese_box_in_the_basket;LIVING_ROOM_SCENE2_put_both_the_alphabet_soup_and_the_tomato_sauce_in_the_basket;LIVING_ROOM_SCENE2_put_both_the_cream_cheese_box_and_the_butter_in_the_basket;LIVING_ROOM_SCENE5_put_the_white_mug_on_the_left_plate_and_put_the_yellow_and_white_mug_on_the_right_plate;LIVING_ROOM_SCENE6_put_the_white_mug_on_the_plate_and_put_the_chocolate_pudding_to_the_right_of_the_plate;STUDY_SCENE1_pick_up_the_book_and_place_it_in_the_back_compartment_of_the_caddy;open_the_middle_drawer_of_the_cabinet;open_the_top_drawer_and_put_the_bowl_inside;pick_up_the_alphabet_soup_and_place_it_in_the_basket;pick_up_the_bbq_sauce_and_place_it_in_the_basket;pick_up_the_black_bowl_between_the_plate_and_the_ramekin_and_place_it_on_the_plate;pick_up_the_black_bowl_from_table_center_and_place_it_on_the_plate;pick_up_the_black_bowl_in_the_top_drawer_of_the_wooden_cabinet_and_place_it_on_the_plate;pick_up_the_black_bowl_next_to_the_cookie_box_and_place_it_on_the_plate;pick_up_the_black_bowl_next_to_the_plate_and_place_it_on_the_plate;pick_up_the_black_bowl_next_to_the_ramekin_and_place_it_on_the_plate;pick_up_the_black_bowl_on_the_cookie_box_and_place_it_on_the_plate;pick_up_the_black_bowl_on_the_ramekin_and_place_it_on_the_plate;pick_up_the_black_bowl_on_the_stove_and_place_it_on_the_plate;pick_up_the_black_bowl_on_the_wooden_cabinet_and_place_it_on_the_plate;pick_up_the_butter_and_place_it_in_the_basket;pick_up_the_chocolate_pudding_and_place_it_in_the_basket;pick_up_the_cream_cheese_and_place_it_in_the_basket;pick_up_the_ketchup_and_place_it_in_the_basket;pick_up_the_milk_and_place_it_in_the_basket;pick_up_the_orange_juice_and_place_it_in_the_basket;pick_up_the_salad_dressing_and_place_it_in_the_basket;pick_up_the_tomato_sauce_and_place_it_in_the_basket;push_the_plate_to_the_front_of_the_stove;put_the_bowl_on_the_plate;put_the_bowl_on_the_stove;put_the_bowl_on_top_of_the_cabinet;put_the_cream_cheese_in_the_bowl;put_the_wine_bottle_on_the_rack;put_the_wine_bottle_on_top_of_the_cabinet;turn_on_the_stove,KITCHEN_SCENE3_turn_on_the_stove_and_put_the_moka_pot_on_it;KITCHEN_SCENE4_put_the_black_bowl_in_the_bottom_drawer_of_the_cabinet_and_close_it;KITCHEN_SCENE6_put_the_yellow_and_white_mug_in_the_microwave_and_close_it;KITCHEN_SCENE8_put_both_moka_pots_on_the_stove;LIVING_ROOM_SCENE1_put_both_the_alphabet_soup_and_the_cream_cheese_box_in_the_basket;LIVING_ROOM_SCENE2_put_both_the_alphabet_soup_and_the_tomato_sauce_in_the_basket;LIVING_ROOM_SCENE2_put_both_the_cream_cheese_box_and_the_butter_in_the_basket;LIVING_ROOM_SCENE5_put_the_white_mug_on_the_left_plate_and_put_the_yellow_and_white_mug_on_the_right_plate;LIVING_ROOM_SCENE6_put_the_white_mug_on_the_plate_and_put_the_chocolate_pudding_to_the_right_of_the_plate;STUDY_SCENE1_pick_up_the_book_and_place_it_in_the_back_compartment_of_the_caddy;open_the_middle_drawer_of_the_cabinet;open_the_top_drawer_and_put_the_bowl_inside;pick_up_the_alphabet_soup_and_place_it_in_the_basket;pick_up_the_bbq_sauce_and_place_it_in_the_basket;pick_up_the_black_bowl_between_the_plate_and_the_ramekin_and_place_it_on_the_plate;pick_up_the_black_bowl_from_table_center_and_place_it_on_the_plate;pick_up_the_black_bowl_in_the_top_drawer_of_the_wooden_cabinet_and_place_it_on_the_plate;pick_up_the_black_bowl_next_to_the_cookie_box_and_place_it_on_the_plate;pick_up_the_black_bowl_next_to_the_plate_and_place_it_on_the_plate;pick_up_the_black_bowl_next_to_the_ramekin_and_place_it_on_the_plate;pick_up_the_black_bowl_on_the_cookie_box_and_place_it_on_the_plate;pick_up_the_black_bowl_on_the_ramekin_and_place_it_on_the_plate;pick_up_the_black_bowl_on_the_stove_and_place_it_on_the_plate;pick_up_the_black_bowl_on_the_wooden_cabinet_and_place_it_on_the_plate;pick_up_the_butter_and_place_it_in_the_basket;pick_up_the_chocolate_pudding_and_place_it_in_the_basket;pick_up_the_cream_cheese_and_place_it_in_the_basket;pick_up_the_ketchup_and_place_it_in_the_basket;pick_up_the_milk_and_place_it_in_the_basket;pick_up_the_orange_juice_and_place_it_in_the_basket;pick_up_the_salad_dressing_and_place_it_in_the_basket;pick_up_the_tomato_sauce_and_place_it_in_the_basket;push_the_plate_to_the_front_of_the_stove;put_the_bowl_on_the_plate;put_the_bowl_on_the_stove;put_the_bowl_on_top_of_the_cabinet;put_the_cream_cheese_in_the_bowl;put_the_wine_bottle_on_the_rack;put_the_wine_bottle_on_top_of_the_cabinet;turn_on_the_stove,standard,0,libero:libero_10:0;libero:libero_10:1;libero:libero_10:2;libero:libero_10:3;libero:libero_10:4;libero:libero_10:5;libero:libero_10:6;libero:libero_10:7;libero:libero_10:8;libero:libero_10:9;libero:libero_goal:0;libero:libero_goal:1;libero:libero_goal:2;libero:libero_goal:3;libero:libero_goal:4;libero:libero_goal:5;libero:libero_goal:6;libero:libero_goal:7;libero:libero_goal:8;libero:libero_goal:9;libero:libero_object:0;libero:libero_object:1;libero:libero_object:2;libero:libero_object:3;libero:libero_object:4;libero:libero_object:5;libero:libero_object:6;libero:libero_object:7;libero:libero_object:8;libero:libero_object:9;libero:libero_spatial:0;libero:libero_spatial:1;libero:libero_spatial:2;libero:libero_spatial:3;libero:libero_spatial:4;libero:libero_spatial:5;libero:libero_spatial:6;libero:libero_spatial:7;libero:libero_spatial:8;libero:libero_spatial:9,400,40,10,386,0.965,14,11,11,0.0,0.7857142857142857,-0.02,0.02
libero,condition,libero:libero_10:0,libero_10,LIVING_ROOM_SCENE2_put_both_the_alphabet_soup_and_the_tomato_sauce_in_the_basket,LIVING_ROOM_SCENE2_put_both_the_alphabet_soup_and_the_tomato_sauce_in_the_basket,standard,0,libero:libero_10:0,10,1,1,10,1.0,0,0,0,0.0,,,
libero,condition,libero:libero_10:0,libero_10,LIVING_ROOM_SCENE2_put_both_the_alphabet_soup_and_the_tomato_sauce_in_the_basket,LIVING_ROOM_SCENE2_put_both_the_alphabet_soup_and_the_tomato_sauce_in_the_basket,standard,0,libero:libero_10:0,10,1,2,10,1.0,0,0,0,0.0,,,
libero,condition,libero:libero_10:0,libero_10,LIVING_ROOM_SCENE2_put_both_the_alphabet_soup_and_the_tomato_sauce_in_the_basket,LIVING_ROOM_SCENE2_put_both_the_alphabet_soup_and_the_tomato_sauce_in_the_basket,standard,0,libero:libero_10:0,10,1,4,10,1.0,0,0,0,0.0,,,
libero,condition,libero:libero_10:0,libero_10,LIVING_ROOM_SCENE2_put_both_the_alphabet_soup_and_the_tomato_sauce_in_the_basket,LIVING_ROOM_SCENE2_put_both_the_alphabet_soup_and_the_tomato_sauce_in_the_basket,standard,0,libero:libero_10:0,10,1,10,10,1.0,0,0,0,0.0,,,
libero,condition,libero:libero_10:1,libero_10,LIVING_ROOM_SCENE2_put_both_the_cream_cheese_box_and_the_butter_in_the_basket,LIVING_ROOM_SCENE2_put_both_the_cream_cheese_box_and_the_butter_in_the_basket,standard,0,libero:libero_10:1,10,1,1,10,1.0,0,0,0,0.0,,,
libero,condition,libero:libero_10:1,libero_10,LIVING_ROOM_SCENE2_put_both_the_cream_cheese_box_and_the_butter_in_the_basket,LIVING_ROOM_SCENE2_put_both_the_cream_cheese_box_and_the_butter_in_the_basket,standard,0,libero:libero_10:1,10,1,2,10,1.0,0,0,0,0.0,,,
libero,condition,libero:libero_10:1,libero_10,LIVING_ROOM_SCENE2_put_both_the_cream_cheese_box_and_the_butter_in_the_basket,LIVING_ROOM_SCENE2_put_both_the_cream_cheese_box_and_the_butter_in_the_basket,standard,0,libero:libero_10:1,10,1,4,10,1.0,0,0,0,0.0,,,
libero,condition,libero:libero_10:1,libero_10,LIVING_ROOM_SCENE2_put_both_the_cream_cheese_box_and_the_butter_in_the_basket,LIVING_ROOM_SCENE2_put_both_the_cream_cheese_box_and_the_butter_in_the_basket,standard,0,libero:libero_10:1,10,1,10,10,1.0,0,0,0,0.0,,,
libero,condition,libero:libero_10:2,libero_10,KITCHEN_SCENE3_turn_on_the_stove_and_put_the_moka_pot_on_it,KITCHEN_SCENE3_turn_on_the_stove_and_put_the_moka_pot_on_it,standard,0,libero:libero_10:2,10,1,1,10,1.0,0,0,0,0.0,,,
libero,condition,libero:libero_10:2,libero_10,KITCHEN_SCENE3_turn_on_the_stove_and_put_the_moka_pot_on_it,KITCHEN_SCENE3_turn_on_the_stove_and_put_the_moka_pot_on_it,standard,0,libero:libero_10:2,10,1,2,10,1.0,0,0,0,0.0,,,
libero,condition,libero:libero_10:2,libero_10,KITCHEN_SCENE3_turn_on_the_stove_and_put_the_moka_pot_on_it,KITCHEN_SCENE3_turn_on_the_stove_and_put_the_moka_pot_on_it,standard,0,libero:libero_10:2,10,1,4,10,1.0,0,0,0,0.0,,,
libero,condition,libero:libero_10:2,libero_10,KITCHEN_SCENE3_turn_on_the_stove_and_put_the_moka_pot_on_it,KITCHEN_SCENE3_turn_on_the_stove_and_put_the_moka_pot_on_it,standard,0,libero:libero_10:2,10,1,10,10,1.0,0,0,0,0.0,,,
libero,condition,libero:libero_10:3,libero_10,KITCHEN_SCENE4_put_the_black_bowl_in_the_bottom_drawer_of_the_cabinet_and_close_it,KITCHEN_SCENE4_put_the_black_bowl_in_the_bottom_drawer_of_the_cabinet_and_close_it,standard,0,libero:libero_10:3,10,1,1,10,1.0,0,0,0,0.0,,,
libero,condition,libero:libero_10:3,libero_10,KITCHEN_SCENE4_put_the_black_bowl_in_the_bottom_drawer_of_the_cabinet_and_close_it,KITCHEN_SCENE4_put_the_black_bowl_in_the_bottom_drawer_of_the_cabinet_and_close_it,standard,0,libero:libero_10:3,10,1,2,10,1.0,0,0,0,0.0,,,
libero,condition,libero:libero_10:3,libero_10,KITCHEN_SCENE4_put_the_black_bowl_in_the_bottom_drawer_of_the_cabinet_and_close_it,KITCHEN_SCENE4_put_the_black_bowl_in_the_bottom_drawer_of_the_cabinet_and_close_it,standard,0,libero:libero_10:3,10,1,4,10,1.0,0,0,0,0.0,,,
libero,condition,libero:libero_10:3,libero_10,KITCHEN_SCENE4_put_the_black_bowl_in_the_bottom_drawer_of_the_cabinet_and_close_it,KITCHEN_SCENE4_put_the_black_bowl_in_the_bottom_drawer_of_the_cabinet_and_close_it,standard,0,libero:libero_10:3,10,1,10,9,0.9,0,0,1,-0.1,,,
libero,condition,libero:libero_10:4,libero_10,LIVING_ROOM_SCENE5_put_the_white_mug_on_the_left_plate_and_put_the_yellow_and_white_mug_on_the_right_plate,LIVING_ROOM_SCENE5_put_the_white_mug_on_the_left_plate_and_put_the_yellow_and_white_mug_on_the_right_plate,standard,0,libero:libero_10:4,10,1,1,10,1.0,0,0,0,0.0,,,
libero,condition,libero:libero_10:4,libero_10,LIVING_ROOM_SCENE5_put_the_white_mug_on_the_left_plate_and_put_the_yellow_and_white_mug_on_the_right_plate,LIVING_ROOM_SCENE5_put_the_white_mug_on_the_left_plate_and_put_the_yellow_and_white_mug_on_the_right_plate,standard,0,libero:libero_10:4,10,1,2,10,1.0,0,0,0,0.0,,,
libero,condition,libero:libero_10:4,libero_10,LIVING_ROOM_SCENE5_put_the_white_mug_on_the_left_plate_and_put_the_yellow_and_white_mug_on_the_right_plate,LIVING_ROOM_SCENE5_put_the_white_mug_on_the_left_plate_and_put_the_yellow_and_white_mug_on_the_right_plate,standard,0,libero:libero_10:4,10,1,4,10,1.0,0,0,0,0.0,,,
libero,condition,libero:libero_10:4,libero_10,LIVING_ROOM_SCENE5_put_the_white_mug_on_the_left_plate_and_put_the_yellow_and_white_mug_on_the_right_plate,LIVING_ROOM_SCENE5_put_the_white_mug_on_the_left_plate_and_put_the_yellow_and_white_mug_on_the_right_plate,standard,0,libero:libero_10:4,10,1,10,10,1.0,0,0,0,0.0,,,
libero,condition,libero:libero_10:5,libero_10,STUDY_SCENE1_pick_up_the_book_and_place_it_in_the_back_compartment_of_the_caddy,STUDY_SCENE1_pick_up_the_book_and_place_it_in_the_back_compartment_of_the_caddy,standard,0,libero:libero_10:5,10,1,1,9,0.9,1,0,0,0.0,0.0,,
libero,condition,libero:libero_10:5,libero_10,STUDY_SCENE1_pick_up_the_book_and_place_it_in_the_back_compartment_of_the_caddy,STUDY_SCENE1_pick_up_the_book_and_place_it_in_the_back_compartment_of_the_caddy,standard,0,libero:libero_10:5,10,1,2,10,1.0,1,1,0,0.1,1.0,,
libero,condition,libero:libero_10:5,libero_10,STUDY_SCENE1_pick_up_the_book_and_place_it_in_the_back_compartment_of_the_caddy,STUDY_SCENE1_pick_up_the_book_and_place_it_in_the_back_compartment_of_the_caddy,standard,0,libero:libero_10:5,10,1,4,10,1.0,1,1,0,0.1,1.0,,
libero,condition,libero:libero_10:5,libero_10,STUDY_SCENE1_pick_up_the_book_and_place_it_in_the_back_compartment_of_the_caddy,STUDY_SCENE1_pick_up_the_book_and_place_it_in_the_back_compartment_of_the_caddy,standard,0,libero:libero_10:5,10,1,10,10,1.0,1,1,0,0.1,1.0,,
libero,condition,libero:libero_10:6,libero_10,LIVING_ROOM_SCENE6_put_the_white_mug_on_the_plate_and_put_the_chocolate_pudding_to_the_right_of_the_plate,LIVING_ROOM_SCENE6_put_the_white_mug_on_the_plate_and_put_the_chocolate_pudding_to_the_right_of_the_plate,standard,0,libero:libero_10:6,10,1,1,9,0.9,1,0,0,0.0,0.0,,
libero,condition,libero:libero_10:6,libero_10,LIVING_ROOM_SCENE6_put_the_white_mug_on_the_plate_and_put_the_chocolate_pudding_to_the_right_of_the_plate,LIVING_ROOM_SCENE6_put_the_white_mug_on_the_plate_and_put_the_chocolate_pudding_to_the_right_of_the_plate,standard,0,libero:libero_10:6,10,1,2,10,1.0,1,1,0,0.1,1.0,,
libero,condition,libero:libero_10:6,libero_10,LIVING_ROOM_SCENE6_put_the_white_mug_on_the_plate_and_put_the_chocolate_pudding_to_the_right_of_the_plate,LIVING_ROOM_SCENE6_put_the_white_mug_on_the_plate_and_put_the_chocolate_pudding_to_the_right_of_the_plate,standard,0,libero:libero_10:6,10,1,4,10,1.0,1,1,0,0.1,1.0,,
libero,condition,libero:libero_10:6,libero_10,LIVING_ROOM_SCENE6_put_the_white_mug_on_the_plate_and_put_the_chocolate_pudding_to_the_right_of_the_plate,LIVING_ROOM_SCENE6_put_the_white_mug_on_the_plate_and_put_the_chocolate_pudding_to_the_right_of_the_plate,standard,0,libero:libero_10:6,10,1,10,9,0.9,1,1,1,0.0,1.0,,
libero,condition,libero:libero_10:7,libero_10,LIVING_ROOM_SCENE1_put_both_the_alphabet_soup_and_the_cream_cheese_box_in_the_basket,LIVING_ROOM_SCENE1_put_both_the_alphabet_soup_and_the_cream_cheese_box_in_the_basket,standard,0,libero:libero_10:7,10,1,1,9,0.9,1,0,0,0.0,0.0,,
libero,condition,libero:libero_10:7,libero_10,LIVING_ROOM_SCENE1_put_both_the_alphabet_soup_and_the_cream_cheese_box_in_the_basket,LIVING_ROOM_SCENE1_put_both_the_alphabet_soup_and_the_cream_cheese_box_in_the_basket,standard,0,libero:libero_10:7,10,1,2,9,0.9,1,0,0,0.0,0.0,,
libero,condition,libero:libero_10:7,libero_10,LIVING_ROOM_SCENE1_put_both_the_alphabet_soup_and_the_cream_cheese_box_in_the_basket,LIVING_ROOM_SCENE1_put_both_the_alphabet_soup_and_the_cream_cheese_box_in_the_basket,standard,0,libero:libero_10:7,10,1,4,9,0.9,1,1,1,0.0,1.0,,
libero,condition,libero:libero_10:7,libero_10,LIVING_ROOM_SCENE1_put_both_the_alphabet_soup_and_the_cream_cheese_box_in_the_basket,LIVING_ROOM_SCENE1_put_both_the_alphabet_soup_and_the_cream_cheese_box_in_the_basket,standard,0,libero:libero_10:7,10,1,10,10,1.0,1,1,0,0.1,1.0,,
libero,condition,libero:libero_10:8,libero_10,KITCHEN_SCENE8_put_both_moka_pots_on_the_stove,KITCHEN_SCENE8_put_both_moka_pots_on_the_stove,standard,0,libero:libero_10:8,10,1,1,6,0.6,4,0,0,0.0,0.0,,
libero,condition,libero:libero_10:8,libero_10,KITCHEN_SCENE8_put_both_moka_pots_on_the_stove,KITCHEN_SCENE8_put_both_moka_pots_on_the_stove,standard,0,libero:libero_10:8,10,1,2,7,0.7,4,2,1,0.1,0.5,,
libero,condition,libero:libero_10:8,libero_10,KITCHEN_SCENE8_put_both_moka_pots_on_the_stove,KITCHEN_SCENE8_put_both_moka_pots_on_the_stove,standard,0,libero:libero_10:8,10,1,4,4,0.4,4,2,4,-0.2,0.5,,
libero,condition,libero:libero_10:8,libero_10,KITCHEN_SCENE8_put_both_moka_pots_on_the_stove,KITCHEN_SCENE8_put_both_moka_pots_on_the_stove,standard,0,libero:libero_10:8,10,1,10,4,0.4,4,2,4,-0.2,0.5,,
libero,condition,libero:libero_10:9,libero_10,KITCHEN_SCENE6_put_the_yellow_and_white_mug_in_the_microwave_and_close_it,KITCHEN_SCENE6_put_the_yellow_and_white_mug_in_the_microwave_and_close_it,standard,0,libero:libero_10:9,10,1,1,10,1.0,0,0,0,0.0,,,
libero,condition,libero:libero_10:9,libero_10,KITCHEN_SCENE6_put_the_yellow_and_white_mug_in_the_microwave_and_close_it,KITCHEN_SCENE6_put_the_yellow_and_white_mug_in_the_microwave_and_close_it,standard,0,libero:libero_10:9,10,1,2,9,0.9,0,0,1,-0.1,,,
libero,condition,libero:libero_10:9,libero_10,KITCHEN_SCENE6_put_the_yellow_and_white_mug_in_the_microwave_and_close_it,KITCHEN_SCENE6_put_the_yellow_and_white_mug_in_the_microwave_and_close_it,standard,0,libero:libero_10:9,10,1,4,9,0.9,0,0,1,-0.1,,,
libero,condition,libero:libero_10:9,libero_10,KITCHEN_SCENE6_put_the_yellow_and_white_mug_in_the_microwave_and_close_it,KITCHEN_SCENE6_put_the_yellow_and_white_mug_in_the_microwave_and_close_it,standard,0,libero:libero_10:9,10,1,10,9,0.9,0,0,1,-0.1,,,
libero,condition,libero:libero_goal:0,libero_goal,open_the_middle_drawer_of_the_cabinet,open_the_middle_drawer_of_the_cabinet,standard,0,libero:libero_goal:0,10,1,1,9,0.9,1,0,0,0.0,0.0,,
libero,condition,libero:libero_goal:0,libero_goal,open_the_middle_drawer_of_the_cabinet,open_the_middle_drawer_of_the_cabinet,standard,0,libero:libero_goal:0,10,1,2,10,1.0,1,1,0,0.1,1.0,,
libero,condition,libero:libero_goal:0,libero_goal,open_the_middle_drawer_of_the_cabinet,open_the_middle_drawer_of_the_cabinet,standard,0,libero:libero_goal:0,10,1,4,10,1.0,1,1,0,0.1,1.0,,
libero,condition,libero:libero_goal:0,libero_goal,open_the_middle_drawer_of_the_cabinet,open_the_middle_drawer_of_the_cabinet,standard,0,libero:libero_goal:0,10,1,10,10,1.0,1,1,0,0.1,1.0,,
libero,condition,libero:libero_goal:1,libero_goal,put_the_bowl_on_the_stove,put_the_bowl_on_the_stove,standard,0,libero:libero_goal:1,10,1,1,9,0.9,1,0,0,0.0,0.0,,
libero,condition,libero:libero_goal:1,libero_goal,put_the_bowl_on_the_stove,put_the_bowl_on_the_stove,standard,0,libero:libero_goal:1,10,1,2,9,0.9,1,0,0,0.0,0.0,,
libero,condition,libero:libero_goal:1,libero_goal,put_the_bowl_on_the_stove,put_the_bowl_on_the_stove,standard,0,libero:libero_goal:1,10,1,4,10,1.0,1,1,0,0.1,1.0,,
libero,condition,libero:libero_goal:1,libero_goal,put_the_bowl_on_the_stove,put_the_bowl_on_the_stove,standard,0,libero:libero_goal:1,10,1,10,10,1.0,1,1,0,0.1,1.0,,
libero,condition,libero:libero_goal:2,libero_goal,put_the_wine_bottle_on_top_of_the_cabinet,put_the_wine_bottle_on_top_of_the_cabinet,standard,0,libero:libero_goal:2,10,1,1,10,1.0,0,0,0,0.0,,,
libero,condition,libero:libero_goal:2,libero_goal,put_the_wine_bottle_on_top_of_the_cabinet,put_the_wine_bottle_on_top_of_the_cabinet,standard,0,libero:libero_goal:2,10,1,2,10,1.0,0,0,0,0.0,,,
libero,condition,libero:libero_goal:2,libero_goal,put_the_wine_bottle_on_top_of_the_cabinet,put_the_wine_bottle_on_top_of_the_cabinet,standard,0,libero:libero_goal:2,10,1,4,10,1.0,0,0,0,0.0,,,
libero,condition,libero:libero_goal:2,libero_goal,put_the_wine_bottle_on_top_of_the_cabinet,put_the_wine_bottle_on_top_of_the_cabinet,standard,0,libero:libero_goal:2,10,1,10,10,1.0,0,0,0,0.0,,,
libero,condition,libero:libero_goal:3,libero_goal,open_the_top_drawer_and_put_the_bowl_inside,open_the_top_drawer_and_put_the_bowl_inside,standard,0,libero:libero_goal:3,10,1,1,8,0.8,2,0,0,0.0,0.0,,
libero,condition,libero:libero_goal:3,libero_goal,open_the_top_drawer_and_put_the_bowl_inside,open_the_top_drawer_and_put_the_bowl_inside,standard,0,libero:libero_goal:3,10,1,2,9,0.9,2,1,0,0.1,0.5,,
libero,condition,libero:libero_goal:3,libero_goal,open_the_top_drawer_and_put_the_bowl_inside,open_the_top_drawer_and_put_the_bowl_inside,standard,0,libero:libero_goal:3,10,1,4,9,0.9,2,1,0,0.1,0.5,,
libero,condition,libero:libero_goal:3,libero_goal,open_the_top_drawer_and_put_the_bowl_inside,open_the_top_drawer_and_put_the_bowl_inside,standard,0,libero:libero_goal:3,10,1,10,9,0.9,2,1,0,0.1,0.5,,
libero,condition,libero:libero_goal:4,libero_goal,put_the_bowl_on_top_of_the_cabinet,put_the_bowl_on_top_of_the_cabinet,standard,0,libero:libero_goal:4,10,1,1,10,1.0,0,0,0,0.0,,,
libero,condition,libero:libero_goal:4,libero_goal,put_the_bowl_on_top_of_the_cabinet,put_the_bowl_on_top_of_the_cabinet,standard,0,libero:libero_goal:4,10,1,2,10,1.0,0,0,0,0.0,,,
libero,condition,libero:libero_goal:4,libero_goal,put_the_bowl_on_top_of_the_cabinet,put_the_bowl_on_top_of_the_cabinet,standard,0,libero:libero_goal:4,10,1,4,10,1.0,0,0,0,0.0,,,
libero,condition,libero:libero_goal:4,libero_goal,put_the_bowl_on_top_of_the_cabinet,put_the_bowl_on_top_of_the_cabinet,standard,0,libero:libero_goal:4,10,1,10,10,1.0,0,0,0,0.0,,,
libero,condition,libero:libero_goal:5,libero_goal,push_the_plate_to_the_front_of_the_stove,push_the_plate_to_the_front_of_the_stove,standard,0,libero:libero_goal:5,10,1,1,9,0.9,1,0,0,0.0,0.0,,
libero,condition,libero:libero_goal:5,libero_goal,push_the_plate_to_the_front_of_the_stove,push_the_plate_to_the_front_of_the_stove,standard,0,libero:libero_goal:5,10,1,2,10,1.0,1,1,0,0.1,1.0,,
libero,condition,libero:libero_goal:5,libero_goal,push_the_plate_to_the_front_of_the_stove,push_the_plate_to_the_front_of_the_stove,standard,0,libero:libero_goal:5,10,1,4,10,1.0,1,1,0,0.1,1.0,,
libero,condition,libero:libero_goal:5,libero_goal,push_the_plate_to_the_front_of_the_stove,push_the_plate_to_the_front_of_the_stove,standard,0,libero:libero_goal:5,10,1,10,9,0.9,1,1,1,0.0,1.0,,
libero,condition,libero:libero_goal:6,libero_goal,put_the_cream_cheese_in_the_bowl,put_the_cream_cheese_in_the_bowl,standard,0,libero:libero_goal:6,10,1,1,10,1.0,0,0,0,0.0,,,
libero,condition,libero:libero_goal:6,libero_goal,put_the_cream_cheese_in_the_bowl,put_the_cream_cheese_in_the_bowl,standard,0,libero:libero_goal:6,10,1,2,10,1.0,0,0,0,0.0,,,
libero,condition,libero:libero_goal:6,libero_goal,put_the_cream_cheese_in_the_bowl,put_the_cream_cheese_in_the_bowl,standard,0,libero:libero_goal:6,10,1,4,10,1.0,0,0,0,0.0,,,
libero,condition,libero:libero_goal:6,libero_goal,put_the_cream_cheese_in_the_bowl,put_the_cream_cheese_in_the_bowl,standard,0,libero:libero_goal:6,10,1,10,10,1.0,0,0,0,0.0,,,
libero,condition,libero:libero_goal:7,libero_goal,turn_on_the_stove,turn_on_the_stove,standard,0,libero:libero_goal:7,10,1,1,10,1.0,0,0,0,0.0,,,
libero,condition,libero:libero_goal:7,libero_goal,turn_on_the_stove,turn_on_the_stove,standard,0,libero:libero_goal:7,10,1,2,10,1.0,0,0,0,0.0,,,
libero,condition,libero:libero_goal:7,libero_goal,turn_on_the_stove,turn_on_the_stove,standard,0,libero:libero_goal:7,10,1,4,10,1.0,0,0,0,0.0,,,
libero,condition,libero:libero_goal:7,libero_goal,turn_on_the_stove,turn_on_the_stove,standard,0,libero:libero_goal:7,10,1,10,10,1.0,0,0,0,0.0,,,
libero,condition,libero:libero_goal:8,libero_goal,put_the_bowl_on_the_plate,put_the_bowl_on_the_plate,standard,0,libero:libero_goal:8,10,1,1,10,1.0,0,0,0,0.0,,,
libero,condition,libero:libero_goal:8,libero_goal,put_the_bowl_on_the_plate,put_the_bowl_on_the_plate,standard,0,libero:libero_goal:8,10,1,2,10,1.0,0,0,0,0.0,,,
libero,condition,libero:libero_goal:8,libero_goal,put_the_bowl_on_the_plate,put_the_bowl_on_the_plate,standard,0,libero:libero_goal:8,10,1,4,10,1.0,0,0,0,0.0,,,
libero,condition,libero:libero_goal:8,libero_goal,put_the_bowl_on_the_plate,put_the_bowl_on_the_plate,standard,0,libero:libero_goal:8,10,1,10,10,1.0,0,0,0,0.0,,,
libero,condition,libero:libero_goal:9,libero_goal,put_the_wine_bottle_on_the_rack,put_the_wine_bottle_on_the_rack,standard,0,libero:libero_goal:9,10,1,1,8,0.8,2,0,0,0.0,0.0,,
libero,condition,libero:libero_goal:9,libero_goal,put_the_wine_bottle_on_the_rack,put_the_wine_bottle_on_the_rack,standard,0,libero:libero_goal:9,10,1,2,9,0.9,2,1,0,0.1,0.5,,
libero,condition,libero:libero_goal:9,libero_goal,put_the_wine_bottle_on_the_rack,put_the_wine_bottle_on_the_rack,standard,0,libero:libero_goal:9,10,1,4,10,1.0,2,2,0,0.2,1.0,,
libero,condition,libero:libero_goal:9,libero_goal,put_the_wine_bottle_on_the_rack,put_the_wine_bottle_on_the_rack,standard,0,libero:libero_goal:9,10,1,10,10,1.0,2,2,0,0.2,1.0,,
libero,condition,libero:libero_object:0,libero_object,pick_up_the_alphabet_soup_and_place_it_in_the_basket,pick_up_the_alphabet_soup_and_place_it_in_the_basket,standard,0,libero:libero_object:0,10,1,1,10,1.0,0,0,0,0.0,,,
libero,condition,libero:libero_object:0,libero_object,pick_up_the_alphabet_soup_and_place_it_in_the_basket,pick_up_the_alphabet_soup_and_place_it_in_the_basket,standard,0,libero:libero_object:0,10,1,2,10,1.0,0,0,0,0.0,,,
libero,condition,libero:libero_object:0,libero_object,pick_up_the_alphabet_soup_and_place_it_in_the_basket,pick_up_the_alphabet_soup_and_place_it_in_the_basket,standard,0,libero:libero_object:0,10,1,4,10,1.0,0,0,0,0.0,,,
libero,condition,libero:libero_object:0,libero_object,pick_up_the_alphabet_soup_and_place_it_in_the_basket,pick_up_the_alphabet_soup_and_place_it_in_the_basket,standard,0,libero:libero_object:0,10,1,10,9,0.9,0,0,1,-0.1,,,
libero,condition,libero:libero_object:1,libero_object,pick_up_the_cream_cheese_and_place_it_in_the_basket,pick_up_the_cream_cheese_and_place_it_in_the_basket,standard,0,libero:libero_object:1,10,1,1,10,1.0,0,0,0,0.0,,,
libero,condition,libero:libero_object:1,libero_object,pick_up_the_cream_cheese_and_place_it_in_the_basket,pick_up_the_cream_cheese_and_place_it_in_the_basket,standard,0,libero:libero_object:1,10,1,2,10,1.0,0,0,0,0.0,,,
libero,condition,libero:libero_object:1,libero_object,pick_up_the_cream_cheese_and_place_it_in_the_basket,pick_up_the_cream_cheese_and_place_it_in_the_basket,standard,0,libero:libero_object:1,10,1,4,10,1.0,0,0,0,0.0,,,
libero,condition,libero:libero_object:1,libero_object,pick_up_the_cream_cheese_and_place_it_in_the_basket,pick_up_the_cream_cheese_and_place_it_in_the_basket,standard,0,libero:libero_object:1,10,1,10,10,1.0,0,0,0,0.0,,,
libero,condition,libero:libero_object:2,libero_object,pick_up_the_salad_dressing_and_place_it_in_the_basket,pick_up_the_salad_dressing_and_place_it_in_the_basket,standard,0,libero:libero_object:2,10,1,1,10,1.0,0,0,0,0.0,,,
libero,condition,libero:libero_object:2,libero_object,pick_up_the_salad_dressing_and_place_it_in_the_basket,pick_up_the_salad_dressing_and_place_it_in_the_basket,standard,0,libero:libero_object:2,10,1,2,10,1.0,0,0,0,0.0,,,
libero,condition,libero:libero_object:2,libero_object,pick_up_the_salad_dressing_and_place_it_in_the_basket,pick_up_the_salad_dressing_and_place_it_in_the_basket,standard,0,libero:libero_object:2,10,1,4,10,1.0,0,0,0,0.0,,,
libero,condition,libero:libero_object:2,libero_object,pick_up_the_salad_dressing_and_place_it_in_the_basket,pick_up_the_salad_dressing_and_place_it_in_the_basket,standard,0,libero:libero_object:2,10,1,10,10,1.0,0,0,0,0.0,,,
libero,condition,libero:libero_object:3,libero_object,pick_up_the_bbq_sauce_and_place_it_in_the_basket,pick_up_the_bbq_sauce_and_place_it_in_the_basket,standard,0,libero:libero_object:3,10,1,1,10,1.0,0,0,0,0.0,,,
libero,condition,libero:libero_object:3,libero_object,pick_up_the_bbq_sauce_and_place_it_in_the_basket,pick_up_the_bbq_sauce_and_place_it_in_the_basket,standard,0,libero:libero_object:3,10,1,2,10,1.0,0,0,0,0.0,,,
libero,condition,libero:libero_object:3,libero_object,pick_up_the_bbq_sauce_and_place_it_in_the_basket,pick_up_the_bbq_sauce_and_place_it_in_the_basket,standard,0,libero:libero_object:3,10,1,4,10,1.0,0,0,0,0.0,,,
libero,condition,libero:libero_object:3,libero_object,pick_up_the_bbq_sauce_and_place_it_in_the_basket,pick_up_the_bbq_sauce_and_place_it_in_the_basket,standard,0,libero:libero_object:3,10,1,10,9,0.9,0,0,1,-0.1,,,
libero,condition,libero:libero_object:4,libero_object,pick_up_the_ketchup_and_place_it_in_the_basket,pick_up_the_ketchup_and_place_it_in_the_basket,standard,0,libero:libero_object:4,10,1,1,10,1.0,0,0,0,0.0,,,
libero,condition,libero:libero_object:4,libero_object,pick_up_the_ketchup_and_place_it_in_the_basket,pick_up_the_ketchup_and_place_it_in_the_basket,standard,0,libero:libero_object:4,10,1,2,10,1.0,0,0,0,0.0,,,
libero,condition,libero:libero_object:4,libero_object,pick_up_the_ketchup_and_place_it_in_the_basket,pick_up_the_ketchup_and_place_it_in_the_basket,standard,0,libero:libero_object:4,10,1,4,10,1.0,0,0,0,0.0,,,
libero,condition,libero:libero_object:4,libero_object,pick_up_the_ketchup_and_place_it_in_the_basket,pick_up_the_ketchup_and_place_it_in_the_basket,standard,0,libero:libero_object:4,10,1,10,10,1.0,0,0,0,0.0,,,
libero,condition,libero:libero_object:5,libero_object,pick_up_the_tomato_sauce_and_place_it_in_the_basket,pick_up_the_tomato_sauce_and_place_it_in_the_basket,standard,0,libero:libero_object:5,10,1,1,10,1.0,0,0,0,0.0,,,
libero,condition,libero:libero_object:5,libero_object,pick_up_the_tomato_sauce_and_place_it_in_the_basket,pick_up_the_tomato_sauce_and_place_it_in_the_basket,standard,0,libero:libero_object:5,10,1,2,9,0.9,0,0,1,-0.1,,,
libero,condition,libero:libero_object:5,libero_object,pick_up_the_tomato_sauce_and_place_it_in_the_basket,pick_up_the_tomato_sauce_and_place_it_in_the_basket,standard,0,libero:libero_object:5,10,1,4,10,1.0,0,0,0,0.0,,,
libero,condition,libero:libero_object:5,libero_object,pick_up_the_tomato_sauce_and_place_it_in_the_basket,pick_up_the_tomato_sauce_and_place_it_in_the_basket,standard,0,libero:libero_object:5,10,1,10,10,1.0,0,0,0,0.0,,,
libero,condition,libero:libero_object:6,libero_object,pick_up_the_butter_and_place_it_in_the_basket,pick_up_the_butter_and_place_it_in_the_basket,standard,0,libero:libero_object:6,10,1,1,10,1.0,0,0,0,0.0,,,
libero,condition,libero:libero_object:6,libero_object,pick_up_the_butter_and_place_it_in_the_basket,pick_up_the_butter_and_place_it_in_the_basket,standard,0,libero:libero_object:6,10,1,2,10,1.0,0,0,0,0.0,,,
libero,condition,libero:libero_object:6,libero_object,pick_up_the_butter_and_place_it_in_the_basket,pick_up_the_butter_and_place_it_in_the_basket,standard,0,libero:libero_object:6,10,1,4,10,1.0,0,0,0,0.0,,,
libero,condition,libero:libero_object:6,libero_object,pick_up_the_butter_and_place_it_in_the_basket,pick_up_the_butter_and_place_it_in_the_basket,standard,0,libero:libero_object:6,10,1,10,10,1.0,0,0,0,0.0,,,
libero,condition,libero:libero_object:7,libero_object,pick_up_the_milk_and_place_it_in_the_basket,pick_up_the_milk_and_place_it_in_the_basket,standard,0,libero:libero_object:7,10,1,1,10,1.0,0,0,0,0.0,,,
libero,condition,libero:libero_object:7,libero_object,pick_up_the_milk_and_place_it_in_the_basket,pick_up_the_milk_and_place_it_in_the_basket,standard,0,libero:libero_object:7,10,1,2,10,1.0,0,0,0,0.0,,,
libero,condition,libero:libero_object:7,libero_object,pick_up_the_milk_and_place_it_in_the_basket,pick_up_the_milk_and_place_it_in_the_basket,standard,0,libero:libero_object:7,10,1,4,10,1.0,0,0,0,0.0,,,
libero,condition,libero:libero_object:7,libero_object,pick_up_the_milk_and_place_it_in_the_basket,pick_up_the_milk_and_place_it_in_the_basket,standard,0,libero:libero_object:7,10,1,10,10,1.0,0,0,0,0.0,,,
libero,condition,libero:libero_object:8,libero_object,pick_up_the_chocolate_pudding_and_place_it_in_the_basket,pick_up_the_chocolate_pudding_and_place_it_in_the_basket,standard,0,libero:libero_object:8,10,1,1,10,1.0,0,0,0,0.0,,,
libero,condition,libero:libero_object:8,libero_object,pick_up_the_chocolate_pudding_and_place_it_in_the_basket,pick_up_the_chocolate_pudding_and_place_it_in_the_basket,standard,0,libero:libero_object:8,10,1,2,9,0.9,0,0,1,-0.1,,,
libero,condition,libero:libero_object:8,libero_object,pick_up_the_chocolate_pudding_and_place_it_in_the_basket,pick_up_the_chocolate_pudding_and_place_it_in_the_basket,standard,0,libero:libero_object:8,10,1,4,10,1.0,0,0,0,0.0,,,
libero,condition,libero:libero_object:8,libero_object,pick_up_the_chocolate_pudding_and_place_it_in_the_basket,pick_up_the_chocolate_pudding_and_place_it_in_the_basket,standard,0,libero:libero_object:8,10,1,10,10,1.0,0,0,0,0.0,,,
libero,condition,libero:libero_object:9,libero_object,pick_up_the_orange_juice_and_place_it_in_the_basket,pick_up_the_orange_juice_and_place_it_in_the_basket,standard,0,libero:libero_object:9,10,1,1,10,1.0,0,0,0,0.0,,,
libero,condition,libero:libero_object:9,libero_object,pick_up_the_orange_juice_and_place_it_in_the_basket,pick_up_the_orange_juice_and_place_it_in_the_basket,standard,0,libero:libero_object:9,10,1,2,10,1.0,0,0,0,0.0,,,
libero,condition,libero:libero_object:9,libero_object,pick_up_the_orange_juice_and_place_it_in_the_basket,pick_up_the_orange_juice_and_place_it_in_the_basket,standard,0,libero:libero_object:9,10,1,4,10,1.0,0,0,0,0.0,,,
libero,condition,libero:libero_object:9,libero_object,pick_up_the_orange_juice_and_place_it_in_the_basket,pick_up_the_orange_juice_and_place_it_in_the_basket,standard,0,libero:libero_object:9,10,1,10,10,1.0,0,0,0,0.0,,,
libero,condition,libero:libero_spatial:0,libero_spatial,pick_up_the_black_bowl_between_the_plate_and_the_ramekin_and_place_it_on_the_plate,pick_up_the_black_bowl_between_the_plate_and_the_ramekin_and_place_it_on_the_plate,standard,0,libero:libero_spatial:0,10,1,1,10,1.0,0,0,0,0.0,,,
libero,condition,libero:libero_spatial:0,libero_spatial,pick_up_the_black_bowl_between_the_plate_and_the_ramekin_and_place_it_on_the_plate,pick_up_the_black_bowl_between_the_plate_and_the_ramekin_and_place_it_on_the_plate,standard,0,libero:libero_spatial:0,10,1,2,10,1.0,0,0,0,0.0,,,
libero,condition,libero:libero_spatial:0,libero_spatial,pick_up_the_black_bowl_between_the_plate_and_the_ramekin_and_place_it_on_the_plate,pick_up_the_black_bowl_between_the_plate_and_the_ramekin_and_place_it_on_the_plate,standard,0,libero:libero_spatial:0,10,1,4,10,1.0,0,0,0,0.0,,,
libero,condition,libero:libero_spatial:0,libero_spatial,pick_up_the_black_bowl_between_the_plate_and_the_ramekin_and_place_it_on_the_plate,pick_up_the_black_bowl_between_the_plate_and_the_ramekin_and_place_it_on_the_plate,standard,0,libero:libero_spatial:0,10,1,10,10,1.0,0,0,0,0.0,,,
libero,condition,libero:libero_spatial:1,libero_spatial,pick_up_the_black_bowl_next_to_the_ramekin_and_place_it_on_the_plate,pick_up_the_black_bowl_next_to_the_ramekin_and_place_it_on_the_plate,standard,0,libero:libero_spatial:1,10,1,1,10,1.0,0,0,0,0.0,,,
libero,condition,libero:libero_spatial:1,libero_spatial,pick_up_the_black_bowl_next_to_the_ramekin_and_place_it_on_the_plate,pick_up_the_black_bowl_next_to_the_ramekin_and_place_it_on_the_plate,standard,0,libero:libero_spatial:1,10,1,2,10,1.0,0,0,0,0.0,,,
libero,condition,libero:libero_spatial:1,libero_spatial,pick_up_the_black_bowl_next_to_the_ramekin_and_place_it_on_the_plate,pick_up_the_black_bowl_next_to_the_ramekin_and_place_it_on_the_plate,standard,0,libero:libero_spatial:1,10,1,4,10,1.0,0,0,0,0.0,,,
libero,condition,libero:libero_spatial:1,libero_spatial,pick_up_the_black_bowl_next_to_the_ramekin_and_place_it_on_the_plate,pick_up_the_black_bowl_next_to_the_ramekin_and_place_it_on_the_plate,standard,0,libero:libero_spatial:1,10,1,10,10,1.0,0,0,0,0.0,,,
libero,condition,libero:libero_spatial:2,libero_spatial,pick_up_the_black_bowl_from_table_center_and_place_it_on_the_plate,pick_up_the_black_bowl_from_table_center_and_place_it_on_the_plate,standard,0,libero:libero_spatial:2,10,1,1,10,1.0,0,0,0,0.0,,,
libero,condition,libero:libero_spatial:2,libero_spatial,pick_up_the_black_bowl_from_table_center_and_place_it_on_the_plate,pick_up_the_black_bowl_from_table_center_and_place_it_on_the_plate,standard,0,libero:libero_spatial:2,10,1,2,10,1.0,0,0,0,0.0,,,
libero,condition,libero:libero_spatial:2,libero_spatial,pick_up_the_black_bowl_from_table_center_and_place_it_on_the_plate,pick_up_the_black_bowl_from_table_center_and_place_it_on_the_plate,standard,0,libero:libero_spatial:2,10,1,4,10,1.0,0,0,0,0.0,,,
libero,condition,libero:libero_spatial:2,libero_spatial,pick_up_the_black_bowl_from_table_center_and_place_it_on_the_plate,pick_up_the_black_bowl_from_table_center_and_place_it_on_the_plate,standard,0,libero:libero_spatial:2,10,1,10,10,1.0,0,0,0,0.0,,,
libero,condition,libero:libero_spatial:3,libero_spatial,pick_up_the_black_bowl_on_the_cookie_box_and_place_it_on_the_plate,pick_up_the_black_bowl_on_the_cookie_box_and_place_it_on_the_plate,standard,0,libero:libero_spatial:3,10,1,1,10,1.0,0,0,0,0.0,,,
libero,condition,libero:libero_spatial:3,libero_spatial,pick_up_the_black_bowl_on_the_cookie_box_and_place_it_on_the_plate,pick_up_the_black_bowl_on_the_cookie_box_and_place_it_on_the_plate,standard,0,libero:libero_spatial:3,10,1,2,10,1.0,0,0,0,0.0,,,
libero,condition,libero:libero_spatial:3,libero_spatial,pick_up_the_black_bowl_on_the_cookie_box_and_place_it_on_the_plate,pick_up_the_black_bowl_on_the_cookie_box_and_place_it_on_the_plate,standard,0,libero:libero_spatial:3,10,1,4,10,1.0,0,0,0,0.0,,,
libero,condition,libero:libero_spatial:3,libero_spatial,pick_up_the_black_bowl_on_the_cookie_box_and_place_it_on_the_plate,pick_up_the_black_bowl_on_the_cookie_box_and_place_it_on_the_plate,standard,0,libero:libero_spatial:3,10,1,10,10,1.0,0,0,0,0.0,,,
libero,condition,libero:libero_spatial:4,libero_spatial,pick_up_the_black_bowl_in_the_top_drawer_of_the_wooden_cabinet_and_place_it_on_the_plate,pick_up_the_black_bowl_in_the_top_drawer_of_the_wooden_cabinet_and_place_it_on_the_plate,standard,0,libero:libero_spatial:4,10,1,1,10,1.0,0,0,0,0.0,,,
libero,condition,libero:libero_spatial:4,libero_spatial,pick_up_the_black_bowl_in_the_top_drawer_of_the_wooden_cabinet_and_place_it_on_the_plate,pick_up_the_black_bowl_in_the_top_drawer_of_the_wooden_cabinet_and_place_it_on_the_plate,standard,0,libero:libero_spatial:4,10,1,2,10,1.0,0,0,0,0.0,,,
libero,condition,libero:libero_spatial:4,libero_spatial,pick_up_the_black_bowl_in_the_top_drawer_of_the_wooden_cabinet_and_place_it_on_the_plate,pick_up_the_black_bowl_in_the_top_drawer_of_the_wooden_cabinet_and_place_it_on_the_plate,standard,0,libero:libero_spatial:4,10,1,4,10,1.0,0,0,0,0.0,,,
libero,condition,libero:libero_spatial:4,libero_spatial,pick_up_the_black_bowl_in_the_top_drawer_of_the_wooden_cabinet_and_place_it_on_the_plate,pick_up_the_black_bowl_in_the_top_drawer_of_the_wooden_cabinet_and_place_it_on_the_plate,standard,0,libero:libero_spatial:4,10,1,10,10,1.0,0,0,0,0.0,,,
libero,condition,libero:libero_spatial:5,libero_spatial,pick_up_the_black_bowl_on_the_ramekin_and_place_it_on_the_plate,pick_up_the_black_bowl_on_the_ramekin_and_place_it_on_the_plate,standard,0,libero:libero_spatial:5,10,1,1,10,1.0,0,0,0,0.0,,,
libero,condition,libero:libero_spatial:5,libero_spatial,pick_up_the_black_bowl_on_the_ramekin_and_place_it_on_the_plate,pick_up_the_black_bowl_on_the_ramekin_and_place_it_on_the_plate,standard,0,libero:libero_spatial:5,10,1,2,10,1.0,0,0,0,0.0,,,
libero,condition,libero:libero_spatial:5,libero_spatial,pick_up_the_black_bowl_on_the_ramekin_and_place_it_on_the_plate,pick_up_the_black_bowl_on_the_ramekin_and_place_it_on_the_plate,standard,0,libero:libero_spatial:5,10,1,4,9,0.9,0,0,1,-0.1,,,
libero,condition,libero:libero_spatial:5,libero_spatial,pick_up_the_black_bowl_on_the_ramekin_and_place_it_on_the_plate,pick_up_the_black_bowl_on_the_ramekin_and_place_it_on_the_plate,standard,0,libero:libero_spatial:5,10,1,10,10,1.0,0,0,0,0.0,,,
libero,condition,libero:libero_spatial:6,libero_spatial,pick_up_the_black_bowl_next_to_the_cookie_box_and_place_it_on_the_plate,pick_up_the_black_bowl_next_to_the_cookie_box_and_place_it_on_the_plate,standard,0,libero:libero_spatial:6,10,1,1,10,1.0,0,0,0,0.0,,,
libero,condition,libero:libero_spatial:6,libero_spatial,pick_up_the_black_bowl_next_to_the_cookie_box_and_place_it_on_the_plate,pick_up_the_black_bowl_next_to_the_cookie_box_and_place_it_on_the_plate,standard,0,libero:libero_spatial:6,10,1,2,10,1.0,0,0,0,0.0,,,
libero,condition,libero:libero_spatial:6,libero_spatial,pick_up_the_black_bowl_next_to_the_cookie_box_and_place_it_on_the_plate,pick_up_the_black_bowl_next_to_the_cookie_box_and_place_it_on_the_plate,standard,0,libero:libero_spatial:6,10,1,4,10,1.0,0,0,0,0.0,,,
libero,condition,libero:libero_spatial:6,libero_spatial,pick_up_the_black_bowl_next_to_the_cookie_box_and_place_it_on_the_plate,pick_up_the_black_bowl_next_to_the_cookie_box_and_place_it_on_the_plate,standard,0,libero:libero_spatial:6,10,1,10,10,1.0,0,0,0,0.0,,,
libero,condition,libero:libero_spatial:7,libero_spatial,pick_up_the_black_bowl_on_the_stove_and_place_it_on_the_plate,pick_up_the_black_bowl_on_the_stove_and_place_it_on_the_plate,standard,0,libero:libero_spatial:7,10,1,1,10,1.0,0,0,0,0.0,,,
libero,condition,libero:libero_spatial:7,libero_spatial,pick_up_the_black_bowl_on_the_stove_and_place_it_on_the_plate,pick_up_the_black_bowl_on_the_stove_and_place_it_on_the_plate,standard,0,libero:libero_spatial:7,10,1,2,10,1.0,0,0,0,0.0,,,
libero,condition,libero:libero_spatial:7,libero_spatial,pick_up_the_black_bowl_on_the_stove_and_place_it_on_the_plate,pick_up_the_black_bowl_on_the_stove_and_place_it_on_the_plate,standard,0,libero:libero_spatial:7,10,1,4,10,1.0,0,0,0,0.0,,,
libero,condition,libero:libero_spatial:7,libero_spatial,pick_up_the_black_bowl_on_the_stove_and_place_it_on_the_plate,pick_up_the_black_bowl_on_the_stove_and_place_it_on_the_plate,standard,0,libero:libero_spatial:7,10,1,10,10,1.0,0,0,0,0.0,,,
libero,condition,libero:libero_spatial:8,libero_spatial,pick_up_the_black_bowl_next_to_the_plate_and_place_it_on_the_plate,pick_up_the_black_bowl_next_to_the_plate_and_place_it_on_the_plate,standard,0,libero:libero_spatial:8,10,1,1,10,1.0,0,0,0,0.0,,,
libero,condition,libero:libero_spatial:8,libero_spatial,pick_up_the_black_bowl_next_to_the_plate_and_place_it_on_the_plate,pick_up_the_black_bowl_next_to_the_plate_and_place_it_on_the_plate,standard,0,libero:libero_spatial:8,10,1,2,10,1.0,0,0,0,0.0,,,
libero,condition,libero:libero_spatial:8,libero_spatial,pick_up_the_black_bowl_next_to_the_plate_and_place_it_on_the_plate,pick_up_the_black_bowl_next_to_the_plate_and_place_it_on_the_plate,standard,0,libero:libero_spatial:8,10,1,4,10,1.0,0,0,0,0.0,,,
libero,condition,libero:libero_spatial:8,libero_spatial,pick_up_the_black_bowl_next_to_the_plate_and_place_it_on_the_plate,pick_up_the_black_bowl_next_to_the_plate_and_place_it_on_the_plate,standard,0,libero:libero_spatial:8,10,1,10,10,1.0,0,0,0,0.0,,,
libero,condition,libero:libero_spatial:9,libero_spatial,pick_up_the_black_bowl_on_the_wooden_cabinet_and_place_it_on_the_plate,pick_up_the_black_bowl_on_the_wooden_cabinet_and_place_it_on_the_plate,standard,0,libero:libero_spatial:9,10,1,1,10,1.0,0,0,0,0.0,,,
libero,condition,libero:libero_spatial:9,libero_spatial,pick_up_the_black_bowl_on_the_wooden_cabinet_and_place_it_on_the_plate,pick_up_the_black_bowl_on_the_wooden_cabinet_and_place_it_on_the_plate,standard,0,libero:libero_spatial:9,10,1,2,10,1.0,0,0,0,0.0,,,
libero,condition,libero:libero_spatial:9,libero_spatial,pick_up_the_black_bowl_on_the_wooden_cabinet_and_place_it_on_the_plate,pick_up_the_black_bowl_on_the_wooden_cabinet_and_place_it_on_the_plate,standard,0,libero:libero_spatial:9,10,1,4,10,1.0,0,0,0,0.0,,,
libero,condition,libero:libero_spatial:9,libero_spatial,pick_up_the_black_bowl_on_the_wooden_cabinet_and_place_it_on_the_plate,pick_up_the_black_bowl_on_the_wooden_cabinet_and_place_it_on_the_plate,standard,0,libero:libero_spatial:9,10,1,10,9,0.9,0,0,1,-0.1,,,
libero_plus,family,KITCHEN_SCENE3_turn_on_the_stove_and_put_the_moka_pot_on_it,libero_10,KITCHEN_SCENE3_turn_on_the_stove_and_put_the_moka_pot_on_it,KITCHEN_SCENE3_turn_on_the_stove_and_put_the_moka_pot_on_it_add_25;KITCHEN_SCENE3_turn_on_the_stove_and_put_the_moka_pot_on_it_level5_sample3,Objects Layout,2;3,libero_plus:libero_10:1940;libero_plus:libero_10:1957,20,2,1,15,0.75,5,0,0,0.0,0.0,,
libero_plus,family,KITCHEN_SCENE3_turn_on_the_stove_and_put_the_moka_pot_on_it,libero_10,KITCHEN_SCENE3_turn_on_the_stove_and_put_the_moka_pot_on_it,KITCHEN_SCENE3_turn_on_the_stove_and_put_the_moka_pot_on_it_add_25;KITCHEN_SCENE3_turn_on_the_stove_and_put_the_moka_pot_on_it_level5_sample3,Objects Layout,2;3,libero_plus:libero_10:1940;libero_plus:libero_10:1957,20,2,2,16,0.8,5,4,3,0.05,0.8,-0.2,0.3
libero_plus,family,KITCHEN_SCENE3_turn_on_the_stove_and_put_the_moka_pot_on_it,libero_10,KITCHEN_SCENE3_turn_on_the_stove_and_put_the_moka_pot_on_it,KITCHEN_SCENE3_turn_on_the_stove_and_put_the_moka_pot_on_it_add_25;KITCHEN_SCENE3_turn_on_the_stove_and_put_the_moka_pot_on_it_level5_sample3,Objects Layout,2;3,libero_plus:libero_10:1940;libero_plus:libero_10:1957,20,2,4,18,0.9,5,4,1,0.15,0.8,0.1,0.2
libero_plus,family,KITCHEN_SCENE3_turn_on_the_stove_and_put_the_moka_pot_on_it,libero_10,KITCHEN_SCENE3_turn_on_the_stove_and_put_the_moka_pot_on_it,KITCHEN_SCENE3_turn_on_the_stove_and_put_the_moka_pot_on_it_add_25;KITCHEN_SCENE3_turn_on_the_stove_and_put_the_moka_pot_on_it_level5_sample3,Objects Layout,2;3,libero_plus:libero_10:1940;libero_plus:libero_10:1957,20,2,10,20,1.0,5,5,0,0.25,1.0,0.1,0.4
libero_plus,family,KITCHEN_SCENE4_put_the_black_bowl_in_the_bottom_drawer_of_the_cabinet_and_close_it,libero_10,KITCHEN_SCENE4_put_the_black_bowl_in_the_bottom_drawer_of_the_cabinet_and_close_it,KITCHEN_SCENE4_put_the_black_bowl_in_the_bottom_drawer_of_the_cabinet_and_close_it_add_15;KITCHEN_SCENE4_put_the_black_bowl_in_the_bottom_drawer_of_the_cabinet_and_close_it_level3_sample1,Objects Layout,2;3,libero_plus:libero_10:1961;libero_plus:libero_10:1974,20,2,1,20,1.0,0,0,0,0.0,,,
libero_plus,family,KITCHEN_SCENE4_put_the_black_bowl_in_the_bottom_drawer_of_the_cabinet_and_close_it,libero_10,KITCHEN_SCENE4_put_the_black_bowl_in_the_bottom_drawer_of_the_cabinet_and_close_it,KITCHEN_SCENE4_put_the_black_bowl_in_the_bottom_drawer_of_the_cabinet_and_close_it_add_15;KITCHEN_SCENE4_put_the_black_bowl_in_the_bottom_drawer_of_the_cabinet_and_close_it_level3_sample1,Objects Layout,2;3,libero_plus:libero_10:1961;libero_plus:libero_10:1974,20,2,2,20,1.0,0,0,0,0.0,,0.0,0.0
libero_plus,family,KITCHEN_SCENE4_put_the_black_bowl_in_the_bottom_drawer_of_the_cabinet_and_close_it,libero_10,KITCHEN_SCENE4_put_the_black_bowl_in_the_bottom_drawer_of_the_cabinet_and_close_it,KITCHEN_SCENE4_put_the_black_bowl_in_the_bottom_drawer_of_the_cabinet_and_close_it_add_15;KITCHEN_SCENE4_put_the_black_bowl_in_the_bottom_drawer_of_the_cabinet_and_close_it_level3_sample1,Objects Layout,2;3,libero_plus:libero_10:1961;libero_plus:libero_10:1974,20,2,4,20,1.0,0,0,0,0.0,,0.0,0.0
libero_plus,family,KITCHEN_SCENE4_put_the_black_bowl_in_the_bottom_drawer_of_the_cabinet_and_close_it,libero_10,KITCHEN_SCENE4_put_the_black_bowl_in_the_bottom_drawer_of_the_cabinet_and_close_it,KITCHEN_SCENE4_put_the_black_bowl_in_the_bottom_drawer_of_the_cabinet_and_close_it_add_15;KITCHEN_SCENE4_put_the_black_bowl_in_the_bottom_drawer_of_the_cabinet_and_close_it_level3_sample1,Objects Layout,2;3,libero_plus:libero_10:1961;libero_plus:libero_10:1974,20,2,10,20,1.0,0,0,0,0.0,,0.0,0.0
libero_plus,family,LIVING_ROOM_SCENE2_put_both_the_alphabet_soup_and_the_tomato_sauce_in_the_basket,libero_10,LIVING_ROOM_SCENE2_put_both_the_alphabet_soup_and_the_tomato_sauce_in_the_basket,LIVING_ROOM_SCENE2_put_both_the_alphabet_soup_and_the_tomato_sauce_in_the_basket_view_0_0_100_0_0_initstate_1;LIVING_ROOM_SCENE2_put_both_the_alphabet_soup_and_the_tomato_sauce_in_the_basket_view_0_0_100_0_0_initstate_171;LIVING_ROOM_SCENE2_put_both_the_alphabet_soup_and_the_tomato_sauce_in_the_basket_view_0_0_100_2_350_initstate_0;LIVING_ROOM_SCENE2_put_both_the_alphabet_soup_and_the_tomato_sauce_in_the_basket_view_0_0_100_2_6_initstate_0,Camera Viewpoints;Robot Initial States,2;3,libero_plus:libero_10:289;libero_plus:libero_10:299;libero_plus:libero_10:682;libero_plus:libero_10:685,40,4,1,35,0.875,5,0,0,0.0,0.0,,
libero_plus,family,LIVING_ROOM_SCENE2_put_both_the_alphabet_soup_and_the_tomato_sauce_in_the_basket,libero_10,LIVING_ROOM_SCENE2_put_both_the_alphabet_soup_and_the_tomato_sauce_in_the_basket,LIVING_ROOM_SCENE2_put_both_the_alphabet_soup_and_the_tomato_sauce_in_the_basket_view_0_0_100_0_0_initstate_1;LIVING_ROOM_SCENE2_put_both_the_alphabet_soup_and_the_tomato_sauce_in_the_basket_view_0_0_100_0_0_initstate_171;LIVING_ROOM_SCENE2_put_both_the_alphabet_soup_and_the_tomato_sauce_in_the_basket_view_0_0_100_2_350_initstate_0;LIVING_ROOM_SCENE2_put_both_the_alphabet_soup_and_the_tomato_sauce_in_the_basket_view_0_0_100_2_6_initstate_0,Camera Viewpoints;Robot Initial States,2;3,libero_plus:libero_10:289;libero_plus:libero_10:299;libero_plus:libero_10:682;libero_plus:libero_10:685,40,4,2,34,0.85,5,0,1,-0.025,0.0,-0.075,0.0
libero_plus,family,LIVING_ROOM_SCENE2_put_both_the_alphabet_soup_and_the_tomato_sauce_in_the_basket,libero_10,LIVING_ROOM_SCENE2_put_both_the_alphabet_soup_and_the_tomato_sauce_in_the_basket,LIVING_ROOM_SCENE2_put_both_the_alphabet_soup_and_the_tomato_sauce_in_the_basket_view_0_0_100_0_0_initstate_1;LIVING_ROOM_SCENE2_put_both_the_alphabet_soup_and_the_tomato_sauce_in_the_basket_view_0_0_100_0_0_initstate_171;LIVING_ROOM_SCENE2_put_both_the_alphabet_soup_and_the_tomato_sauce_in_the_basket_view_0_0_100_2_350_initstate_0;LIVING_ROOM_SCENE2_put_both_the_alphabet_soup_and_the_tomato_sauce_in_the_basket_view_0_0_100_2_6_initstate_0,Camera Viewpoints;Robot Initial States,2;3,libero_plus:libero_10:289;libero_plus:libero_10:299;libero_plus:libero_10:682;libero_plus:libero_10:685,40,4,4,36,0.9,5,2,1,0.025,0.4,-0.075,0.15
libero_plus,family,LIVING_ROOM_SCENE2_put_both_the_alphabet_soup_and_the_tomato_sauce_in_the_basket,libero_10,LIVING_ROOM_SCENE2_put_both_the_alphabet_soup_and_the_tomato_sauce_in_the_basket,LIVING_ROOM_SCENE2_put_both_the_alphabet_soup_and_the_tomato_sauce_in_the_basket_view_0_0_100_0_0_initstate_1;LIVING_ROOM_SCENE2_put_both_the_alphabet_soup_and_the_tomato_sauce_in_the_basket_view_0_0_100_0_0_initstate_171;LIVING_ROOM_SCENE2_put_both_the_alphabet_soup_and_the_tomato_sauce_in_the_basket_view_0_0_100_2_350_initstate_0;LIVING_ROOM_SCENE2_put_both_the_alphabet_soup_and_the_tomato_sauce_in_the_basket_view_0_0_100_2_6_initstate_0,Camera Viewpoints;Robot Initial States,2;3,libero_plus:libero_10:289;libero_plus:libero_10:299;libero_plus:libero_10:682;libero_plus:libero_10:685,40,4,10,34,0.85,5,1,2,-0.025,0.2,-0.15,0.075
libero_plus,family,LIVING_ROOM_SCENE2_put_both_the_cream_cheese_box_and_the_butter_in_the_basket,libero_10,LIVING_ROOM_SCENE2_put_both_the_cream_cheese_box_and_the_butter_in_the_basket,LIVING_ROOM_SCENE2_put_both_the_cream_cheese_box_and_the_butter_in_the_basket_view_0_0_100_0_0_initstate_2;LIVING_ROOM_SCENE2_put_both_the_cream_cheese_box_and_the_butter_in_the_basket_view_0_0_100_0_0_initstate_212;LIVING_ROOM_SCENE2_put_both_the_cream_cheese_box_and_the_butter_in_the_basket_view_0_0_100_4_6_initstate_0;LIVING_ROOM_SCENE2_put_both_the_cream_cheese_box_and_the_butter_in_the_basket_view_17_15_100_0_0_initstate_0,Camera Viewpoints;Robot Initial States,2;3,libero_plus:libero_10:330;libero_plus:libero_10:339;libero_plus:libero_10:703;libero_plus:libero_10:711,40,4,1,38,0.95,2,0,0,0.0,0.0,,
libero_plus,family,LIVING_ROOM_SCENE2_put_both_the_cream_cheese_box_and_the_butter_in_the_basket,libero_10,LIVING_ROOM_SCENE2_put_both_the_cream_cheese_box_and_the_butter_in_the_basket,LIVING_ROOM_SCENE2_put_both_the_cream_cheese_box_and_the_butter_in_the_basket_view_0_0_100_0_0_initstate_2;LIVING_ROOM_SCENE2_put_both_the_cream_cheese_box_and_the_butter_in_the_basket_view_0_0_100_0_0_initstate_212;LIVING_ROOM_SCENE2_put_both_the_cream_cheese_box_and_the_butter_in_the_basket_view_0_0_100_4_6_initstate_0;LIVING_ROOM_SCENE2_put_both_the_cream_cheese_box_and_the_butter_in_the_basket_view_17_15_100_0_0_initstate_0,Camera Viewpoints;Robot Initial States,2;3,libero_plus:libero_10:330;libero_plus:libero_10:339;libero_plus:libero_10:703;libero_plus:libero_10:711,40,4,2,40,1.0,2,2,0,0.05,1.0,0.0,0.15
libero_plus,family,LIVING_ROOM_SCENE2_put_both_the_cream_cheese_box_and_the_butter_in_the_basket,libero_10,LIVING_ROOM_SCENE2_put_both_the_cream_cheese_box_and_the_butter_in_the_basket,LIVING_ROOM_SCENE2_put_both_the_cream_cheese_box_and_the_butter_in_the_basket_view_0_0_100_0_0_initstate_2;LIVING_ROOM_SCENE2_put_both_the_cream_cheese_box_and_the_butter_in_the_basket_view_0_0_100_0_0_initstate_212;LIVING_ROOM_SCENE2_put_both_the_cream_cheese_box_and_the_butter_in_the_basket_view_0_0_100_4_6_initstate_0;LIVING_ROOM_SCENE2_put_both_the_cream_cheese_box_and_the_butter_in_the_basket_view_17_15_100_0_0_initstate_0,Camera Viewpoints;Robot Initial States,2;3,libero_plus:libero_10:330;libero_plus:libero_10:339;libero_plus:libero_10:703;libero_plus:libero_10:711,40,4,4,39,0.975,2,2,1,0.025,1.0,0.0,0.075
libero_plus,family,LIVING_ROOM_SCENE2_put_both_the_cream_cheese_box_and_the_butter_in_the_basket,libero_10,LIVING_ROOM_SCENE2_put_both_the_cream_cheese_box_and_the_butter_in_the_basket,LIVING_ROOM_SCENE2_put_both_the_cream_cheese_box_and_the_butter_in_the_basket_view_0_0_100_0_0_initstate_2;LIVING_ROOM_SCENE2_put_both_the_cream_cheese_box_and_the_butter_in_the_basket_view_0_0_100_0_0_initstate_212;LIVING_ROOM_SCENE2_put_both_the_cream_cheese_box_and_the_butter_in_the_basket_view_0_0_100_4_6_initstate_0;LIVING_ROOM_SCENE2_put_both_the_cream_cheese_box_and_the_butter_in_the_basket_view_17_15_100_0_0_initstate_0,Camera Viewpoints;Robot Initial States,2;3,libero_plus:libero_10:330;libero_plus:libero_10:339;libero_plus:libero_10:703;libero_plus:libero_10:711,40,4,10,39,0.975,2,2,1,0.025,1.0,0.0,0.075
libero_plus,family,open_the_middle_drawer_of_the_cabinet,libero_goal,open_the_middle_drawer_of_the_cabinet,open_the_middle_drawer_of_the_cabinet_add_13;open_the_middle_drawer_of_the_cabinet_add_15;open_the_middle_drawer_of_the_cabinet_view_0_0_100_0_0_initstate_1;open_the_middle_drawer_of_the_cabinet_view_0_0_100_0_0_initstate_71;open_the_middle_drawer_of_the_cabinet_view_0_0_100_2_4_initstate_0;open_the_middle_drawer_of_the_cabinet_view_0_0_100_2_6_initstate_0,Camera Viewpoints;Objects Layout;Robot Initial States,2;3,libero_plus:libero_goal:1890;libero_plus:libero_goal:1892;libero_plus:libero_goal:281;libero_plus:libero_goal:284;libero_plus:libero_goal:690;libero_plus:libero_goal:691,60,6,1,58,0.9666666666666667,2,0,0,0.0,0.0,,
libero_plus,family,open_the_middle_drawer_of_the_cabinet,libero_goal,open_the_middle_drawer_of_the_cabinet,open_the_middle_drawer_of_the_cabinet_add_13;open_the_middle_drawer_of_the_cabinet_add_15;open_the_middle_drawer_of_the_cabinet_view_0_0_100_0_0_initstate_1;open_the_middle_drawer_of_the_cabinet_view_0_0_100_0_0_initstate_71;open_the_middle_drawer_of_the_cabinet_view_0_0_100_2_4_initstate_0;open_the_middle_drawer_of_the_cabinet_view_0_0_100_2_6_initstate_0,Camera Viewpoints;Objects Layout;Robot Initial States,2;3,libero_plus:libero_goal:1890;libero_plus:libero_goal:1892;libero_plus:libero_goal:281;libero_plus:libero_goal:284;libero_plus:libero_goal:690;libero_plus:libero_goal:691,60,6,2,59,0.9833333333333333,2,1,0,0.016666666666666666,0.5,0.0,0.05
libero_plus,family,open_the_middle_drawer_of_the_cabinet,libero_goal,open_the_middle_drawer_of_the_cabinet,open_the_middle_drawer_of_the_cabinet_add_13;open_the_middle_drawer_of_the_cabinet_add_15;open_the_middle_drawer_of_the_cabinet_view_0_0_100_0_0_initstate_1;open_the_middle_drawer_of_the_cabinet_view_0_0_100_0_0_initstate_71;open_the_middle_drawer_of_the_cabinet_view_0_0_100_2_4_initstate_0;open_the_middle_drawer_of_the_cabinet_view_0_0_100_2_6_initstate_0,Camera Viewpoints;Objects Layout;Robot Initial States,2;3,libero_plus:libero_goal:1890;libero_plus:libero_goal:1892;libero_plus:libero_goal:281;libero_plus:libero_goal:284;libero_plus:libero_goal:690;libero_plus:libero_goal:691,60,6,4,57,0.95,2,0,1,-0.016666666666666666,0.0,-0.05,0.0
libero_plus,family,open_the_middle_drawer_of_the_cabinet,libero_goal,open_the_middle_drawer_of_the_cabinet,open_the_middle_drawer_of_the_cabinet_add_13;open_the_middle_drawer_of_the_cabinet_add_15;open_the_middle_drawer_of_the_cabinet_view_0_0_100_0_0_initstate_1;open_the_middle_drawer_of_the_cabinet_view_0_0_100_0_0_initstate_71;open_the_middle_drawer_of_the_cabinet_view_0_0_100_2_4_initstate_0;open_the_middle_drawer_of_the_cabinet_view_0_0_100_2_6_initstate_0,Camera Viewpoints;Objects Layout;Robot Initial States,2;3,libero_plus:libero_goal:1890;libero_plus:libero_goal:1892;libero_plus:libero_goal:281;libero_plus:libero_goal:284;libero_plus:libero_goal:690;libero_plus:libero_goal:691,60,6,10,58,0.9666666666666667,2,0,0,0.0,0.0,0.0,0.0
libero_plus,family,open_the_top_drawer_and_put_the_bowl_inside,libero_goal,open_the_top_drawer_and_put_the_bowl_inside,open_the_top_drawer_and_put_the_bowl_inside_add_10;open_the_top_drawer_and_put_the_bowl_inside_add_13,Objects Layout,2;3,libero_plus:libero_goal:1931;libero_plus:libero_goal:1933,20,2,1,19,0.95,1,0,0,0.0,0.0,,
libero_plus,family,open_the_top_drawer_and_put_the_bowl_inside,libero_goal,open_the_top_drawer_and_put_the_bowl_inside,open_the_top_drawer_and_put_the_bowl_inside_add_10;open_the_top_drawer_and_put_the_bowl_inside_add_13,Objects Layout,2;3,libero_plus:libero_goal:1931;libero_plus:libero_goal:1933,20,2,2,20,1.0,1,1,0,0.05,1.0,0.0,0.1
libero_plus,family,open_the_top_drawer_and_put_the_bowl_inside,libero_goal,open_the_top_drawer_and_put_the_bowl_inside,open_the_top_drawer_and_put_the_bowl_inside_add_10;open_the_top_drawer_and_put_the_bowl_inside_add_13,Objects Layout,2;3,libero_plus:libero_goal:1931;libero_plus:libero_goal:1933,20,2,4,20,1.0,1,1,0,0.05,1.0,0.0,0.1
libero_plus,family,open_the_top_drawer_and_put_the_bowl_inside,libero_goal,open_the_top_drawer_and_put_the_bowl_inside,open_the_top_drawer_and_put_the_bowl_inside_add_10;open_the_top_drawer_and_put_the_bowl_inside_add_13,Objects Layout,2;3,libero_plus:libero_goal:1931;libero_plus:libero_goal:1933,20,2,10,20,1.0,1,1,0,0.05,1.0,0.0,0.1
libero_plus,family,pick_up_the_alphabet_soup_and_place_it_in_the_basket,libero_object,pick_up_the_alphabet_soup_and_place_it_in_the_basket,pick_up_the_alphabet_soup_and_place_it_in_the_basket_add_11;pick_up_the_alphabet_soup_and_place_it_in_the_basket_add_18;pick_up_the_alphabet_soup_and_place_it_in_the_basket_view_0_0_100_0_0_initstate_181;pick_up_the_alphabet_soup_and_place_it_in_the_basket_view_0_0_100_0_0_initstate_71;pick_up_the_alphabet_soup_and_place_it_in_the_basket_view_0_0_100_2_6_initstate_0;pick_up_the_alphabet_soup_and_place_it_in_the_basket_view_6_15_100_0_0_initstate_0,Camera Viewpoints;Objects Layout;Robot Initial States,2;3,libero_plus:libero_object:1819;libero_plus:libero_object:1824;libero_plus:libero_object:250;libero_plus:libero_object:258;libero_plus:libero_object:647;libero_plus:libero_object:657,60,6,1,58,0.9666666666666667,2,0,0,0.0,0.0,,
libero_plus,family,pick_up_the_alphabet_soup_and_place_it_in_the_basket,libero_object,pick_up_the_alphabet_soup_and_place_it_in_the_basket,pick_up_the_alphabet_soup_and_place_it_in_the_basket_add_11;pick_up_the_alphabet_soup_and_place_it_in_the_basket_add_18;pick_up_the_alphabet_soup_and_place_it_in_the_basket_view_0_0_100_0_0_initstate_181;pick_up_the_alphabet_soup_and_place_it_in_the_basket_view_0_0_100_0_0_initstate_71;pick_up_the_alphabet_soup_and_place_it_in_the_basket_view_0_0_100_2_6_initstate_0;pick_up_the_alphabet_soup_and_place_it_in_the_basket_view_6_15_100_0_0_initstate_0,Camera Viewpoints;Objects Layout;Robot Initial States,2;3,libero_plus:libero_object:1819;libero_plus:libero_object:1824;libero_plus:libero_object:250;libero_plus:libero_object:258;libero_plus:libero_object:647;libero_plus:libero_object:657,60,6,2,59,0.9833333333333333,2,2,1,0.016666666666666666,1.0,-0.05,0.1
libero_plus,family,pick_up_the_alphabet_soup_and_place_it_in_the_basket,libero_object,pick_up_the_alphabet_soup_and_place_it_in_the_basket,pick_up_the_alphabet_soup_and_place_it_in_the_basket_add_11;pick_up_the_alphabet_soup_and_place_it_in_the_basket_add_18;pick_up_the_alphabet_soup_and_place_it_in_the_basket_view_0_0_100_0_0_initstate_181;pick_up_the_alphabet_soup_and_place_it_in_the_basket_view_0_0_100_0_0_initstate_71;pick_up_the_alphabet_soup_and_place_it_in_the_basket_view_0_0_100_2_6_initstate_0;pick_up_the_alphabet_soup_and_place_it_in_the_basket_view_6_15_100_0_0_initstate_0,Camera Viewpoints;Objects Layout;Robot Initial States,2;3,libero_plus:libero_object:1819;libero_plus:libero_object:1824;libero_plus:libero_object:250;libero_plus:libero_object:258;libero_plus:libero_object:647;libero_plus:libero_object:657,60,6,4,59,0.9833333333333333,2,2,1,0.016666666666666666,1.0,-0.05,0.1
libero_plus,family,pick_up_the_alphabet_soup_and_place_it_in_the_basket,libero_object,pick_up_the_alphabet_soup_and_place_it_in_the_basket,pick_up_the_alphabet_soup_and_place_it_in_the_basket_add_11;pick_up_the_alphabet_soup_and_place_it_in_the_basket_add_18;pick_up_the_alphabet_soup_and_place_it_in_the_basket_view_0_0_100_0_0_initstate_181;pick_up_the_alphabet_soup_and_place_it_in_the_basket_view_0_0_100_0_0_initstate_71;pick_up_the_alphabet_soup_and_place_it_in_the_basket_view_0_0_100_2_6_initstate_0;pick_up_the_alphabet_soup_and_place_it_in_the_basket_view_6_15_100_0_0_initstate_0,Camera Viewpoints;Objects Layout;Robot Initial States,2;3,libero_plus:libero_object:1819;libero_plus:libero_object:1824;libero_plus:libero_object:250;libero_plus:libero_object:258;libero_plus:libero_object:647;libero_plus:libero_object:657,60,6,10,60,1.0,2,2,0,0.03333333333333333,1.0,0.0,0.1
libero_plus,family,pick_up_the_bbq_sauce_and_place_it_in_the_basket,libero_object,pick_up_the_bbq_sauce_and_place_it_in_the_basket,pick_up_the_bbq_sauce_and_place_it_in_the_basket_add_10;pick_up_the_bbq_sauce_and_place_it_in_the_basket_add_15,Objects Layout,2;3,libero_plus:libero_object:1859;libero_plus:libero_object:1863,20,2,1,20,1.0,0,0,0,0.0,,,
libero_plus,family,pick_up_the_bbq_sauce_and_place_it_in_the_basket,libero_object,pick_up_the_bbq_sauce_and_place_it_in_the_basket,pick_up_the_bbq_sauce_and_place_it_in_the_basket_add_10;pick_up_the_bbq_sauce_and_place_it_in_the_basket_add_15,Objects Layout,2;3,libero_plus:libero_object:1859;libero_plus:libero_object:1863,20,2,2,19,0.95,0,0,1,-0.05,,-0.1,0.0
libero_plus,family,pick_up_the_bbq_sauce_and_place_it_in_the_basket,libero_object,pick_up_the_bbq_sauce_and_place_it_in_the_basket,pick_up_the_bbq_sauce_and_place_it_in_the_basket_add_10;pick_up_the_bbq_sauce_and_place_it_in_the_basket_add_15,Objects Layout,2;3,libero_plus:libero_object:1859;libero_plus:libero_object:1863,20,2,4,20,1.0,0,0,0,0.0,,0.0,0.0
libero_plus,family,pick_up_the_bbq_sauce_and_place_it_in_the_basket,libero_object,pick_up_the_bbq_sauce_and_place_it_in_the_basket,pick_up_the_bbq_sauce_and_place_it_in_the_basket_add_10;pick_up_the_bbq_sauce_and_place_it_in_the_basket_add_15,Objects Layout,2;3,libero_plus:libero_object:1859;libero_plus:libero_object:1863,20,2,10,20,1.0,0,0,0,0.0,,0.0,0.0
libero_plus,family,pick_up_the_black_bowl_between_the_plate_and_the_ramekin_and_place_it_on_the_plate,libero_spatial,pick_up_the_black_bowl_between_the_plate_and_the_ramekin_and_place_it_on_the_plate,pick_up_the_black_bowl_between_the_plate_and_the_ramekin_and_place_it_on_the_plate_add_2;pick_up_the_black_bowl_between_the_plate_and_the_ramekin_and_place_it_on_the_plate_level5_sample3;pick_up_the_black_bowl_between_the_plate_and_the_ramekin_and_place_it_on_the_plate_view_0_0_100_0_0_initstate_131;pick_up_the_black_bowl_between_the_plate_and_the_ramekin_and_place_it_on_the_plate_view_0_0_100_0_0_initstate_161;pick_up_the_black_bowl_between_the_plate_and_the_ramekin_and_place_it_on_the_plate_view_13_15_100_0_0_initstate_0,Camera Viewpoints;Objects Layout;Robot Initial States,2;3,libero_plus:libero_spatial:1734;libero_plus:libero_spatial:1767;libero_plus:libero_spatial:262;libero_plus:libero_spatial:265;libero_plus:libero_spatial:611,50,5,1,49,0.98,1,0,0,0.0,0.0,,
libero_plus,family,pick_up_the_black_bowl_between_the_plate_and_the_ramekin_and_place_it_on_the_plate,libero_spatial,pick_up_the_black_bowl_between_the_plate_and_the_ramekin_and_place_it_on_the_plate,pick_up_the_black_bowl_between_the_plate_and_the_ramekin_and_place_it_on_the_plate_add_2;pick_up_the_black_bowl_between_the_plate_and_the_ramekin_and_place_it_on_the_plate_level5_sample3;pick_up_the_black_bowl_between_the_plate_and_the_ramekin_and_place_it_on_the_plate_view_0_0_100_0_0_initstate_131;pick_up_the_black_bowl_between_the_plate_and_the_ramekin_and_place_it_on_the_plate_view_0_0_100_0_0_initstate_161;pick_up_the_black_bowl_between_the_plate_and_the_ramekin_and_place_it_on_the_plate_view_13_15_100_0_0_initstate_0,Camera Viewpoints;Objects Layout;Robot Initial States,2;3,libero_plus:libero_spatial:1734;libero_plus:libero_spatial:1767;libero_plus:libero_spatial:262;libero_plus:libero_spatial:265;libero_plus:libero_spatial:611,50,5,2,49,0.98,1,1,1,0.0,1.0,-0.06,0.06
libero_plus,family,pick_up_the_black_bowl_between_the_plate_and_the_ramekin_and_place_it_on_the_plate,libero_spatial,pick_up_the_black_bowl_between_the_plate_and_the_ramekin_and_place_it_on_the_plate,pick_up_the_black_bowl_between_the_plate_and_the_ramekin_and_place_it_on_the_plate_add_2;pick_up_the_black_bowl_between_the_plate_and_the_ramekin_and_place_it_on_the_plate_level5_sample3;pick_up_the_black_bowl_between_the_plate_and_the_ramekin_and_place_it_on_the_plate_view_0_0_100_0_0_initstate_131;pick_up_the_black_bowl_between_the_plate_and_the_ramekin_and_place_it_on_the_plate_view_0_0_100_0_0_initstate_161;pick_up_the_black_bowl_between_the_plate_and_the_ramekin_and_place_it_on_the_plate_view_13_15_100_0_0_initstate_0,Camera Viewpoints;Objects Layout;Robot Initial States,2;3,libero_plus:libero_spatial:1734;libero_plus:libero_spatial:1767;libero_plus:libero_spatial:262;libero_plus:libero_spatial:265;libero_plus:libero_spatial:611,50,5,4,50,1.0,1,1,0,0.02,1.0,0.0,0.06
libero_plus,family,pick_up_the_black_bowl_between_the_plate_and_the_ramekin_and_place_it_on_the_plate,libero_spatial,pick_up_the_black_bowl_between_the_plate_and_the_ramekin_and_place_it_on_the_plate,pick_up_the_black_bowl_between_the_plate_and_the_ramekin_and_place_it_on_the_plate_add_2;pick_up_the_black_bowl_between_the_plate_and_the_ramekin_and_place_it_on_the_plate_level5_sample3;pick_up_the_black_bowl_between_the_plate_and_the_ramekin_and_place_it_on_the_plate_view_0_0_100_0_0_initstate_131;pick_up_the_black_bowl_between_the_plate_and_the_ramekin_and_place_it_on_the_plate_view_0_0_100_0_0_initstate_161;pick_up_the_black_bowl_between_the_plate_and_the_ramekin_and_place_it_on_the_plate_view_13_15_100_0_0_initstate_0,Camera Viewpoints;Objects Layout;Robot Initial States,2;3,libero_plus:libero_spatial:1734;libero_plus:libero_spatial:1767;libero_plus:libero_spatial:262;libero_plus:libero_spatial:265;libero_plus:libero_spatial:611,50,5,10,49,0.98,1,1,1,0.0,1.0,-0.06,0.06
libero_plus,family,pick_up_the_black_bowl_from_table_center_and_place_it_on_the_plate,libero_spatial,pick_up_the_black_bowl_from_table_center_and_place_it_on_the_plate,pick_up_the_black_bowl_from_table_center_and_place_it_on_the_plate_add_15,Objects Layout,3,libero_plus:libero_spatial:1772,10,1,1,10,1.0,0,0,0,0.0,,,
libero_plus,family,pick_up_the_black_bowl_from_table_center_and_place_it_on_the_plate,libero_spatial,pick_up_the_black_bowl_from_table_center_and_place_it_on_the_plate,pick_up_the_black_bowl_from_table_center_and_place_it_on_the_plate_add_15,Objects Layout,3,libero_plus:libero_spatial:1772,10,1,2,10,1.0,0,0,0,0.0,,,
libero_plus,family,pick_up_the_black_bowl_from_table_center_and_place_it_on_the_plate,libero_spatial,pick_up_the_black_bowl_from_table_center_and_place_it_on_the_plate,pick_up_the_black_bowl_from_table_center_and_place_it_on_the_plate_add_15,Objects Layout,3,libero_plus:libero_spatial:1772,10,1,4,10,1.0,0,0,0,0.0,,,
libero_plus,family,pick_up_the_black_bowl_from_table_center_and_place_it_on_the_plate,libero_spatial,pick_up_the_black_bowl_from_table_center_and_place_it_on_the_plate,pick_up_the_black_bowl_from_table_center_and_place_it_on_the_plate_add_15,Objects Layout,3,libero_plus:libero_spatial:1772,10,1,10,10,1.0,0,0,0,0.0,,,
libero_plus,family,pick_up_the_black_bowl_next_to_the_plate_and_place_it_on_the_plate,libero_spatial,pick_up_the_black_bowl_next_to_the_plate_and_place_it_on_the_plate,pick_up_the_black_bowl_next_to_the_plate_and_place_it_on_the_plate_level1_sample1,Objects Layout,2,libero_plus:libero_spatial:1893,10,1,1,10,1.0,0,0,0,0.0,,,
libero_plus,family,pick_up_the_black_bowl_next_to_the_plate_and_place_it_on_the_plate,libero_spatial,pick_up_the_black_bowl_next_to_the_plate_and_place_it_on_the_plate,pick_up_the_black_bowl_next_to_the_plate_and_place_it_on_the_plate_level1_sample1,Objects Layout,2,libero_plus:libero_spatial:1893,10,1,2,10,1.0,0,0,0,0.0,,,
libero_plus,family,pick_up_the_black_bowl_next_to_the_plate_and_place_it_on_the_plate,libero_spatial,pick_up_the_black_bowl_next_to_the_plate_and_place_it_on_the_plate,pick_up_the_black_bowl_next_to_the_plate_and_place_it_on_the_plate_level1_sample1,Objects Layout,2,libero_plus:libero_spatial:1893,10,1,4,10,1.0,0,0,0,0.0,,,
libero_plus,family,pick_up_the_black_bowl_next_to_the_plate_and_place_it_on_the_plate,libero_spatial,pick_up_the_black_bowl_next_to_the_plate_and_place_it_on_the_plate,pick_up_the_black_bowl_next_to_the_plate_and_place_it_on_the_plate_level1_sample1,Objects Layout,2,libero_plus:libero_spatial:1893,10,1,10,10,1.0,0,0,0,0.0,,,
libero_plus,family,pick_up_the_black_bowl_next_to_the_ramekin_and_place_it_on_the_plate,libero_spatial,pick_up_the_black_bowl_next_to_the_ramekin_and_place_it_on_the_plate,pick_up_the_black_bowl_next_to_the_ramekin_and_place_it_on_the_plate_view_0_0_100_0_0_initstate_112;pick_up_the_black_bowl_next_to_the_ramekin_and_place_it_on_the_plate_view_0_0_100_0_0_initstate_252;pick_up_the_black_bowl_next_to_the_ramekin_and_place_it_on_the_plate_view_0_0_115_0_0_initstate_0;pick_up_the_black_bowl_next_to_the_ramekin_and_place_it_on_the_plate_view_0_0_120_0_0_initstate_0,Camera Viewpoints;Robot Initial States,2;3,libero_plus:libero_spatial:293;libero_plus:libero_spatial:304;libero_plus:libero_spatial:614;libero_plus:libero_spatial:616,40,4,1,40,1.0,0,0,0,0.0,,,
libero_plus,family,pick_up_the_black_bowl_next_to_the_ramekin_and_place_it_on_the_plate,libero_spatial,pick_up_the_black_bowl_next_to_the_ramekin_and_place_it_on_the_plate,pick_up_the_black_bowl_next_to_the_ramekin_and_place_it_on_the_plate_view_0_0_100_0_0_initstate_112;pick_up_the_black_bowl_next_to_the_ramekin_and_place_it_on_the_plate_view_0_0_100_0_0_initstate_252;pick_up_the_black_bowl_next_to_the_ramekin_and_place_it_on_the_plate_view_0_0_115_0_0_initstate_0;pick_up_the_black_bowl_next_to_the_ramekin_and_place_it_on_the_plate_view_0_0_120_0_0_initstate_0,Camera Viewpoints;Robot Initial States,2;3,libero_plus:libero_spatial:293;libero_plus:libero_spatial:304;libero_plus:libero_spatial:614;libero_plus:libero_spatial:616,40,4,2,40,1.0,0,0,0,0.0,,0.0,0.0
libero_plus,family,pick_up_the_black_bowl_next_to_the_ramekin_and_place_it_on_the_plate,libero_spatial,pick_up_the_black_bowl_next_to_the_ramekin_and_place_it_on_the_plate,pick_up_the_black_bowl_next_to_the_ramekin_and_place_it_on_the_plate_view_0_0_100_0_0_initstate_112;pick_up_the_black_bowl_next_to_the_ramekin_and_place_it_on_the_plate_view_0_0_100_0_0_initstate_252;pick_up_the_black_bowl_next_to_the_ramekin_and_place_it_on_the_plate_view_0_0_115_0_0_initstate_0;pick_up_the_black_bowl_next_to_the_ramekin_and_place_it_on_the_plate_view_0_0_120_0_0_initstate_0,Camera Viewpoints;Robot Initial States,2;3,libero_plus:libero_spatial:293;libero_plus:libero_spatial:304;libero_plus:libero_spatial:614;libero_plus:libero_spatial:616,40,4,4,40,1.0,0,0,0,0.0,,0.0,0.0
libero_plus,family,pick_up_the_black_bowl_next_to_the_ramekin_and_place_it_on_the_plate,libero_spatial,pick_up_the_black_bowl_next_to_the_ramekin_and_place_it_on_the_plate,pick_up_the_black_bowl_next_to_the_ramekin_and_place_it_on_the_plate_view_0_0_100_0_0_initstate_112;pick_up_the_black_bowl_next_to_the_ramekin_and_place_it_on_the_plate_view_0_0_100_0_0_initstate_252;pick_up_the_black_bowl_next_to_the_ramekin_and_place_it_on_the_plate_view_0_0_115_0_0_initstate_0;pick_up_the_black_bowl_next_to_the_ramekin_and_place_it_on_the_plate_view_0_0_120_0_0_initstate_0,Camera Viewpoints;Robot Initial States,2;3,libero_plus:libero_spatial:293;libero_plus:libero_spatial:304;libero_plus:libero_spatial:614;libero_plus:libero_spatial:616,40,4,10,40,1.0,0,0,0,0.0,,0.0,0.0
libero_plus,family,pick_up_the_black_bowl_on_the_cookie_box_and_place_it_on_the_plate,libero_spatial,pick_up_the_black_bowl_on_the_cookie_box_and_place_it_on_the_plate,pick_up_the_black_bowl_on_the_cookie_box_and_place_it_on_the_plate_view_58_0_100_0_0_initstate_0,Camera Viewpoints,3,libero_plus:libero_spatial:729,10,1,1,10,1.0,0,0,0,0.0,,,
libero_plus,family,pick_up_the_black_bowl_on_the_cookie_box_and_place_it_on_the_plate,libero_spatial,pick_up_the_black_bowl_on_the_cookie_box_and_place_it_on_the_plate,pick_up_the_black_bowl_on_the_cookie_box_and_place_it_on_the_plate_view_58_0_100_0_0_initstate_0,Camera Viewpoints,3,libero_plus:libero_spatial:729,10,1,2,9,0.9,0,0,1,-0.1,,,
libero_plus,family,pick_up_the_black_bowl_on_the_cookie_box_and_place_it_on_the_plate,libero_spatial,pick_up_the_black_bowl_on_the_cookie_box_and_place_it_on_the_plate,pick_up_the_black_bowl_on_the_cookie_box_and_place_it_on_the_plate_view_58_0_100_0_0_initstate_0,Camera Viewpoints,3,libero_plus:libero_spatial:729,10,1,4,8,0.8,0,0,2,-0.2,,,
libero_plus,family,pick_up_the_black_bowl_on_the_cookie_box_and_place_it_on_the_plate,libero_spatial,pick_up_the_black_bowl_on_the_cookie_box_and_place_it_on_the_plate,pick_up_the_black_bowl_on_the_cookie_box_and_place_it_on_the_plate_view_58_0_100_0_0_initstate_0,Camera Viewpoints,3,libero_plus:libero_spatial:729,10,1,10,9,0.9,0,0,1,-0.1,,,
libero_plus,family,pick_up_the_cream_cheese_and_place_it_in_the_basket,libero_object,pick_up_the_cream_cheese_and_place_it_in_the_basket,pick_up_the_cream_cheese_and_place_it_in_the_basket_view_0_0_100_0_0_initstate_2;pick_up_the_cream_cheese_and_place_it_in_the_basket_view_0_0_100_0_0_initstate_62;pick_up_the_cream_cheese_and_place_it_in_the_basket_view_0_0_100_4_10_initstate_0;pick_up_the_cream_cheese_and_place_it_in_the_basket_view_0_0_119_0_0_initstate_0,Camera Viewpoints;Robot Initial States,2;3,libero_plus:libero_object:290;libero_plus:libero_object:292;libero_plus:libero_object:668;libero_plus:libero_object:672,40,4,1,32,0.8,8,0,0,0.0,0.0,,
libero_plus,family,pick_up_the_cream_cheese_and_place_it_in_the_basket,libero_object,pick_up_the_cream_cheese_and_place_it_in_the_basket,pick_up_the_cream_cheese_and_place_it_in_the_basket_view_0_0_100_0_0_initstate_2;pick_up_the_cream_cheese_and_place_it_in_the_basket_view_0_0_100_0_0_initstate_62;pick_up_the_cream_cheese_and_place_it_in_the_basket_view_0_0_100_4_10_initstate_0;pick_up_the_cream_cheese_and_place_it_in_the_basket_view_0_0_119_0_0_initstate_0,Camera Viewpoints;Robot Initial States,2;3,libero_plus:libero_object:290;libero_plus:libero_object:292;libero_plus:libero_object:668;libero_plus:libero_object:672,40,4,2,34,0.85,8,4,2,0.05,0.5,-0.05,0.15
libero_plus,family,pick_up_the_cream_cheese_and_place_it_in_the_basket,libero_object,pick_up_the_cream_cheese_and_place_it_in_the_basket,pick_up_the_cream_cheese_and_place_it_in_the_basket_view_0_0_100_0_0_initstate_2;pick_up_the_cream_cheese_and_place_it_in_the_basket_view_0_0_100_0_0_initstate_62;pick_up_the_cream_cheese_and_place_it_in_the_basket_view_0_0_100_4_10_initstate_0;pick_up_the_cream_cheese_and_place_it_in_the_basket_view_0_0_119_0_0_initstate_0,Camera Viewpoints;Robot Initial States,2;3,libero_plus:libero_object:290;libero_plus:libero_object:292;libero_plus:libero_object:668;libero_plus:libero_object:672,40,4,4,34,0.85,8,4,2,0.05,0.5,-0.05,0.15
libero_plus,family,pick_up_the_cream_cheese_and_place_it_in_the_basket,libero_object,pick_up_the_cream_cheese_and_place_it_in_the_basket,pick_up_the_cream_cheese_and_place_it_in_the_basket_view_0_0_100_0_0_initstate_2;pick_up_the_cream_cheese_and_place_it_in_the_basket_view_0_0_100_0_0_initstate_62;pick_up_the_cream_cheese_and_place_it_in_the_basket_view_0_0_100_4_10_initstate_0;pick_up_the_cream_cheese_and_place_it_in_the_basket_view_0_0_119_0_0_initstate_0,Camera Viewpoints;Robot Initial States,2;3,libero_plus:libero_object:290;libero_plus:libero_object:292;libero_plus:libero_object:668;libero_plus:libero_object:672,40,4,10,35,0.875,8,4,1,0.075,0.5,0.0,0.15
libero_plus,family,put_the_bowl_on_the_stove,libero_goal,put_the_bowl_on_the_stove,put_the_bowl_on_the_stove_view_0_0_100_0_0_initstate_112;put_the_bowl_on_the_stove_view_0_0_100_0_0_initstate_132;put_the_bowl_on_the_stove_view_16_15_100_0_0_initstate_0;put_the_bowl_on_the_stove_view_22_15_100_0_0_initstate_0,Camera Viewpoints;Robot Initial States,2;3,libero_plus:libero_goal:328;libero_plus:libero_goal:329;libero_plus:libero_goal:718;libero_plus:libero_goal:727,40,4,1,40,1.0,0,0,0,0.0,,,
libero_plus,family,put_the_bowl_on_the_stove,libero_goal,put_the_bowl_on_the_stove,put_the_bowl_on_the_stove_view_0_0_100_0_0_initstate_112;put_the_bowl_on_the_stove_view_0_0_100_0_0_initstate_132;put_the_bowl_on_the_stove_view_16_15_100_0_0_initstate_0;put_the_bowl_on_the_stove_view_22_15_100_0_0_initstate_0,Camera Viewpoints;Robot Initial States,2;3,libero_plus:libero_goal:328;libero_plus:libero_goal:329;libero_plus:libero_goal:718;libero_plus:libero_goal:727,40,4,2,37,0.925,0,0,3,-0.075,,-0.15,0.0
libero_plus,family,put_the_bowl_on_the_stove,libero_goal,put_the_bowl_on_the_stove,put_the_bowl_on_the_stove_view_0_0_100_0_0_initstate_112;put_the_bowl_on_the_stove_view_0_0_100_0_0_initstate_132;put_the_bowl_on_the_stove_view_16_15_100_0_0_initstate_0;put_the_bowl_on_the_stove_view_22_15_100_0_0_initstate_0,Camera Viewpoints;Robot Initial States,2;3,libero_plus:libero_goal:328;libero_plus:libero_goal:329;libero_plus:libero_goal:718;libero_plus:libero_goal:727,40,4,4,38,0.95,0,0,2,-0.05,,-0.15,0.0
libero_plus,family,put_the_bowl_on_the_stove,libero_goal,put_the_bowl_on_the_stove,put_the_bowl_on_the_stove_view_0_0_100_0_0_initstate_112;put_the_bowl_on_the_stove_view_0_0_100_0_0_initstate_132;put_the_bowl_on_the_stove_view_16_15_100_0_0_initstate_0;put_the_bowl_on_the_stove_view_22_15_100_0_0_initstate_0,Camera Viewpoints;Robot Initial States,2;3,libero_plus:libero_goal:328;libero_plus:libero_goal:329;libero_plus:libero_goal:718;libero_plus:libero_goal:727,40,4,10,39,0.975,0,0,1,-0.025,,-0.075,0.0
libero_plus,task_identity,KITCHEN_SCENE3_turn_on_the_stove_and_put_the_moka_pot_on_it_add_25,libero_10,KITCHEN_SCENE3_turn_on_the_stove_and_put_the_moka_pot_on_it,KITCHEN_SCENE3_turn_on_the_stove_and_put_the_moka_pot_on_it_add_25,Objects Layout,2,libero_plus:libero_10:1940,10,1,1,6,0.6,4,0,0,0.0,0.0,,
libero_plus,task_identity,KITCHEN_SCENE3_turn_on_the_stove_and_put_the_moka_pot_on_it_add_25,libero_10,KITCHEN_SCENE3_turn_on_the_stove_and_put_the_moka_pot_on_it,KITCHEN_SCENE3_turn_on_the_stove_and_put_the_moka_pot_on_it_add_25,Objects Layout,2,libero_plus:libero_10:1940,10,1,2,9,0.9,4,3,0,0.3,0.75,,
libero_plus,task_identity,KITCHEN_SCENE3_turn_on_the_stove_and_put_the_moka_pot_on_it_add_25,libero_10,KITCHEN_SCENE3_turn_on_the_stove_and_put_the_moka_pot_on_it,KITCHEN_SCENE3_turn_on_the_stove_and_put_the_moka_pot_on_it_add_25,Objects Layout,2,libero_plus:libero_10:1940,10,1,4,8,0.8,4,3,1,0.2,0.75,,
libero_plus,task_identity,KITCHEN_SCENE3_turn_on_the_stove_and_put_the_moka_pot_on_it_add_25,libero_10,KITCHEN_SCENE3_turn_on_the_stove_and_put_the_moka_pot_on_it,KITCHEN_SCENE3_turn_on_the_stove_and_put_the_moka_pot_on_it_add_25,Objects Layout,2,libero_plus:libero_10:1940,10,1,10,10,1.0,4,4,0,0.4,1.0,,
libero_plus,task_identity,KITCHEN_SCENE3_turn_on_the_stove_and_put_the_moka_pot_on_it_level5_sample3,libero_10,KITCHEN_SCENE3_turn_on_the_stove_and_put_the_moka_pot_on_it,KITCHEN_SCENE3_turn_on_the_stove_and_put_the_moka_pot_on_it_level5_sample3,Objects Layout,3,libero_plus:libero_10:1957,10,1,1,9,0.9,1,0,0,0.0,0.0,,
libero_plus,task_identity,KITCHEN_SCENE3_turn_on_the_stove_and_put_the_moka_pot_on_it_level5_sample3,libero_10,KITCHEN_SCENE3_turn_on_the_stove_and_put_the_moka_pot_on_it,KITCHEN_SCENE3_turn_on_the_stove_and_put_the_moka_pot_on_it_level5_sample3,Objects Layout,3,libero_plus:libero_10:1957,10,1,2,7,0.7,1,1,3,-0.2,1.0,,
libero_plus,task_identity,KITCHEN_SCENE3_turn_on_the_stove_and_put_the_moka_pot_on_it_level5_sample3,libero_10,KITCHEN_SCENE3_turn_on_the_stove_and_put_the_moka_pot_on_it,KITCHEN_SCENE3_turn_on_the_stove_and_put_the_moka_pot_on_it_level5_sample3,Objects Layout,3,libero_plus:libero_10:1957,10,1,4,10,1.0,1,1,0,0.1,1.0,,
libero_plus,task_identity,KITCHEN_SCENE3_turn_on_the_stove_and_put_the_moka_pot_on_it_level5_sample3,libero_10,KITCHEN_SCENE3_turn_on_the_stove_and_put_the_moka_pot_on_it,KITCHEN_SCENE3_turn_on_the_stove_and_put_the_moka_pot_on_it_level5_sample3,Objects Layout,3,libero_plus:libero_10:1957,10,1,10,10,1.0,1,1,0,0.1,1.0,,
libero_plus,task_identity,KITCHEN_SCENE4_put_the_black_bowl_in_the_bottom_drawer_of_the_cabinet_and_close_it_add_15,libero_10,KITCHEN_SCENE4_put_the_black_bowl_in_the_bottom_drawer_of_the_cabinet_and_close_it,KITCHEN_SCENE4_put_the_black_bowl_in_the_bottom_drawer_of_the_cabinet_and_close_it_add_15,Objects Layout,2,libero_plus:libero_10:1961,10,1,1,10,1.0,0,0,0,0.0,,,
libero_plus,task_identity,KITCHEN_SCENE4_put_the_black_bowl_in_the_bottom_drawer_of_the_cabinet_and_close_it_add_15,libero_10,KITCHEN_SCENE4_put_the_black_bowl_in_the_bottom_drawer_of_the_cabinet_and_close_it,KITCHEN_SCENE4_put_the_black_bowl_in_the_bottom_drawer_of_the_cabinet_and_close_it_add_15,Objects Layout,2,libero_plus:libero_10:1961,10,1,2,10,1.0,0,0,0,0.0,,,
libero_plus,task_identity,KITCHEN_SCENE4_put_the_black_bowl_in_the_bottom_drawer_of_the_cabinet_and_close_it_add_15,libero_10,KITCHEN_SCENE4_put_the_black_bowl_in_the_bottom_drawer_of_the_cabinet_and_close_it,KITCHEN_SCENE4_put_the_black_bowl_in_the_bottom_drawer_of_the_cabinet_and_close_it_add_15,Objects Layout,2,libero_plus:libero_10:1961,10,1,4,10,1.0,0,0,0,0.0,,,
libero_plus,task_identity,KITCHEN_SCENE4_put_the_black_bowl_in_the_bottom_drawer_of_the_cabinet_and_close_it_add_15,libero_10,KITCHEN_SCENE4_put_the_black_bowl_in_the_bottom_drawer_of_the_cabinet_and_close_it,KITCHEN_SCENE4_put_the_black_bowl_in_the_bottom_drawer_of_the_cabinet_and_close_it_add_15,Objects Layout,2,libero_plus:libero_10:1961,10,1,10,10,1.0,0,0,0,0.0,,,
libero_plus,task_identity,KITCHEN_SCENE4_put_the_black_bowl_in_the_bottom_drawer_of_the_cabinet_and_close_it_level3_sample1,libero_10,KITCHEN_SCENE4_put_the_black_bowl_in_the_bottom_drawer_of_the_cabinet_and_close_it,KITCHEN_SCENE4_put_the_black_bowl_in_the_bottom_drawer_of_the_cabinet_and_close_it_level3_sample1,Objects Layout,3,libero_plus:libero_10:1974,10,1,1,10,1.0,0,0,0,0.0,,,
libero_plus,task_identity,KITCHEN_SCENE4_put_the_black_bowl_in_the_bottom_drawer_of_the_cabinet_and_close_it_level3_sample1,libero_10,KITCHEN_SCENE4_put_the_black_bowl_in_the_bottom_drawer_of_the_cabinet_and_close_it,KITCHEN_SCENE4_put_the_black_bowl_in_the_bottom_drawer_of_the_cabinet_and_close_it_level3_sample1,Objects Layout,3,libero_plus:libero_10:1974,10,1,2,10,1.0,0,0,0,0.0,,,
libero_plus,task_identity,KITCHEN_SCENE4_put_the_black_bowl_in_the_bottom_drawer_of_the_cabinet_and_close_it_level3_sample1,libero_10,KITCHEN_SCENE4_put_the_black_bowl_in_the_bottom_drawer_of_the_cabinet_and_close_it,KITCHEN_SCENE4_put_the_black_bowl_in_the_bottom_drawer_of_the_cabinet_and_close_it_level3_sample1,Objects Layout,3,libero_plus:libero_10:1974,10,1,4,10,1.0,0,0,0,0.0,,,
libero_plus,task_identity,KITCHEN_SCENE4_put_the_black_bowl_in_the_bottom_drawer_of_the_cabinet_and_close_it_level3_sample1,libero_10,KITCHEN_SCENE4_put_the_black_bowl_in_the_bottom_drawer_of_the_cabinet_and_close_it,KITCHEN_SCENE4_put_the_black_bowl_in_the_bottom_drawer_of_the_cabinet_and_close_it_level3_sample1,Objects Layout,3,libero_plus:libero_10:1974,10,1,10,10,1.0,0,0,0,0.0,,,
libero_plus,task_identity,LIVING_ROOM_SCENE2_put_both_the_alphabet_soup_and_the_tomato_sauce_in_the_basket_view_0_0_100_0_0_initstate_1,libero_10,LIVING_ROOM_SCENE2_put_both_the_alphabet_soup_and_the_tomato_sauce_in_the_basket,LIVING_ROOM_SCENE2_put_both_the_alphabet_soup_and_the_tomato_sauce_in_the_basket_view_0_0_100_0_0_initstate_1,Robot Initial States,2,libero_plus:libero_10:289,10,1,1,10,1.0,0,0,0,0.0,,,
libero_plus,task_identity,LIVING_ROOM_SCENE2_put_both_the_alphabet_soup_and_the_tomato_sauce_in_the_basket_view_0_0_100_0_0_initstate_1,libero_10,LIVING_ROOM_SCENE2_put_both_the_alphabet_soup_and_the_tomato_sauce_in_the_basket,LIVING_ROOM_SCENE2_put_both_the_alphabet_soup_and_the_tomato_sauce_in_the_basket_view_0_0_100_0_0_initstate_1,Robot Initial States,2,libero_plus:libero_10:289,10,1,2,10,1.0,0,0,0,0.0,,,
libero_plus,task_identity,LIVING_ROOM_SCENE2_put_both_the_alphabet_soup_and_the_tomato_sauce_in_the_basket_view_0_0_100_0_0_initstate_1,libero_10,LIVING_ROOM_SCENE2_put_both_the_alphabet_soup_and_the_tomato_sauce_in_the_basket,LIVING_ROOM_SCENE2_put_both_the_alphabet_soup_and_the_tomato_sauce_in_the_basket_view_0_0_100_0_0_initstate_1,Robot Initial States,2,libero_plus:libero_10:289,10,1,4,10,1.0,0,0,0,0.0,,,
libero_plus,task_identity,LIVING_ROOM_SCENE2_put_both_the_alphabet_soup_and_the_tomato_sauce_in_the_basket_view_0_0_100_0_0_initstate_1,libero_10,LIVING_ROOM_SCENE2_put_both_the_alphabet_soup_and_the_tomato_sauce_in_the_basket,LIVING_ROOM_SCENE2_put_both_the_alphabet_soup_and_the_tomato_sauce_in_the_basket_view_0_0_100_0_0_initstate_1,Robot Initial States,2,libero_plus:libero_10:289,10,1,10,10,1.0,0,0,0,0.0,,,
libero_plus,task_identity,LIVING_ROOM_SCENE2_put_both_the_alphabet_soup_and_the_tomato_sauce_in_the_basket_view_0_0_100_0_0_initstate_171,libero_10,LIVING_ROOM_SCENE2_put_both_the_alphabet_soup_and_the_tomato_sauce_in_the_basket,LIVING_ROOM_SCENE2_put_both_the_alphabet_soup_and_the_tomato_sauce_in_the_basket_view_0_0_100_0_0_initstate_171,Robot Initial States,3,libero_plus:libero_10:299,10,1,1,5,0.5,5,0,0,0.0,0.0,,
libero_plus,task_identity,LIVING_ROOM_SCENE2_put_both_the_alphabet_soup_and_the_tomato_sauce_in_the_basket_view_0_0_100_0_0_initstate_171,libero_10,LIVING_ROOM_SCENE2_put_both_the_alphabet_soup_and_the_tomato_sauce_in_the_basket,LIVING_ROOM_SCENE2_put_both_the_alphabet_soup_and_the_tomato_sauce_in_the_basket_view_0_0_100_0_0_initstate_171,Robot Initial States,3,libero_plus:libero_10:299,10,1,2,5,0.5,5,0,0,0.0,0.0,,
libero_plus,task_identity,LIVING_ROOM_SCENE2_put_both_the_alphabet_soup_and_the_tomato_sauce_in_the_basket_view_0_0_100_0_0_initstate_171,libero_10,LIVING_ROOM_SCENE2_put_both_the_alphabet_soup_and_the_tomato_sauce_in_the_basket,LIVING_ROOM_SCENE2_put_both_the_alphabet_soup_and_the_tomato_sauce_in_the_basket_view_0_0_100_0_0_initstate_171,Robot Initial States,3,libero_plus:libero_10:299,10,1,4,7,0.7,5,2,0,0.2,0.4,,
libero_plus,task_identity,LIVING_ROOM_SCENE2_put_both_the_alphabet_soup_and_the_tomato_sauce_in_the_basket_view_0_0_100_0_0_initstate_171,libero_10,LIVING_ROOM_SCENE2_put_both_the_alphabet_soup_and_the_tomato_sauce_in_the_basket,LIVING_ROOM_SCENE2_put_both_the_alphabet_soup_and_the_tomato_sauce_in_the_basket_view_0_0_100_0_0_initstate_171,Robot Initial States,3,libero_plus:libero_10:299,10,1,10,6,0.6,5,1,0,0.1,0.2,,
libero_plus,task_identity,LIVING_ROOM_SCENE2_put_both_the_alphabet_soup_and_the_tomato_sauce_in_the_basket_view_0_0_100_2_350_initstate_0,libero_10,LIVING_ROOM_SCENE2_put_both_the_alphabet_soup_and_the_tomato_sauce_in_the_basket,LIVING_ROOM_SCENE2_put_both_the_alphabet_soup_and_the_tomato_sauce_in_the_basket_view_0_0_100_2_350_initstate_0,Camera Viewpoints,2,libero_plus:libero_10:685,10,1,1,10,1.0,0,0,0,0.0,,,
libero_plus,task_identity,LIVING_ROOM_SCENE2_put_both_the_alphabet_soup_and_the_tomato_sauce_in_the_basket_view_0_0_100_2_350_initstate_0,libero_10,LIVING_ROOM_SCENE2_put_both_the_alphabet_soup_and_the_tomato_sauce_in_the_basket,LIVING_ROOM_SCENE2_put_both_the_alphabet_soup_and_the_tomato_sauce_in_the_basket_view_0_0_100_2_350_initstate_0,Camera Viewpoints,2,libero_plus:libero_10:685,10,1,2,9,0.9,0,0,1,-0.1,,,
libero_plus,task_identity,LIVING_ROOM_SCENE2_put_both_the_alphabet_soup_and_the_tomato_sauce_in_the_basket_view_0_0_100_2_350_initstate_0,libero_10,LIVING_ROOM_SCENE2_put_both_the_alphabet_soup_and_the_tomato_sauce_in_the_basket,LIVING_ROOM_SCENE2_put_both_the_alphabet_soup_and_the_tomato_sauce_in_the_basket_view_0_0_100_2_350_initstate_0,Camera Viewpoints,2,libero_plus:libero_10:685,10,1,4,9,0.9,0,0,1,-0.1,,,
libero_plus,task_identity,LIVING_ROOM_SCENE2_put_both_the_alphabet_soup_and_the_tomato_sauce_in_the_basket_view_0_0_100_2_350_initstate_0,libero_10,LIVING_ROOM_SCENE2_put_both_the_alphabet_soup_and_the_tomato_sauce_in_the_basket,LIVING_ROOM_SCENE2_put_both_the_alphabet_soup_and_the_tomato_sauce_in_the_basket_view_0_0_100_2_350_initstate_0,Camera Viewpoints,2,libero_plus:libero_10:685,10,1,10,8,0.8,0,0,2,-0.2,,,
libero_plus,task_identity,LIVING_ROOM_SCENE2_put_both_the_alphabet_soup_and_the_tomato_sauce_in_the_basket_view_0_0_100_2_6_initstate_0,libero_10,LIVING_ROOM_SCENE2_put_both_the_alphabet_soup_and_the_tomato_sauce_in_the_basket,LIVING_ROOM_SCENE2_put_both_the_alphabet_soup_and_the_tomato_sauce_in_the_basket_view_0_0_100_2_6_initstate_0,Camera Viewpoints,3,libero_plus:libero_10:682,10,1,1,10,1.0,0,0,0,0.0,,,
libero_plus,task_identity,LIVING_ROOM_SCENE2_put_both_the_alphabet_soup_and_the_tomato_sauce_in_the_basket_view_0_0_100_2_6_initstate_0,libero_10,LIVING_ROOM_SCENE2_put_both_the_alphabet_soup_and_the_tomato_sauce_in_the_basket,LIVING_ROOM_SCENE2_put_both_the_alphabet_soup_and_the_tomato_sauce_in_the_basket_view_0_0_100_2_6_initstate_0,Camera Viewpoints,3,libero_plus:libero_10:682,10,1,2,10,1.0,0,0,0,0.0,,,
libero_plus,task_identity,LIVING_ROOM_SCENE2_put_both_the_alphabet_soup_and_the_tomato_sauce_in_the_basket_view_0_0_100_2_6_initstate_0,libero_10,LIVING_ROOM_SCENE2_put_both_the_alphabet_soup_and_the_tomato_sauce_in_the_basket,LIVING_ROOM_SCENE2_put_both_the_alphabet_soup_and_the_tomato_sauce_in_the_basket_view_0_0_100_2_6_initstate_0,Camera Viewpoints,3,libero_plus:libero_10:682,10,1,4,10,1.0,0,0,0,0.0,,,
libero_plus,task_identity,LIVING_ROOM_SCENE2_put_both_the_alphabet_soup_and_the_tomato_sauce_in_the_basket_view_0_0_100_2_6_initstate_0,libero_10,LIVING_ROOM_SCENE2_put_both_the_alphabet_soup_and_the_tomato_sauce_in_the_basket,LIVING_ROOM_SCENE2_put_both_the_alphabet_soup_and_the_tomato_sauce_in_the_basket_view_0_0_100_2_6_initstate_0,Camera Viewpoints,3,libero_plus:libero_10:682,10,1,10,10,1.0,0,0,0,0.0,,,
libero_plus,task_identity,LIVING_ROOM_SCENE2_put_both_the_cream_cheese_box_and_the_butter_in_the_basket_view_0_0_100_0_0_initstate_2,libero_10,LIVING_ROOM_SCENE2_put_both_the_cream_cheese_box_and_the_butter_in_the_basket,LIVING_ROOM_SCENE2_put_both_the_cream_cheese_box_and_the_butter_in_the_basket_view_0_0_100_0_0_initstate_2,Robot Initial States,2,libero_plus:libero_10:330,10,1,1,10,1.0,0,0,0,0.0,,,
libero_plus,task_identity,LIVING_ROOM_SCENE2_put_both_the_cream_cheese_box_and_the_butter_in_the_basket_view_0_0_100_0_0_initstate_2,libero_10,LIVING_ROOM_SCENE2_put_both_the_cream_cheese_box_and_the_butter_in_the_basket,LIVING_ROOM_SCENE2_put_both_the_cream_cheese_box_and_the_butter_in_the_basket_view_0_0_100_0_0_initstate_2,Robot Initial States,2,libero_plus:libero_10:330,10,1,2,10,1.0,0,0,0,0.0,,,
libero_plus,task_identity,LIVING_ROOM_SCENE2_put_both_the_cream_cheese_box_and_the_butter_in_the_basket_view_0_0_100_0_0_initstate_2,libero_10,LIVING_ROOM_SCENE2_put_both_the_cream_cheese_box_and_the_butter_in_the_basket,LIVING_ROOM_SCENE2_put_both_the_cream_cheese_box_and_the_butter_in_the_basket_view_0_0_100_0_0_initstate_2,Robot Initial States,2,libero_plus:libero_10:330,10,1,4,10,1.0,0,0,0,0.0,,,
libero_plus,task_identity,LIVING_ROOM_SCENE2_put_both_the_cream_cheese_box_and_the_butter_in_the_basket_view_0_0_100_0_0_initstate_2,libero_10,LIVING_ROOM_SCENE2_put_both_the_cream_cheese_box_and_the_butter_in_the_basket,LIVING_ROOM_SCENE2_put_both_the_cream_cheese_box_and_the_butter_in_the_basket_view_0_0_100_0_0_initstate_2,Robot Initial States,2,libero_plus:libero_10:330,10,1,10,10,1.0,0,0,0,0.0,,,
libero_plus,task_identity,LIVING_ROOM_SCENE2_put_both_the_cream_cheese_box_and_the_butter_in_the_basket_view_0_0_100_0_0_initstate_212,libero_10,LIVING_ROOM_SCENE2_put_both_the_cream_cheese_box_and_the_butter_in_the_basket,LIVING_ROOM_SCENE2_put_both_the_cream_cheese_box_and_the_butter_in_the_basket_view_0_0_100_0_0_initstate_212,Robot Initial States,3,libero_plus:libero_10:339,10,1,1,8,0.8,2,0,0,0.0,0.0,,
libero_plus,task_identity,LIVING_ROOM_SCENE2_put_both_the_cream_cheese_box_and_the_butter_in_the_basket_view_0_0_100_0_0_initstate_212,libero_10,LIVING_ROOM_SCENE2_put_both_the_cream_cheese_box_and_the_butter_in_the_basket,LIVING_ROOM_SCENE2_put_both_the_cream_cheese_box_and_the_butter_in_the_basket_view_0_0_100_0_0_initstate_212,Robot Initial States,3,libero_plus:libero_10:339,10,1,2,10,1.0,2,2,0,0.2,1.0,,
libero_plus,task_identity,LIVING_ROOM_SCENE2_put_both_the_cream_cheese_box_and_the_butter_in_the_basket_view_0_0_100_0_0_initstate_212,libero_10,LIVING_ROOM_SCENE2_put_both_the_cream_cheese_box_and_the_butter_in_the_basket,LIVING_ROOM_SCENE2_put_both_the_cream_cheese_box_and_the_butter_in_the_basket_view_0_0_100_0_0_initstate_212,Robot Initial States,3,libero_plus:libero_10:339,10,1,4,9,0.9,2,2,1,0.1,1.0,,
libero_plus,task_identity,LIVING_ROOM_SCENE2_put_both_the_cream_cheese_box_and_the_butter_in_the_basket_view_0_0_100_0_0_initstate_212,libero_10,LIVING_ROOM_SCENE2_put_both_the_cream_cheese_box_and_the_butter_in_the_basket,LIVING_ROOM_SCENE2_put_both_the_cream_cheese_box_and_the_butter_in_the_basket_view_0_0_100_0_0_initstate_212,Robot Initial States,3,libero_plus:libero_10:339,10,1,10,9,0.9,2,2,1,0.1,1.0,,
libero_plus,task_identity,LIVING_ROOM_SCENE2_put_both_the_cream_cheese_box_and_the_butter_in_the_basket_view_0_0_100_4_6_initstate_0,libero_10,LIVING_ROOM_SCENE2_put_both_the_cream_cheese_box_and_the_butter_in_the_basket,LIVING_ROOM_SCENE2_put_both_the_cream_cheese_box_and_the_butter_in_the_basket_view_0_0_100_4_6_initstate_0,Camera Viewpoints,2,libero_plus:libero_10:703,10,1,1,10,1.0,0,0,0,0.0,,,
libero_plus,task_identity,LIVING_ROOM_SCENE2_put_both_the_cream_cheese_box_and_the_butter_in_the_basket_view_0_0_100_4_6_initstate_0,libero_10,LIVING_ROOM_SCENE2_put_both_the_cream_cheese_box_and_the_butter_in_the_basket,LIVING_ROOM_SCENE2_put_both_the_cream_cheese_box_and_the_butter_in_the_basket_view_0_0_100_4_6_initstate_0,Camera Viewpoints,2,libero_plus:libero_10:703,10,1,2,10,1.0,0,0,0,0.0,,,
libero_plus,task_identity,LIVING_ROOM_SCENE2_put_both_the_cream_cheese_box_and_the_butter_in_the_basket_view_0_0_100_4_6_initstate_0,libero_10,LIVING_ROOM_SCENE2_put_both_the_cream_cheese_box_and_the_butter_in_the_basket,LIVING_ROOM_SCENE2_put_both_the_cream_cheese_box_and_the_butter_in_the_basket_view_0_0_100_4_6_initstate_0,Camera Viewpoints,2,libero_plus:libero_10:703,10,1,4,10,1.0,0,0,0,0.0,,,
libero_plus,task_identity,LIVING_ROOM_SCENE2_put_both_the_cream_cheese_box_and_the_butter_in_the_basket_view_0_0_100_4_6_initstate_0,libero_10,LIVING_ROOM_SCENE2_put_both_the_cream_cheese_box_and_the_butter_in_the_basket,LIVING_ROOM_SCENE2_put_both_the_cream_cheese_box_and_the_butter_in_the_basket_view_0_0_100_4_6_initstate_0,Camera Viewpoints,2,libero_plus:libero_10:703,10,1,10,10,1.0,0,0,0,0.0,,,
libero_plus,task_identity,LIVING_ROOM_SCENE2_put_both_the_cream_cheese_box_and_the_butter_in_the_basket_view_17_15_100_0_0_initstate_0,libero_10,LIVING_ROOM_SCENE2_put_both_the_cream_cheese_box_and_the_butter_in_the_basket,LIVING_ROOM_SCENE2_put_both_the_cream_cheese_box_and_the_butter_in_the_basket_view_17_15_100_0_0_initstate_0,Camera Viewpoints,3,libero_plus:libero_10:711,10,1,1,10,1.0,0,0,0,0.0,,,
libero_plus,task_identity,LIVING_ROOM_SCENE2_put_both_the_cream_cheese_box_and_the_butter_in_the_basket_view_17_15_100_0_0_initstate_0,libero_10,LIVING_ROOM_SCENE2_put_both_the_cream_cheese_box_and_the_butter_in_the_basket,LIVING_ROOM_SCENE2_put_both_the_cream_cheese_box_and_the_butter_in_the_basket_view_17_15_100_0_0_initstate_0,Camera Viewpoints,3,libero_plus:libero_10:711,10,1,2,10,1.0,0,0,0,0.0,,,
libero_plus,task_identity,LIVING_ROOM_SCENE2_put_both_the_cream_cheese_box_and_the_butter_in_the_basket_view_17_15_100_0_0_initstate_0,libero_10,LIVING_ROOM_SCENE2_put_both_the_cream_cheese_box_and_the_butter_in_the_basket,LIVING_ROOM_SCENE2_put_both_the_cream_cheese_box_and_the_butter_in_the_basket_view_17_15_100_0_0_initstate_0,Camera Viewpoints,3,libero_plus:libero_10:711,10,1,4,10,1.0,0,0,0,0.0,,,
libero_plus,task_identity,LIVING_ROOM_SCENE2_put_both_the_cream_cheese_box_and_the_butter_in_the_basket_view_17_15_100_0_0_initstate_0,libero_10,LIVING_ROOM_SCENE2_put_both_the_cream_cheese_box_and_the_butter_in_the_basket,LIVING_ROOM_SCENE2_put_both_the_cream_cheese_box_and_the_butter_in_the_basket_view_17_15_100_0_0_initstate_0,Camera Viewpoints,3,libero_plus:libero_10:711,10,1,10,10,1.0,0,0,0,0.0,,,
libero_plus,task_identity,open_the_middle_drawer_of_the_cabinet_add_13,libero_goal,open_the_middle_drawer_of_the_cabinet,open_the_middle_drawer_of_the_cabinet_add_13,Objects Layout,2,libero_plus:libero_goal:1890,10,1,1,10,1.0,0,0,0,0.0,,,
libero_plus,task_identity,open_the_middle_drawer_of_the_cabinet_add_13,libero_goal,open_the_middle_drawer_of_the_cabinet,open_the_middle_drawer_of_the_cabinet_add_13,Objects Layout,2,libero_plus:libero_goal:1890,10,1,2,10,1.0,0,0,0,0.0,,,
libero_plus,task_identity,open_the_middle_drawer_of_the_cabinet_add_13,libero_goal,open_the_middle_drawer_of_the_cabinet,open_the_middle_drawer_of_the_cabinet_add_13,Objects Layout,2,libero_plus:libero_goal:1890,10,1,4,10,1.0,0,0,0,0.0,,,
libero_plus,task_identity,open_the_middle_drawer_of_the_cabinet_add_13,libero_goal,open_the_middle_drawer_of_the_cabinet,open_the_middle_drawer_of_the_cabinet_add_13,Objects Layout,2,libero_plus:libero_goal:1890,10,1,10,10,1.0,0,0,0,0.0,,,
libero_plus,task_identity,open_the_middle_drawer_of_the_cabinet_add_15,libero_goal,open_the_middle_drawer_of_the_cabinet,open_the_middle_drawer_of_the_cabinet_add_15,Objects Layout,3,libero_plus:libero_goal:1892,10,1,1,10,1.0,0,0,0,0.0,,,
libero_plus,task_identity,open_the_middle_drawer_of_the_cabinet_add_15,libero_goal,open_the_middle_drawer_of_the_cabinet,open_the_middle_drawer_of_the_cabinet_add_15,Objects Layout,3,libero_plus:libero_goal:1892,10,1,2,10,1.0,0,0,0,0.0,,,
libero_plus,task_identity,open_the_middle_drawer_of_the_cabinet_add_15,libero_goal,open_the_middle_drawer_of_the_cabinet,open_the_middle_drawer_of_the_cabinet_add_15,Objects Layout,3,libero_plus:libero_goal:1892,10,1,4,10,1.0,0,0,0,0.0,,,
libero_plus,task_identity,open_the_middle_drawer_of_the_cabinet_add_15,libero_goal,open_the_middle_drawer_of_the_cabinet,open_the_middle_drawer_of_the_cabinet_add_15,Objects Layout,3,libero_plus:libero_goal:1892,10,1,10,10,1.0,0,0,0,0.0,,,
libero_plus,task_identity,open_the_middle_drawer_of_the_cabinet_view_0_0_100_0_0_initstate_1,libero_goal,open_the_middle_drawer_of_the_cabinet,open_the_middle_drawer_of_the_cabinet_view_0_0_100_0_0_initstate_1,Robot Initial States,3,libero_plus:libero_goal:281,10,1,1,10,1.0,0,0,0,0.0,,,
libero_plus,task_identity,open_the_middle_drawer_of_the_cabinet_view_0_0_100_0_0_initstate_1,libero_goal,open_the_middle_drawer_of_the_cabinet,open_the_middle_drawer_of_the_cabinet_view_0_0_100_0_0_initstate_1,Robot Initial States,3,libero_plus:libero_goal:281,10,1,2,10,1.0,0,0,0,0.0,,,
libero_plus,task_identity,open_the_middle_drawer_of_the_cabinet_view_0_0_100_0_0_initstate_1,libero_goal,open_the_middle_drawer_of_the_cabinet,open_the_middle_drawer_of_the_cabinet_view_0_0_100_0_0_initstate_1,Robot Initial States,3,libero_plus:libero_goal:281,10,1,4,10,1.0,0,0,0,0.0,,,
libero_plus,task_identity,open_the_middle_drawer_of_the_cabinet_view_0_0_100_0_0_initstate_1,libero_goal,open_the_middle_drawer_of_the_cabinet,open_the_middle_drawer_of_the_cabinet_view_0_0_100_0_0_initstate_1,Robot Initial States,3,libero_plus:libero_goal:281,10,1,10,10,1.0,0,0,0,0.0,,,
libero_plus,task_identity,open_the_middle_drawer_of_the_cabinet_view_0_0_100_0_0_initstate_71,libero_goal,open_the_middle_drawer_of_the_cabinet,open_the_middle_drawer_of_the_cabinet_view_0_0_100_0_0_initstate_71,Robot Initial States,2,libero_plus:libero_goal:284,10,1,1,8,0.8,2,0,0,0.0,0.0,,
libero_plus,task_identity,open_the_middle_drawer_of_the_cabinet_view_0_0_100_0_0_initstate_71,libero_goal,open_the_middle_drawer_of_the_cabinet,open_the_middle_drawer_of_the_cabinet_view_0_0_100_0_0_initstate_71,Robot Initial States,2,libero_plus:libero_goal:284,10,1,2,9,0.9,2,1,0,0.1,0.5,,
libero_plus,task_identity,open_the_middle_drawer_of_the_cabinet_view_0_0_100_0_0_initstate_71,libero_goal,open_the_middle_drawer_of_the_cabinet,open_the_middle_drawer_of_the_cabinet_view_0_0_100_0_0_initstate_71,Robot Initial States,2,libero_plus:libero_goal:284,10,1,4,7,0.7,2,0,1,-0.1,0.0,,
libero_plus,task_identity,open_the_middle_drawer_of_the_cabinet_view_0_0_100_0_0_initstate_71,libero_goal,open_the_middle_drawer_of_the_cabinet,open_the_middle_drawer_of_the_cabinet_view_0_0_100_0_0_initstate_71,Robot Initial States,2,libero_plus:libero_goal:284,10,1,10,8,0.8,2,0,0,0.0,0.0,,
libero_plus,task_identity,open_the_middle_drawer_of_the_cabinet_view_0_0_100_2_4_initstate_0,libero_goal,open_the_middle_drawer_of_the_cabinet,open_the_middle_drawer_of_the_cabinet_view_0_0_100_2_4_initstate_0,Camera Viewpoints,2,libero_plus:libero_goal:690,10,1,1,10,1.0,0,0,0,0.0,,,
libero_plus,task_identity,open_the_middle_drawer_of_the_cabinet_view_0_0_100_2_4_initstate_0,libero_goal,open_the_middle_drawer_of_the_cabinet,open_the_middle_drawer_of_the_cabinet_view_0_0_100_2_4_initstate_0,Camera Viewpoints,2,libero_plus:libero_goal:690,10,1,2,10,1.0,0,0,0,0.0,,,
libero_plus,task_identity,open_the_middle_drawer_of_the_cabinet_view_0_0_100_2_4_initstate_0,libero_goal,open_the_middle_drawer_of_the_cabinet,open_the_middle_drawer_of_the_cabinet_view_0_0_100_2_4_initstate_0,Camera Viewpoints,2,libero_plus:libero_goal:690,10,1,4,10,1.0,0,0,0,0.0,,,
libero_plus,task_identity,open_the_middle_drawer_of_the_cabinet_view_0_0_100_2_4_initstate_0,libero_goal,open_the_middle_drawer_of_the_cabinet,open_the_middle_drawer_of_the_cabinet_view_0_0_100_2_4_initstate_0,Camera Viewpoints,2,libero_plus:libero_goal:690,10,1,10,10,1.0,0,0,0,0.0,,,
libero_plus,task_identity,open_the_middle_drawer_of_the_cabinet_view_0_0_100_2_6_initstate_0,libero_goal,open_the_middle_drawer_of_the_cabinet,open_the_middle_drawer_of_the_cabinet_view_0_0_100_2_6_initstate_0,Camera Viewpoints,3,libero_plus:libero_goal:691,10,1,1,10,1.0,0,0,0,0.0,,,
libero_plus,task_identity,open_the_middle_drawer_of_the_cabinet_view_0_0_100_2_6_initstate_0,libero_goal,open_the_middle_drawer_of_the_cabinet,open_the_middle_drawer_of_the_cabinet_view_0_0_100_2_6_initstate_0,Camera Viewpoints,3,libero_plus:libero_goal:691,10,1,2,10,1.0,0,0,0,0.0,,,
libero_plus,task_identity,open_the_middle_drawer_of_the_cabinet_view_0_0_100_2_6_initstate_0,libero_goal,open_the_middle_drawer_of_the_cabinet,open_the_middle_drawer_of_the_cabinet_view_0_0_100_2_6_initstate_0,Camera Viewpoints,3,libero_plus:libero_goal:691,10,1,4,10,1.0,0,0,0,0.0,,,
libero_plus,task_identity,open_the_middle_drawer_of_the_cabinet_view_0_0_100_2_6_initstate_0,libero_goal,open_the_middle_drawer_of_the_cabinet,open_the_middle_drawer_of_the_cabinet_view_0_0_100_2_6_initstate_0,Camera Viewpoints,3,libero_plus:libero_goal:691,10,1,10,10,1.0,0,0,0,0.0,,,
libero_plus,task_identity,open_the_top_drawer_and_put_the_bowl_inside_add_10,libero_goal,open_the_top_drawer_and_put_the_bowl_inside,open_the_top_drawer_and_put_the_bowl_inside_add_10,Objects Layout,2,libero_plus:libero_goal:1931,10,1,1,9,0.9,1,0,0,0.0,0.0,,
libero_plus,task_identity,open_the_top_drawer_and_put_the_bowl_inside_add_10,libero_goal,open_the_top_drawer_and_put_the_bowl_inside,open_the_top_drawer_and_put_the_bowl_inside_add_10,Objects Layout,2,libero_plus:libero_goal:1931,10,1,2,10,1.0,1,1,0,0.1,1.0,,
libero_plus,task_identity,open_the_top_drawer_and_put_the_bowl_inside_add_10,libero_goal,open_the_top_drawer_and_put_the_bowl_inside,open_the_top_drawer_and_put_the_bowl_inside_add_10,Objects Layout,2,libero_plus:libero_goal:1931,10,1,4,10,1.0,1,1,0,0.1,1.0,,
libero_plus,task_identity,open_the_top_drawer_and_put_the_bowl_inside_add_10,libero_goal,open_the_top_drawer_and_put_the_bowl_inside,open_the_top_drawer_and_put_the_bowl_inside_add_10,Objects Layout,2,libero_plus:libero_goal:1931,10,1,10,10,1.0,1,1,0,0.1,1.0,,
libero_plus,task_identity,open_the_top_drawer_and_put_the_bowl_inside_add_13,libero_goal,open_the_top_drawer_and_put_the_bowl_inside,open_the_top_drawer_and_put_the_bowl_inside_add_13,Objects Layout,3,libero_plus:libero_goal:1933,10,1,1,10,1.0,0,0,0,0.0,,,
libero_plus,task_identity,open_the_top_drawer_and_put_the_bowl_inside_add_13,libero_goal,open_the_top_drawer_and_put_the_bowl_inside,open_the_top_drawer_and_put_the_bowl_inside_add_13,Objects Layout,3,libero_plus:libero_goal:1933,10,1,2,10,1.0,0,0,0,0.0,,,
libero_plus,task_identity,open_the_top_drawer_and_put_the_bowl_inside_add_13,libero_goal,open_the_top_drawer_and_put_the_bowl_inside,open_the_top_drawer_and_put_the_bowl_inside_add_13,Objects Layout,3,libero_plus:libero_goal:1933,10,1,4,10,1.0,0,0,0,0.0,,,
libero_plus,task_identity,open_the_top_drawer_and_put_the_bowl_inside_add_13,libero_goal,open_the_top_drawer_and_put_the_bowl_inside,open_the_top_drawer_and_put_the_bowl_inside_add_13,Objects Layout,3,libero_plus:libero_goal:1933,10,1,10,10,1.0,0,0,0,0.0,,,
libero_plus,task_identity,pick_up_the_alphabet_soup_and_place_it_in_the_basket_add_11,libero_object,pick_up_the_alphabet_soup_and_place_it_in_the_basket,pick_up_the_alphabet_soup_and_place_it_in_the_basket_add_11,Objects Layout,2,libero_plus:libero_object:1819,10,1,1,10,1.0,0,0,0,0.0,,,
libero_plus,task_identity,pick_up_the_alphabet_soup_and_place_it_in_the_basket_add_11,libero_object,pick_up_the_alphabet_soup_and_place_it_in_the_basket,pick_up_the_alphabet_soup_and_place_it_in_the_basket_add_11,Objects Layout,2,libero_plus:libero_object:1819,10,1,2,10,1.0,0,0,0,0.0,,,
libero_plus,task_identity,pick_up_the_alphabet_soup_and_place_it_in_the_basket_add_11,libero_object,pick_up_the_alphabet_soup_and_place_it_in_the_basket,pick_up_the_alphabet_soup_and_place_it_in_the_basket_add_11,Objects Layout,2,libero_plus:libero_object:1819,10,1,4,10,1.0,0,0,0,0.0,,,
libero_plus,task_identity,pick_up_the_alphabet_soup_and_place_it_in_the_basket_add_11,libero_object,pick_up_the_alphabet_soup_and_place_it_in_the_basket,pick_up_the_alphabet_soup_and_place_it_in_the_basket_add_11,Objects Layout,2,libero_plus:libero_object:1819,10,1,10,10,1.0,0,0,0,0.0,,,
libero_plus,task_identity,pick_up_the_alphabet_soup_and_place_it_in_the_basket_add_18,libero_object,pick_up_the_alphabet_soup_and_place_it_in_the_basket,pick_up_the_alphabet_soup_and_place_it_in_the_basket_add_18,Objects Layout,3,libero_plus:libero_object:1824,10,1,1,10,1.0,0,0,0,0.0,,,
libero_plus,task_identity,pick_up_the_alphabet_soup_and_place_it_in_the_basket_add_18,libero_object,pick_up_the_alphabet_soup_and_place_it_in_the_basket,pick_up_the_alphabet_soup_and_place_it_in_the_basket_add_18,Objects Layout,3,libero_plus:libero_object:1824,10,1,2,10,1.0,0,0,0,0.0,,,
libero_plus,task_identity,pick_up_the_alphabet_soup_and_place_it_in_the_basket_add_18,libero_object,pick_up_the_alphabet_soup_and_place_it_in_the_basket,pick_up_the_alphabet_soup_and_place_it_in_the_basket_add_18,Objects Layout,3,libero_plus:libero_object:1824,10,1,4,10,1.0,0,0,0,0.0,,,
libero_plus,task_identity,pick_up_the_alphabet_soup_and_place_it_in_the_basket_add_18,libero_object,pick_up_the_alphabet_soup_and_place_it_in_the_basket,pick_up_the_alphabet_soup_and_place_it_in_the_basket_add_18,Objects Layout,3,libero_plus:libero_object:1824,10,1,10,10,1.0,0,0,0,0.0,,,
libero_plus,task_identity,pick_up_the_alphabet_soup_and_place_it_in_the_basket_view_0_0_100_0_0_initstate_181,libero_object,pick_up_the_alphabet_soup_and_place_it_in_the_basket,pick_up_the_alphabet_soup_and_place_it_in_the_basket_view_0_0_100_0_0_initstate_181,Robot Initial States,3,libero_plus:libero_object:258,10,1,1,10,1.0,0,0,0,0.0,,,
libero_plus,task_identity,pick_up_the_alphabet_soup_and_place_it_in_the_basket_view_0_0_100_0_0_initstate_181,libero_object,pick_up_the_alphabet_soup_and_place_it_in_the_basket,pick_up_the_alphabet_soup_and_place_it_in_the_basket_view_0_0_100_0_0_initstate_181,Robot Initial States,3,libero_plus:libero_object:258,10,1,2,10,1.0,0,0,0,0.0,,,
libero_plus,task_identity,pick_up_the_alphabet_soup_and_place_it_in_the_basket_view_0_0_100_0_0_initstate_181,libero_object,pick_up_the_alphabet_soup_and_place_it_in_the_basket,pick_up_the_alphabet_soup_and_place_it_in_the_basket_view_0_0_100_0_0_initstate_181,Robot Initial States,3,libero_plus:libero_object:258,10,1,4,10,1.0,0,0,0,0.0,,,
libero_plus,task_identity,pick_up_the_alphabet_soup_and_place_it_in_the_basket_view_0_0_100_0_0_initstate_181,libero_object,pick_up_the_alphabet_soup_and_place_it_in_the_basket,pick_up_the_alphabet_soup_and_place_it_in_the_basket_view_0_0_100_0_0_initstate_181,Robot Initial States,3,libero_plus:libero_object:258,10,1,10,10,1.0,0,0,0,0.0,,,
libero_plus,task_identity,pick_up_the_alphabet_soup_and_place_it_in_the_basket_view_0_0_100_0_0_initstate_71,libero_object,pick_up_the_alphabet_soup_and_place_it_in_the_basket,pick_up_the_alphabet_soup_and_place_it_in_the_basket_view_0_0_100_0_0_initstate_71,Robot Initial States,2,libero_plus:libero_object:250,10,1,1,8,0.8,2,0,0,0.0,0.0,,
libero_plus,task_identity,pick_up_the_alphabet_soup_and_place_it_in_the_basket_view_0_0_100_0_0_initstate_71,libero_object,pick_up_the_alphabet_soup_and_place_it_in_the_basket,pick_up_the_alphabet_soup_and_place_it_in_the_basket_view_0_0_100_0_0_initstate_71,Robot Initial States,2,libero_plus:libero_object:250,10,1,2,10,1.0,2,2,0,0.2,1.0,,
libero_plus,task_identity,pick_up_the_alphabet_soup_and_place_it_in_the_basket_view_0_0_100_0_0_initstate_71,libero_object,pick_up_the_alphabet_soup_and_place_it_in_the_basket,pick_up_the_alphabet_soup_and_place_it_in_the_basket_view_0_0_100_0_0_initstate_71,Robot Initial States,2,libero_plus:libero_object:250,10,1,4,10,1.0,2,2,0,0.2,1.0,,
libero_plus,task_identity,pick_up_the_alphabet_soup_and_place_it_in_the_basket_view_0_0_100_0_0_initstate_71,libero_object,pick_up_the_alphabet_soup_and_place_it_in_the_basket,pick_up_the_alphabet_soup_and_place_it_in_the_basket_view_0_0_100_0_0_initstate_71,Robot Initial States,2,libero_plus:libero_object:250,10,1,10,10,1.0,2,2,0,0.2,1.0,,
libero_plus,task_identity,pick_up_the_alphabet_soup_and_place_it_in_the_basket_view_0_0_100_2_6_initstate_0,libero_object,pick_up_the_alphabet_soup_and_place_it_in_the_basket,pick_up_the_alphabet_soup_and_place_it_in_the_basket_view_0_0_100_2_6_initstate_0,Camera Viewpoints,2,libero_plus:libero_object:647,10,1,1,10,1.0,0,0,0,0.0,,,
libero_plus,task_identity,pick_up_the_alphabet_soup_and_place_it_in_the_basket_view_0_0_100_2_6_initstate_0,libero_object,pick_up_the_alphabet_soup_and_place_it_in_the_basket,pick_up_the_alphabet_soup_and_place_it_in_the_basket_view_0_0_100_2_6_initstate_0,Camera Viewpoints,2,libero_plus:libero_object:647,10,1,2,10,1.0,0,0,0,0.0,,,
libero_plus,task_identity,pick_up_the_alphabet_soup_and_place_it_in_the_basket_view_0_0_100_2_6_initstate_0,libero_object,pick_up_the_alphabet_soup_and_place_it_in_the_basket,pick_up_the_alphabet_soup_and_place_it_in_the_basket_view_0_0_100_2_6_initstate_0,Camera Viewpoints,2,libero_plus:libero_object:647,10,1,4,10,1.0,0,0,0,0.0,,,
libero_plus,task_identity,pick_up_the_alphabet_soup_and_place_it_in_the_basket_view_0_0_100_2_6_initstate_0,libero_object,pick_up_the_alphabet_soup_and_place_it_in_the_basket,pick_up_the_alphabet_soup_and_place_it_in_the_basket_view_0_0_100_2_6_initstate_0,Camera Viewpoints,2,libero_plus:libero_object:647,10,1,10,10,1.0,0,0,0,0.0,,,
libero_plus,task_identity,pick_up_the_alphabet_soup_and_place_it_in_the_basket_view_6_15_100_0_0_initstate_0,libero_object,pick_up_the_alphabet_soup_and_place_it_in_the_basket,pick_up_the_alphabet_soup_and_place_it_in_the_basket_view_6_15_100_0_0_initstate_0,Camera Viewpoints,3,libero_plus:libero_object:657,10,1,1,10,1.0,0,0,0,0.0,,,
libero_plus,task_identity,pick_up_the_alphabet_soup_and_place_it_in_the_basket_view_6_15_100_0_0_initstate_0,libero_object,pick_up_the_alphabet_soup_and_place_it_in_the_basket,pick_up_the_alphabet_soup_and_place_it_in_the_basket_view_6_15_100_0_0_initstate_0,Camera Viewpoints,3,libero_plus:libero_object:657,10,1,2,9,0.9,0,0,1,-0.1,,,
libero_plus,task_identity,pick_up_the_alphabet_soup_and_place_it_in_the_basket_view_6_15_100_0_0_initstate_0,libero_object,pick_up_the_alphabet_soup_and_place_it_in_the_basket,pick_up_the_alphabet_soup_and_place_it_in_the_basket_view_6_15_100_0_0_initstate_0,Camera Viewpoints,3,libero_plus:libero_object:657,10,1,4,9,0.9,0,0,1,-0.1,,,
libero_plus,task_identity,pick_up_the_alphabet_soup_and_place_it_in_the_basket_view_6_15_100_0_0_initstate_0,libero_object,pick_up_the_alphabet_soup_and_place_it_in_the_basket,pick_up_the_alphabet_soup_and_place_it_in_the_basket_view_6_15_100_0_0_initstate_0,Camera Viewpoints,3,libero_plus:libero_object:657,10,1,10,10,1.0,0,0,0,0.0,,,
libero_plus,task_identity,pick_up_the_bbq_sauce_and_place_it_in_the_basket_add_10,libero_object,pick_up_the_bbq_sauce_and_place_it_in_the_basket,pick_up_the_bbq_sauce_and_place_it_in_the_basket_add_10,Objects Layout,2,libero_plus:libero_object:1859,10,1,1,10,1.0,0,0,0,0.0,,,
libero_plus,task_identity,pick_up_the_bbq_sauce_and_place_it_in_the_basket_add_10,libero_object,pick_up_the_bbq_sauce_and_place_it_in_the_basket,pick_up_the_bbq_sauce_and_place_it_in_the_basket_add_10,Objects Layout,2,libero_plus:libero_object:1859,10,1,2,9,0.9,0,0,1,-0.1,,,
libero_plus,task_identity,pick_up_the_bbq_sauce_and_place_it_in_the_basket_add_10,libero_object,pick_up_the_bbq_sauce_and_place_it_in_the_basket,pick_up_the_bbq_sauce_and_place_it_in_the_basket_add_10,Objects Layout,2,libero_plus:libero_object:1859,10,1,4,10,1.0,0,0,0,0.0,,,
libero_plus,task_identity,pick_up_the_bbq_sauce_and_place_it_in_the_basket_add_10,libero_object,pick_up_the_bbq_sauce_and_place_it_in_the_basket,pick_up_the_bbq_sauce_and_place_it_in_the_basket_add_10,Objects Layout,2,libero_plus:libero_object:1859,10,1,10,10,1.0,0,0,0,0.0,,,
libero_plus,task_identity,pick_up_the_bbq_sauce_and_place_it_in_the_basket_add_15,libero_object,pick_up_the_bbq_sauce_and_place_it_in_the_basket,pick_up_the_bbq_sauce_and_place_it_in_the_basket_add_15,Objects Layout,3,libero_plus:libero_object:1863,10,1,1,10,1.0,0,0,0,0.0,,,
libero_plus,task_identity,pick_up_the_bbq_sauce_and_place_it_in_the_basket_add_15,libero_object,pick_up_the_bbq_sauce_and_place_it_in_the_basket,pick_up_the_bbq_sauce_and_place_it_in_the_basket_add_15,Objects Layout,3,libero_plus:libero_object:1863,10,1,2,10,1.0,0,0,0,0.0,,,
libero_plus,task_identity,pick_up_the_bbq_sauce_and_place_it_in_the_basket_add_15,libero_object,pick_up_the_bbq_sauce_and_place_it_in_the_basket,pick_up_the_bbq_sauce_and_place_it_in_the_basket_add_15,Objects Layout,3,libero_plus:libero_object:1863,10,1,4,10,1.0,0,0,0,0.0,,,
libero_plus,task_identity,pick_up_the_bbq_sauce_and_place_it_in_the_basket_add_15,libero_object,pick_up_the_bbq_sauce_and_place_it_in_the_basket,pick_up_the_bbq_sauce_and_place_it_in_the_basket_add_15,Objects Layout,3,libero_plus:libero_object:1863,10,1,10,10,1.0,0,0,0,0.0,,,
libero_plus,task_identity,pick_up_the_black_bowl_between_the_plate_and_the_ramekin_and_place_it_on_the_plate_add_2,libero_spatial,pick_up_the_black_bowl_between_the_plate_and_the_ramekin_and_place_it_on_the_plate,pick_up_the_black_bowl_between_the_plate_and_the_ramekin_and_place_it_on_the_plate_add_2,Objects Layout,3,libero_plus:libero_spatial:1734,10,1,1,10,1.0,0,0,0,0.0,,,
libero_plus,task_identity,pick_up_the_black_bowl_between_the_plate_and_the_ramekin_and_place_it_on_the_plate_add_2,libero_spatial,pick_up_the_black_bowl_between_the_plate_and_the_ramekin_and_place_it_on_the_plate,pick_up_the_black_bowl_between_the_plate_and_the_ramekin_and_place_it_on_the_plate_add_2,Objects Layout,3,libero_plus:libero_spatial:1734,10,1,2,10,1.0,0,0,0,0.0,,,
libero_plus,task_identity,pick_up_the_black_bowl_between_the_plate_and_the_ramekin_and_place_it_on_the_plate_add_2,libero_spatial,pick_up_the_black_bowl_between_the_plate_and_the_ramekin_and_place_it_on_the_plate,pick_up_the_black_bowl_between_the_plate_and_the_ramekin_and_place_it_on_the_plate_add_2,Objects Layout,3,libero_plus:libero_spatial:1734,10,1,4,10,1.0,0,0,0,0.0,,,
libero_plus,task_identity,pick_up_the_black_bowl_between_the_plate_and_the_ramekin_and_place_it_on_the_plate_add_2,libero_spatial,pick_up_the_black_bowl_between_the_plate_and_the_ramekin_and_place_it_on_the_plate,pick_up_the_black_bowl_between_the_plate_and_the_ramekin_and_place_it_on_the_plate_add_2,Objects Layout,3,libero_plus:libero_spatial:1734,10,1,10,10,1.0,0,0,0,0.0,,,
libero_plus,task_identity,pick_up_the_black_bowl_between_the_plate_and_the_ramekin_and_place_it_on_the_plate_level5_sample3,libero_spatial,pick_up_the_black_bowl_between_the_plate_and_the_ramekin_and_place_it_on_the_plate,pick_up_the_black_bowl_between_the_plate_and_the_ramekin_and_place_it_on_the_plate_level5_sample3,Objects Layout,2,libero_plus:libero_spatial:1767,10,1,1,9,0.9,1,0,0,0.0,0.0,,
libero_plus,task_identity,pick_up_the_black_bowl_between_the_plate_and_the_ramekin_and_place_it_on_the_plate_level5_sample3,libero_spatial,pick_up_the_black_bowl_between_the_plate_and_the_ramekin_and_place_it_on_the_plate,pick_up_the_black_bowl_between_the_plate_and_the_ramekin_and_place_it_on_the_plate_level5_sample3,Objects Layout,2,libero_plus:libero_spatial:1767,10,1,2,10,1.0,1,1,0,0.1,1.0,,
libero_plus,task_identity,pick_up_the_black_bowl_between_the_plate_and_the_ramekin_and_place_it_on_the_plate_level5_sample3,libero_spatial,pick_up_the_black_bowl_between_the_plate_and_the_ramekin_and_place_it_on_the_plate,pick_up_the_black_bowl_between_the_plate_and_the_ramekin_and_place_it_on_the_plate_level5_sample3,Objects Layout,2,libero_plus:libero_spatial:1767,10,1,4,10,1.0,1,1,0,0.1,1.0,,
libero_plus,task_identity,pick_up_the_black_bowl_between_the_plate_and_the_ramekin_and_place_it_on_the_plate_level5_sample3,libero_spatial,pick_up_the_black_bowl_between_the_plate_and_the_ramekin_and_place_it_on_the_plate,pick_up_the_black_bowl_between_the_plate_and_the_ramekin_and_place_it_on_the_plate_level5_sample3,Objects Layout,2,libero_plus:libero_spatial:1767,10,1,10,10,1.0,1,1,0,0.1,1.0,,
libero_plus,task_identity,pick_up_the_black_bowl_between_the_plate_and_the_ramekin_and_place_it_on_the_plate_view_0_0_100_0_0_initstate_131,libero_spatial,pick_up_the_black_bowl_between_the_plate_and_the_ramekin_and_place_it_on_the_plate,pick_up_the_black_bowl_between_the_plate_and_the_ramekin_and_place_it_on_the_plate_view_0_0_100_0_0_initstate_131,Robot Initial States,3,libero_plus:libero_spatial:262,10,1,1,10,1.0,0,0,0,0.0,,,
libero_plus,task_identity,pick_up_the_black_bowl_between_the_plate_and_the_ramekin_and_place_it_on_the_plate_view_0_0_100_0_0_initstate_131,libero_spatial,pick_up_the_black_bowl_between_the_plate_and_the_ramekin_and_place_it_on_the_plate,pick_up_the_black_bowl_between_the_plate_and_the_ramekin_and_place_it_on_the_plate_view_0_0_100_0_0_initstate_131,Robot Initial States,3,libero_plus:libero_spatial:262,10,1,2,10,1.0,0,0,0,0.0,,,
libero_plus,task_identity,pick_up_the_black_bowl_between_the_plate_and_the_ramekin_and_place_it_on_the_plate_view_0_0_100_0_0_initstate_131,libero_spatial,pick_up_the_black_bowl_between_the_plate_and_the_ramekin_and_place_it_on_the_plate,pick_up_the_black_bowl_between_the_plate_and_the_ramekin_and_place_it_on_the_plate_view_0_0_100_0_0_initstate_131,Robot Initial States,3,libero_plus:libero_spatial:262,10,1,4,10,1.0,0,0,0,0.0,,,
libero_plus,task_identity,pick_up_the_black_bowl_between_the_plate_and_the_ramekin_and_place_it_on_the_plate_view_0_0_100_0_0_initstate_131,libero_spatial,pick_up_the_black_bowl_between_the_plate_and_the_ramekin_and_place_it_on_the_plate,pick_up_the_black_bowl_between_the_plate_and_the_ramekin_and_place_it_on_the_plate_view_0_0_100_0_0_initstate_131,Robot Initial States,3,libero_plus:libero_spatial:262,10,1,10,10,1.0,0,0,0,0.0,,,
libero_plus,task_identity,pick_up_the_black_bowl_between_the_plate_and_the_ramekin_and_place_it_on_the_plate_view_0_0_100_0_0_initstate_161,libero_spatial,pick_up_the_black_bowl_between_the_plate_and_the_ramekin_and_place_it_on_the_plate,pick_up_the_black_bowl_between_the_plate_and_the_ramekin_and_place_it_on_the_plate_view_0_0_100_0_0_initstate_161,Robot Initial States,2,libero_plus:libero_spatial:265,10,1,1,10,1.0,0,0,0,0.0,,,
libero_plus,task_identity,pick_up_the_black_bowl_between_the_plate_and_the_ramekin_and_place_it_on_the_plate_view_0_0_100_0_0_initstate_161,libero_spatial,pick_up_the_black_bowl_between_the_plate_and_the_ramekin_and_place_it_on_the_plate,pick_up_the_black_bowl_between_the_plate_and_the_ramekin_and_place_it_on_the_plate_view_0_0_100_0_0_initstate_161,Robot Initial States,2,libero_plus:libero_spatial:265,10,1,2,10,1.0,0,0,0,0.0,,,
libero_plus,task_identity,pick_up_the_black_bowl_between_the_plate_and_the_ramekin_and_place_it_on_the_plate_view_0_0_100_0_0_initstate_161,libero_spatial,pick_up_the_black_bowl_between_the_plate_and_the_ramekin_and_place_it_on_the_plate,pick_up_the_black_bowl_between_the_plate_and_the_ramekin_and_place_it_on_the_plate_view_0_0_100_0_0_initstate_161,Robot Initial States,2,libero_plus:libero_spatial:265,10,1,4,10,1.0,0,0,0,0.0,,,
libero_plus,task_identity,pick_up_the_black_bowl_between_the_plate_and_the_ramekin_and_place_it_on_the_plate_view_0_0_100_0_0_initstate_161,libero_spatial,pick_up_the_black_bowl_between_the_plate_and_the_ramekin_and_place_it_on_the_plate,pick_up_the_black_bowl_between_the_plate_and_the_ramekin_and_place_it_on_the_plate_view_0_0_100_0_0_initstate_161,Robot Initial States,2,libero_plus:libero_spatial:265,10,1,10,10,1.0,0,0,0,0.0,,,
libero_plus,task_identity,pick_up_the_black_bowl_between_the_plate_and_the_ramekin_and_place_it_on_the_plate_view_13_15_100_0_0_initstate_0,libero_spatial,pick_up_the_black_bowl_between_the_plate_and_the_ramekin_and_place_it_on_the_plate,pick_up_the_black_bowl_between_the_plate_and_the_ramekin_and_place_it_on_the_plate_view_13_15_100_0_0_initstate_0,Camera Viewpoints,2,libero_plus:libero_spatial:611,10,1,1,10,1.0,0,0,0,0.0,,,
libero_plus,task_identity,pick_up_the_black_bowl_between_the_plate_and_the_ramekin_and_place_it_on_the_plate_view_13_15_100_0_0_initstate_0,libero_spatial,pick_up_the_black_bowl_between_the_plate_and_the_ramekin_and_place_it_on_the_plate,pick_up_the_black_bowl_between_the_plate_and_the_ramekin_and_place_it_on_the_plate_view_13_15_100_0_0_initstate_0,Camera Viewpoints,2,libero_plus:libero_spatial:611,10,1,2,9,0.9,0,0,1,-0.1,,,
libero_plus,task_identity,pick_up_the_black_bowl_between_the_plate_and_the_ramekin_and_place_it_on_the_plate_view_13_15_100_0_0_initstate_0,libero_spatial,pick_up_the_black_bowl_between_the_plate_and_the_ramekin_and_place_it_on_the_plate,pick_up_the_black_bowl_between_the_plate_and_the_ramekin_and_place_it_on_the_plate_view_13_15_100_0_0_initstate_0,Camera Viewpoints,2,libero_plus:libero_spatial:611,10,1,4,10,1.0,0,0,0,0.0,,,
libero_plus,task_identity,pick_up_the_black_bowl_between_the_plate_and_the_ramekin_and_place_it_on_the_plate_view_13_15_100_0_0_initstate_0,libero_spatial,pick_up_the_black_bowl_between_the_plate_and_the_ramekin_and_place_it_on_the_plate,pick_up_the_black_bowl_between_the_plate_and_the_ramekin_and_place_it_on_the_plate_view_13_15_100_0_0_initstate_0,Camera Viewpoints,2,libero_plus:libero_spatial:611,10,1,10,9,0.9,0,0,1,-0.1,,,
libero_plus,task_identity,pick_up_the_black_bowl_from_table_center_and_place_it_on_the_plate_add_15,libero_spatial,pick_up_the_black_bowl_from_table_center_and_place_it_on_the_plate,pick_up_the_black_bowl_from_table_center_and_place_it_on_the_plate_add_15,Objects Layout,3,libero_plus:libero_spatial:1772,10,1,1,10,1.0,0,0,0,0.0,,,
libero_plus,task_identity,pick_up_the_black_bowl_from_table_center_and_place_it_on_the_plate_add_15,libero_spatial,pick_up_the_black_bowl_from_table_center_and_place_it_on_the_plate,pick_up_the_black_bowl_from_table_center_and_place_it_on_the_plate_add_15,Objects Layout,3,libero_plus:libero_spatial:1772,10,1,2,10,1.0,0,0,0,0.0,,,
libero_plus,task_identity,pick_up_the_black_bowl_from_table_center_and_place_it_on_the_plate_add_15,libero_spatial,pick_up_the_black_bowl_from_table_center_and_place_it_on_the_plate,pick_up_the_black_bowl_from_table_center_and_place_it_on_the_plate_add_15,Objects Layout,3,libero_plus:libero_spatial:1772,10,1,4,10,1.0,0,0,0,0.0,,,
libero_plus,task_identity,pick_up_the_black_bowl_from_table_center_and_place_it_on_the_plate_add_15,libero_spatial,pick_up_the_black_bowl_from_table_center_and_place_it_on_the_plate,pick_up_the_black_bowl_from_table_center_and_place_it_on_the_plate_add_15,Objects Layout,3,libero_plus:libero_spatial:1772,10,1,10,10,1.0,0,0,0,0.0,,,
libero_plus,task_identity,pick_up_the_black_bowl_next_to_the_plate_and_place_it_on_the_plate_level1_sample1,libero_spatial,pick_up_the_black_bowl_next_to_the_plate_and_place_it_on_the_plate,pick_up_the_black_bowl_next_to_the_plate_and_place_it_on_the_plate_level1_sample1,Objects Layout,2,libero_plus:libero_spatial:1893,10,1,1,10,1.0,0,0,0,0.0,,,
libero_plus,task_identity,pick_up_the_black_bowl_next_to_the_plate_and_place_it_on_the_plate_level1_sample1,libero_spatial,pick_up_the_black_bowl_next_to_the_plate_and_place_it_on_the_plate,pick_up_the_black_bowl_next_to_the_plate_and_place_it_on_the_plate_level1_sample1,Objects Layout,2,libero_plus:libero_spatial:1893,10,1,2,10,1.0,0,0,0,0.0,,,
libero_plus,task_identity,pick_up_the_black_bowl_next_to_the_plate_and_place_it_on_the_plate_level1_sample1,libero_spatial,pick_up_the_black_bowl_next_to_the_plate_and_place_it_on_the_plate,pick_up_the_black_bowl_next_to_the_plate_and_place_it_on_the_plate_level1_sample1,Objects Layout,2,libero_plus:libero_spatial:1893,10,1,4,10,1.0,0,0,0,0.0,,,
libero_plus,task_identity,pick_up_the_black_bowl_next_to_the_plate_and_place_it_on_the_plate_level1_sample1,libero_spatial,pick_up_the_black_bowl_next_to_the_plate_and_place_it_on_the_plate,pick_up_the_black_bowl_next_to_the_plate_and_place_it_on_the_plate_level1_sample1,Objects Layout,2,libero_plus:libero_spatial:1893,10,1,10,10,1.0,0,0,0,0.0,,,
libero_plus,task_identity,pick_up_the_black_bowl_next_to_the_ramekin_and_place_it_on_the_plate_view_0_0_100_0_0_initstate_112,libero_spatial,pick_up_the_black_bowl_next_to_the_ramekin_and_place_it_on_the_plate,pick_up_the_black_bowl_next_to_the_ramekin_and_place_it_on_the_plate_view_0_0_100_0_0_initstate_112,Robot Initial States,3,libero_plus:libero_spatial:293,10,1,1,10,1.0,0,0,0,0.0,,,
libero_plus,task_identity,pick_up_the_black_bowl_next_to_the_ramekin_and_place_it_on_the_plate_view_0_0_100_0_0_initstate_112,libero_spatial,pick_up_the_black_bowl_next_to_the_ramekin_and_place_it_on_the_plate,pick_up_the_black_bowl_next_to_the_ramekin_and_place_it_on_the_plate_view_0_0_100_0_0_initstate_112,Robot Initial States,3,libero_plus:libero_spatial:293,10,1,2,10,1.0,0,0,0,0.0,,,
libero_plus,task_identity,pick_up_the_black_bowl_next_to_the_ramekin_and_place_it_on_the_plate_view_0_0_100_0_0_initstate_112,libero_spatial,pick_up_the_black_bowl_next_to_the_ramekin_and_place_it_on_the_plate,pick_up_the_black_bowl_next_to_the_ramekin_and_place_it_on_the_plate_view_0_0_100_0_0_initstate_112,Robot Initial States,3,libero_plus:libero_spatial:293,10,1,4,10,1.0,0,0,0,0.0,,,
libero_plus,task_identity,pick_up_the_black_bowl_next_to_the_ramekin_and_place_it_on_the_plate_view_0_0_100_0_0_initstate_112,libero_spatial,pick_up_the_black_bowl_next_to_the_ramekin_and_place_it_on_the_plate,pick_up_the_black_bowl_next_to_the_ramekin_and_place_it_on_the_plate_view_0_0_100_0_0_initstate_112,Robot Initial States,3,libero_plus:libero_spatial:293,10,1,10,10,1.0,0,0,0,0.0,,,
libero_plus,task_identity,pick_up_the_black_bowl_next_to_the_ramekin_and_place_it_on_the_plate_view_0_0_100_0_0_initstate_252,libero_spatial,pick_up_the_black_bowl_next_to_the_ramekin_and_place_it_on_the_plate,pick_up_the_black_bowl_next_to_the_ramekin_and_place_it_on_the_plate_view_0_0_100_0_0_initstate_252,Robot Initial States,2,libero_plus:libero_spatial:304,10,1,1,10,1.0,0,0,0,0.0,,,
libero_plus,task_identity,pick_up_the_black_bowl_next_to_the_ramekin_and_place_it_on_the_plate_view_0_0_100_0_0_initstate_252,libero_spatial,pick_up_the_black_bowl_next_to_the_ramekin_and_place_it_on_the_plate,pick_up_the_black_bowl_next_to_the_ramekin_and_place_it_on_the_plate_view_0_0_100_0_0_initstate_252,Robot Initial States,2,libero_plus:libero_spatial:304,10,1,2,10,1.0,0,0,0,0.0,,,
libero_plus,task_identity,pick_up_the_black_bowl_next_to_the_ramekin_and_place_it_on_the_plate_view_0_0_100_0_0_initstate_252,libero_spatial,pick_up_the_black_bowl_next_to_the_ramekin_and_place_it_on_the_plate,pick_up_the_black_bowl_next_to_the_ramekin_and_place_it_on_the_plate_view_0_0_100_0_0_initstate_252,Robot Initial States,2,libero_plus:libero_spatial:304,10,1,4,10,1.0,0,0,0,0.0,,,
libero_plus,task_identity,pick_up_the_black_bowl_next_to_the_ramekin_and_place_it_on_the_plate_view_0_0_100_0_0_initstate_252,libero_spatial,pick_up_the_black_bowl_next_to_the_ramekin_and_place_it_on_the_plate,pick_up_the_black_bowl_next_to_the_ramekin_and_place_it_on_the_plate_view_0_0_100_0_0_initstate_252,Robot Initial States,2,libero_plus:libero_spatial:304,10,1,10,10,1.0,0,0,0,0.0,,,
libero_plus,task_identity,pick_up_the_black_bowl_next_to_the_ramekin_and_place_it_on_the_plate_view_0_0_115_0_0_initstate_0,libero_spatial,pick_up_the_black_bowl_next_to_the_ramekin_and_place_it_on_the_plate,pick_up_the_black_bowl_next_to_the_ramekin_and_place_it_on_the_plate_view_0_0_115_0_0_initstate_0,Camera Viewpoints,2,libero_plus:libero_spatial:614,10,1,1,10,1.0,0,0,0,0.0,,,
libero_plus,task_identity,pick_up_the_black_bowl_next_to_the_ramekin_and_place_it_on_the_plate_view_0_0_115_0_0_initstate_0,libero_spatial,pick_up_the_black_bowl_next_to_the_ramekin_and_place_it_on_the_plate,pick_up_the_black_bowl_next_to_the_ramekin_and_place_it_on_the_plate_view_0_0_115_0_0_initstate_0,Camera Viewpoints,2,libero_plus:libero_spatial:614,10,1,2,10,1.0,0,0,0,0.0,,,
libero_plus,task_identity,pick_up_the_black_bowl_next_to_the_ramekin_and_place_it_on_the_plate_view_0_0_115_0_0_initstate_0,libero_spatial,pick_up_the_black_bowl_next_to_the_ramekin_and_place_it_on_the_plate,pick_up_the_black_bowl_next_to_the_ramekin_and_place_it_on_the_plate_view_0_0_115_0_0_initstate_0,Camera Viewpoints,2,libero_plus:libero_spatial:614,10,1,4,10,1.0,0,0,0,0.0,,,
libero_plus,task_identity,pick_up_the_black_bowl_next_to_the_ramekin_and_place_it_on_the_plate_view_0_0_115_0_0_initstate_0,libero_spatial,pick_up_the_black_bowl_next_to_the_ramekin_and_place_it_on_the_plate,pick_up_the_black_bowl_next_to_the_ramekin_and_place_it_on_the_plate_view_0_0_115_0_0_initstate_0,Camera Viewpoints,2,libero_plus:libero_spatial:614,10,1,10,10,1.0,0,0,0,0.0,,,
libero_plus,task_identity,pick_up_the_black_bowl_next_to_the_ramekin_and_place_it_on_the_plate_view_0_0_120_0_0_initstate_0,libero_spatial,pick_up_the_black_bowl_next_to_the_ramekin_and_place_it_on_the_plate,pick_up_the_black_bowl_next_to_the_ramekin_and_place_it_on_the_plate_view_0_0_120_0_0_initstate_0,Camera Viewpoints,3,libero_plus:libero_spatial:616,10,1,1,10,1.0,0,0,0,0.0,,,
libero_plus,task_identity,pick_up_the_black_bowl_next_to_the_ramekin_and_place_it_on_the_plate_view_0_0_120_0_0_initstate_0,libero_spatial,pick_up_the_black_bowl_next_to_the_ramekin_and_place_it_on_the_plate,pick_up_the_black_bowl_next_to_the_ramekin_and_place_it_on_the_plate_view_0_0_120_0_0_initstate_0,Camera Viewpoints,3,libero_plus:libero_spatial:616,10,1,2,10,1.0,0,0,0,0.0,,,
libero_plus,task_identity,pick_up_the_black_bowl_next_to_the_ramekin_and_place_it_on_the_plate_view_0_0_120_0_0_initstate_0,libero_spatial,pick_up_the_black_bowl_next_to_the_ramekin_and_place_it_on_the_plate,pick_up_the_black_bowl_next_to_the_ramekin_and_place_it_on_the_plate_view_0_0_120_0_0_initstate_0,Camera Viewpoints,3,libero_plus:libero_spatial:616,10,1,4,10,1.0,0,0,0,0.0,,,
libero_plus,task_identity,pick_up_the_black_bowl_next_to_the_ramekin_and_place_it_on_the_plate_view_0_0_120_0_0_initstate_0,libero_spatial,pick_up_the_black_bowl_next_to_the_ramekin_and_place_it_on_the_plate,pick_up_the_black_bowl_next_to_the_ramekin_and_place_it_on_the_plate_view_0_0_120_0_0_initstate_0,Camera Viewpoints,3,libero_plus:libero_spatial:616,10,1,10,10,1.0,0,0,0,0.0,,,
libero_plus,task_identity,pick_up_the_black_bowl_on_the_cookie_box_and_place_it_on_the_plate_view_58_0_100_0_0_initstate_0,libero_spatial,pick_up_the_black_bowl_on_the_cookie_box_and_place_it_on_the_plate,pick_up_the_black_bowl_on_the_cookie_box_and_place_it_on_the_plate_view_58_0_100_0_0_initstate_0,Camera Viewpoints,3,libero_plus:libero_spatial:729,10,1,1,10,1.0,0,0,0,0.0,,,
libero_plus,task_identity,pick_up_the_black_bowl_on_the_cookie_box_and_place_it_on_the_plate_view_58_0_100_0_0_initstate_0,libero_spatial,pick_up_the_black_bowl_on_the_cookie_box_and_place_it_on_the_plate,pick_up_the_black_bowl_on_the_cookie_box_and_place_it_on_the_plate_view_58_0_100_0_0_initstate_0,Camera Viewpoints,3,libero_plus:libero_spatial:729,10,1,2,9,0.9,0,0,1,-0.1,,,
libero_plus,task_identity,pick_up_the_black_bowl_on_the_cookie_box_and_place_it_on_the_plate_view_58_0_100_0_0_initstate_0,libero_spatial,pick_up_the_black_bowl_on_the_cookie_box_and_place_it_on_the_plate,pick_up_the_black_bowl_on_the_cookie_box_and_place_it_on_the_plate_view_58_0_100_0_0_initstate_0,Camera Viewpoints,3,libero_plus:libero_spatial:729,10,1,4,8,0.8,0,0,2,-0.2,,,
libero_plus,task_identity,pick_up_the_black_bowl_on_the_cookie_box_and_place_it_on_the_plate_view_58_0_100_0_0_initstate_0,libero_spatial,pick_up_the_black_bowl_on_the_cookie_box_and_place_it_on_the_plate,pick_up_the_black_bowl_on_the_cookie_box_and_place_it_on_the_plate_view_58_0_100_0_0_initstate_0,Camera Viewpoints,3,libero_plus:libero_spatial:729,10,1,10,9,0.9,0,0,1,-0.1,,,
libero_plus,task_identity,pick_up_the_cream_cheese_and_place_it_in_the_basket_view_0_0_100_0_0_initstate_2,libero_object,pick_up_the_cream_cheese_and_place_it_in_the_basket,pick_up_the_cream_cheese_and_place_it_in_the_basket_view_0_0_100_0_0_initstate_2,Robot Initial States,2,libero_plus:libero_object:290,10,1,1,7,0.7,3,0,0,0.0,0.0,,
libero_plus,task_identity,pick_up_the_cream_cheese_and_place_it_in_the_basket_view_0_0_100_0_0_initstate_2,libero_object,pick_up_the_cream_cheese_and_place_it_in_the_basket,pick_up_the_cream_cheese_and_place_it_in_the_basket_view_0_0_100_0_0_initstate_2,Robot Initial States,2,libero_plus:libero_object:290,10,1,2,9,0.9,3,2,0,0.2,0.6666666666666666,,
libero_plus,task_identity,pick_up_the_cream_cheese_and_place_it_in_the_basket_view_0_0_100_0_0_initstate_2,libero_object,pick_up_the_cream_cheese_and_place_it_in_the_basket,pick_up_the_cream_cheese_and_place_it_in_the_basket_view_0_0_100_0_0_initstate_2,Robot Initial States,2,libero_plus:libero_object:290,10,1,4,9,0.9,3,2,0,0.2,0.6666666666666666,,
libero_plus,task_identity,pick_up_the_cream_cheese_and_place_it_in_the_basket_view_0_0_100_0_0_initstate_2,libero_object,pick_up_the_cream_cheese_and_place_it_in_the_basket,pick_up_the_cream_cheese_and_place_it_in_the_basket_view_0_0_100_0_0_initstate_2,Robot Initial States,2,libero_plus:libero_object:290,10,1,10,9,0.9,3,2,0,0.2,0.6666666666666666,,
libero_plus,task_identity,pick_up_the_cream_cheese_and_place_it_in_the_basket_view_0_0_100_0_0_initstate_62,libero_object,pick_up_the_cream_cheese_and_place_it_in_the_basket,pick_up_the_cream_cheese_and_place_it_in_the_basket_view_0_0_100_0_0_initstate_62,Robot Initial States,3,libero_plus:libero_object:292,10,1,1,6,0.6,4,0,0,0.0,0.0,,
libero_plus,task_identity,pick_up_the_cream_cheese_and_place_it_in_the_basket_view_0_0_100_0_0_initstate_62,libero_object,pick_up_the_cream_cheese_and_place_it_in_the_basket,pick_up_the_cream_cheese_and_place_it_in_the_basket_view_0_0_100_0_0_initstate_62,Robot Initial States,3,libero_plus:libero_object:292,10,1,2,5,0.5,4,1,2,-0.1,0.25,,
libero_plus,task_identity,pick_up_the_cream_cheese_and_place_it_in_the_basket_view_0_0_100_0_0_initstate_62,libero_object,pick_up_the_cream_cheese_and_place_it_in_the_basket,pick_up_the_cream_cheese_and_place_it_in_the_basket_view_0_0_100_0_0_initstate_62,Robot Initial States,3,libero_plus:libero_object:292,10,1,4,5,0.5,4,1,2,-0.1,0.25,,
libero_plus,task_identity,pick_up_the_cream_cheese_and_place_it_in_the_basket_view_0_0_100_0_0_initstate_62,libero_object,pick_up_the_cream_cheese_and_place_it_in_the_basket,pick_up_the_cream_cheese_and_place_it_in_the_basket_view_0_0_100_0_0_initstate_62,Robot Initial States,3,libero_plus:libero_object:292,10,1,10,6,0.6,4,1,1,0.0,0.25,,
libero_plus,task_identity,pick_up_the_cream_cheese_and_place_it_in_the_basket_view_0_0_100_4_10_initstate_0,libero_object,pick_up_the_cream_cheese_and_place_it_in_the_basket,pick_up_the_cream_cheese_and_place_it_in_the_basket_view_0_0_100_4_10_initstate_0,Camera Viewpoints,3,libero_plus:libero_object:672,10,1,1,10,1.0,0,0,0,0.0,,,
libero_plus,task_identity,pick_up_the_cream_cheese_and_place_it_in_the_basket_view_0_0_100_4_10_initstate_0,libero_object,pick_up_the_cream_cheese_and_place_it_in_the_basket,pick_up_the_cream_cheese_and_place_it_in_the_basket_view_0_0_100_4_10_initstate_0,Camera Viewpoints,3,libero_plus:libero_object:672,10,1,2,10,1.0,0,0,0,0.0,,,
libero_plus,task_identity,pick_up_the_cream_cheese_and_place_it_in_the_basket_view_0_0_100_4_10_initstate_0,libero_object,pick_up_the_cream_cheese_and_place_it_in_the_basket,pick_up_the_cream_cheese_and_place_it_in_the_basket_view_0_0_100_4_10_initstate_0,Camera Viewpoints,3,libero_plus:libero_object:672,10,1,4,10,1.0,0,0,0,0.0,,,
libero_plus,task_identity,pick_up_the_cream_cheese_and_place_it_in_the_basket_view_0_0_100_4_10_initstate_0,libero_object,pick_up_the_cream_cheese_and_place_it_in_the_basket,pick_up_the_cream_cheese_and_place_it_in_the_basket_view_0_0_100_4_10_initstate_0,Camera Viewpoints,3,libero_plus:libero_object:672,10,1,10,10,1.0,0,0,0,0.0,,,
libero_plus,task_identity,pick_up_the_cream_cheese_and_place_it_in_the_basket_view_0_0_119_0_0_initstate_0,libero_object,pick_up_the_cream_cheese_and_place_it_in_the_basket,pick_up_the_cream_cheese_and_place_it_in_the_basket_view_0_0_119_0_0_initstate_0,Camera Viewpoints,2,libero_plus:libero_object:668,10,1,1,9,0.9,1,0,0,0.0,0.0,,
libero_plus,task_identity,pick_up_the_cream_cheese_and_place_it_in_the_basket_view_0_0_119_0_0_initstate_0,libero_object,pick_up_the_cream_cheese_and_place_it_in_the_basket,pick_up_the_cream_cheese_and_place_it_in_the_basket_view_0_0_119_0_0_initstate_0,Camera Viewpoints,2,libero_plus:libero_object:668,10,1,2,10,1.0,1,1,0,0.1,1.0,,
libero_plus,task_identity,pick_up_the_cream_cheese_and_place_it_in_the_basket_view_0_0_119_0_0_initstate_0,libero_object,pick_up_the_cream_cheese_and_place_it_in_the_basket,pick_up_the_cream_cheese_and_place_it_in_the_basket_view_0_0_119_0_0_initstate_0,Camera Viewpoints,2,libero_plus:libero_object:668,10,1,4,10,1.0,1,1,0,0.1,1.0,,
libero_plus,task_identity,pick_up_the_cream_cheese_and_place_it_in_the_basket_view_0_0_119_0_0_initstate_0,libero_object,pick_up_the_cream_cheese_and_place_it_in_the_basket,pick_up_the_cream_cheese_and_place_it_in_the_basket_view_0_0_119_0_0_initstate_0,Camera Viewpoints,2,libero_plus:libero_object:668,10,1,10,10,1.0,1,1,0,0.1,1.0,,
libero_plus,task_identity,put_the_bowl_on_the_stove_view_0_0_100_0_0_initstate_112,libero_goal,put_the_bowl_on_the_stove,put_the_bowl_on_the_stove_view_0_0_100_0_0_initstate_112,Robot Initial States,2,libero_plus:libero_goal:328,10,1,1,10,1.0,0,0,0,0.0,,,
libero_plus,task_identity,put_the_bowl_on_the_stove_view_0_0_100_0_0_initstate_112,libero_goal,put_the_bowl_on_the_stove,put_the_bowl_on_the_stove_view_0_0_100_0_0_initstate_112,Robot Initial States,2,libero_plus:libero_goal:328,10,1,2,10,1.0,0,0,0,0.0,,,
libero_plus,task_identity,put_the_bowl_on_the_stove_view_0_0_100_0_0_initstate_112,libero_goal,put_the_bowl_on_the_stove,put_the_bowl_on_the_stove_view_0_0_100_0_0_initstate_112,Robot Initial States,2,libero_plus:libero_goal:328,10,1,4,10,1.0,0,0,0,0.0,,,
libero_plus,task_identity,put_the_bowl_on_the_stove_view_0_0_100_0_0_initstate_112,libero_goal,put_the_bowl_on_the_stove,put_the_bowl_on_the_stove_view_0_0_100_0_0_initstate_112,Robot Initial States,2,libero_plus:libero_goal:328,10,1,10,10,1.0,0,0,0,0.0,,,
libero_plus,task_identity,put_the_bowl_on_the_stove_view_0_0_100_0_0_initstate_132,libero_goal,put_the_bowl_on_the_stove,put_the_bowl_on_the_stove_view_0_0_100_0_0_initstate_132,Robot Initial States,3,libero_plus:libero_goal:329,10,1,1,10,1.0,0,0,0,0.0,,,
libero_plus,task_identity,put_the_bowl_on_the_stove_view_0_0_100_0_0_initstate_132,libero_goal,put_the_bowl_on_the_stove,put_the_bowl_on_the_stove_view_0_0_100_0_0_initstate_132,Robot Initial States,3,libero_plus:libero_goal:329,10,1,2,10,1.0,0,0,0,0.0,,,
libero_plus,task_identity,put_the_bowl_on_the_stove_view_0_0_100_0_0_initstate_132,libero_goal,put_the_bowl_on_the_stove,put_the_bowl_on_the_stove_view_0_0_100_0_0_initstate_132,Robot Initial States,3,libero_plus:libero_goal:329,10,1,4,10,1.0,0,0,0,0.0,,,
libero_plus,task_identity,put_the_bowl_on_the_stove_view_0_0_100_0_0_initstate_132,libero_goal,put_the_bowl_on_the_stove,put_the_bowl_on_the_stove_view_0_0_100_0_0_initstate_132,Robot Initial States,3,libero_plus:libero_goal:329,10,1,10,10,1.0,0,0,0,0.0,,,
libero_plus,task_identity,put_the_bowl_on_the_stove_view_16_15_100_0_0_initstate_0,libero_goal,put_the_bowl_on_the_stove,put_the_bowl_on_the_stove_view_16_15_100_0_0_initstate_0,Camera Viewpoints,2,libero_plus:libero_goal:718,10,1,1,10,1.0,0,0,0,0.0,,,
libero_plus,task_identity,put_the_bowl_on_the_stove_view_16_15_100_0_0_initstate_0,libero_goal,put_the_bowl_on_the_stove,put_the_bowl_on_the_stove_view_16_15_100_0_0_initstate_0,Camera Viewpoints,2,libero_plus:libero_goal:718,10,1,2,9,0.9,0,0,1,-0.1,,,
libero_plus,task_identity,put_the_bowl_on_the_stove_view_16_15_100_0_0_initstate_0,libero_goal,put_the_bowl_on_the_stove,put_the_bowl_on_the_stove_view_16_15_100_0_0_initstate_0,Camera Viewpoints,2,libero_plus:libero_goal:718,10,1,4,10,1.0,0,0,0,0.0,,,
libero_plus,task_identity,put_the_bowl_on_the_stove_view_16_15_100_0_0_initstate_0,libero_goal,put_the_bowl_on_the_stove,put_the_bowl_on_the_stove_view_16_15_100_0_0_initstate_0,Camera Viewpoints,2,libero_plus:libero_goal:718,10,1,10,9,0.9,0,0,1,-0.1,,,
libero_plus,task_identity,put_the_bowl_on_the_stove_view_22_15_100_0_0_initstate_0,libero_goal,put_the_bowl_on_the_stove,put_the_bowl_on_the_stove_view_22_15_100_0_0_initstate_0,Camera Viewpoints,3,libero_plus:libero_goal:727,10,1,1,10,1.0,0,0,0,0.0,,,
libero_plus,task_identity,put_the_bowl_on_the_stove_view_22_15_100_0_0_initstate_0,libero_goal,put_the_bowl_on_the_stove,put_the_bowl_on_the_stove_view_22_15_100_0_0_initstate_0,Camera Viewpoints,3,libero_plus:libero_goal:727,10,1,2,8,0.8,0,0,2,-0.2,,,
libero_plus,task_identity,put_the_bowl_on_the_stove_view_22_15_100_0_0_initstate_0,libero_goal,put_the_bowl_on_the_stove,put_the_bowl_on_the_stove_view_22_15_100_0_0_initstate_0,Camera Viewpoints,3,libero_plus:libero_goal:727,10,1,4,8,0.8,0,0,2,-0.2,,,
libero_plus,task_identity,put_the_bowl_on_the_stove_view_22_15_100_0_0_initstate_0,libero_goal,put_the_bowl_on_the_stove,put_the_bowl_on_the_stove_view_22_15_100_0_0_initstate_0,Camera Viewpoints,3,libero_plus:libero_goal:727,10,1,10,10,1.0,0,0,0,0.0,,,
libero_plus,perturbation_type,Camera Viewpoints,libero_10;libero_goal;libero_object;libero_spatial,LIVING_ROOM_SCENE2_put_both_the_alphabet_soup_and_the_tomato_sauce_in_the_basket;LIVING_ROOM_SCENE2_put_both_the_cream_cheese_box_and_the_butter_in_the_basket;open_the_middle_drawer_of_the_cabinet;pick_up_the_alphabet_soup_and_place_it_in_the_basket;pick_up_the_black_bowl_between_the_plate_and_the_ramekin_and_place_it_on_the_plate;pick_up_the_black_bowl_next_to_the_ramekin_and_place_it_on_the_plate;pick_up_the_black_bowl_on_the_cookie_box_and_place_it_on_the_plate;pick_up_the_cream_cheese_and_place_it_in_the_basket;put_the_bowl_on_the_stove,LIVING_ROOM_SCENE2_put_both_the_alphabet_soup_and_the_tomato_sauce_in_the_basket_view_0_0_100_2_350_initstate_0;LIVING_ROOM_SCENE2_put_both_the_alphabet_soup_and_the_tomato_sauce_in_the_basket_view_0_0_100_2_6_initstate_0;LIVING_ROOM_SCENE2_put_both_the_cream_cheese_box_and_the_butter_in_the_basket_view_0_0_100_4_6_initstate_0;LIVING_ROOM_SCENE2_put_both_the_cream_cheese_box_and_the_butter_in_the_basket_view_17_15_100_0_0_initstate_0;open_the_middle_drawer_of_the_cabinet_view_0_0_100_2_4_initstate_0;open_the_middle_drawer_of_the_cabinet_view_0_0_100_2_6_initstate_0;pick_up_the_alphabet_soup_and_place_it_in_the_basket_view_0_0_100_2_6_initstate_0;pick_up_the_alphabet_soup_and_place_it_in_the_basket_view_6_15_100_0_0_initstate_0;pick_up_the_black_bowl_between_the_plate_and_the_ramekin_and_place_it_on_the_plate_view_13_15_100_0_0_initstate_0;pick_up_the_black_bowl_next_to_the_ramekin_and_place_it_on_the_plate_view_0_0_115_0_0_initstate_0;pick_up_the_black_bowl_next_to_the_ramekin_and_place_it_on_the_plate_view_0_0_120_0_0_initstate_0;pick_up_the_black_bowl_on_the_cookie_box_and_place_it_on_the_plate_view_58_0_100_0_0_initstate_0;pick_up_the_cream_cheese_and_place_it_in_the_basket_view_0_0_100_4_10_initstate_0;pick_up_the_cream_cheese_and_place_it_in_the_basket_view_0_0_119_0_0_initstate_0;put_the_bowl_on_the_stove_view_16_15_100_0_0_initstate_0;put_the_bowl_on_the_stove_view_22_15_100_0_0_initstate_0,Camera Viewpoints,2;3,libero_plus:libero_10:682;libero_plus:libero_10:685;libero_plus:libero_10:703;libero_plus:libero_10:711;libero_plus:libero_goal:690;libero_plus:libero_goal:691;libero_plus:libero_goal:718;libero_plus:libero_goal:727;libero_plus:libero_object:647;libero_plus:libero_object:657;libero_plus:libero_object:668;libero_plus:libero_object:672;libero_plus:libero_spatial:611;libero_plus:libero_spatial:614;libero_plus:libero_spatial:616;libero_plus:libero_spatial:729,160,16,1,159,0.99375,1,0,0,0.0,0.0,,
libero_plus,perturbation_type,Camera Viewpoints,libero_10;libero_goal;libero_object;libero_spatial,LIVING_ROOM_SCENE2_put_both_the_alphabet_soup_and_the_tomato_sauce_in_the_basket;LIVING_ROOM_SCENE2_put_both_the_cream_cheese_box_and_the_butter_in_the_basket;open_the_middle_drawer_of_the_cabinet;pick_up_the_alphabet_soup_and_place_it_in_the_basket;pick_up_the_black_bowl_between_the_plate_and_the_ramekin_and_place_it_on_the_plate;pick_up_the_black_bowl_next_to_the_ramekin_and_place_it_on_the_plate;pick_up_the_black_bowl_on_the_cookie_box_and_place_it_on_the_plate;pick_up_the_cream_cheese_and_place_it_in_the_basket;put_the_bowl_on_the_stove,LIVING_ROOM_SCENE2_put_both_the_alphabet_soup_and_the_tomato_sauce_in_the_basket_view_0_0_100_2_350_initstate_0;LIVING_ROOM_SCENE2_put_both_the_alphabet_soup_and_the_tomato_sauce_in_the_basket_view_0_0_100_2_6_initstate_0;LIVING_ROOM_SCENE2_put_both_the_cream_cheese_box_and_the_butter_in_the_basket_view_0_0_100_4_6_initstate_0;LIVING_ROOM_SCENE2_put_both_the_cream_cheese_box_and_the_butter_in_the_basket_view_17_15_100_0_0_initstate_0;open_the_middle_drawer_of_the_cabinet_view_0_0_100_2_4_initstate_0;open_the_middle_drawer_of_the_cabinet_view_0_0_100_2_6_initstate_0;pick_up_the_alphabet_soup_and_place_it_in_the_basket_view_0_0_100_2_6_initstate_0;pick_up_the_alphabet_soup_and_place_it_in_the_basket_view_6_15_100_0_0_initstate_0;pick_up_the_black_bowl_between_the_plate_and_the_ramekin_and_place_it_on_the_plate_view_13_15_100_0_0_initstate_0;pick_up_the_black_bowl_next_to_the_ramekin_and_place_it_on_the_plate_view_0_0_115_0_0_initstate_0;pick_up_the_black_bowl_next_to_the_ramekin_and_place_it_on_the_plate_view_0_0_120_0_0_initstate_0;pick_up_the_black_bowl_on_the_cookie_box_and_place_it_on_the_plate_view_58_0_100_0_0_initstate_0;pick_up_the_cream_cheese_and_place_it_in_the_basket_view_0_0_100_4_10_initstate_0;pick_up_the_cream_cheese_and_place_it_in_the_basket_view_0_0_119_0_0_initstate_0;put_the_bowl_on_the_stove_view_16_15_100_0_0_initstate_0;put_the_bowl_on_the_stove_view_22_15_100_0_0_initstate_0,Camera Viewpoints,2;3,libero_plus:libero_10:682;libero_plus:libero_10:685;libero_plus:libero_10:703;libero_plus:libero_10:711;libero_plus:libero_goal:690;libero_plus:libero_goal:691;libero_plus:libero_goal:718;libero_plus:libero_goal:727;libero_plus:libero_object:647;libero_plus:libero_object:657;libero_plus:libero_object:668;libero_plus:libero_object:672;libero_plus:libero_spatial:611;libero_plus:libero_spatial:614;libero_plus:libero_spatial:616;libero_plus:libero_spatial:729,160,16,2,153,0.95625,1,1,7,-0.0375,1.0,-0.075,-0.00625
libero_plus,perturbation_type,Camera Viewpoints,libero_10;libero_goal;libero_object;libero_spatial,LIVING_ROOM_SCENE2_put_both_the_alphabet_soup_and_the_tomato_sauce_in_the_basket;LIVING_ROOM_SCENE2_put_both_the_cream_cheese_box_and_the_butter_in_the_basket;open_the_middle_drawer_of_the_cabinet;pick_up_the_alphabet_soup_and_place_it_in_the_basket;pick_up_the_black_bowl_between_the_plate_and_the_ramekin_and_place_it_on_the_plate;pick_up_the_black_bowl_next_to_the_ramekin_and_place_it_on_the_plate;pick_up_the_black_bowl_on_the_cookie_box_and_place_it_on_the_plate;pick_up_the_cream_cheese_and_place_it_in_the_basket;put_the_bowl_on_the_stove,LIVING_ROOM_SCENE2_put_both_the_alphabet_soup_and_the_tomato_sauce_in_the_basket_view_0_0_100_2_350_initstate_0;LIVING_ROOM_SCENE2_put_both_the_alphabet_soup_and_the_tomato_sauce_in_the_basket_view_0_0_100_2_6_initstate_0;LIVING_ROOM_SCENE2_put_both_the_cream_cheese_box_and_the_butter_in_the_basket_view_0_0_100_4_6_initstate_0;LIVING_ROOM_SCENE2_put_both_the_cream_cheese_box_and_the_butter_in_the_basket_view_17_15_100_0_0_initstate_0;open_the_middle_drawer_of_the_cabinet_view_0_0_100_2_4_initstate_0;open_the_middle_drawer_of_the_cabinet_view_0_0_100_2_6_initstate_0;pick_up_the_alphabet_soup_and_place_it_in_the_basket_view_0_0_100_2_6_initstate_0;pick_up_the_alphabet_soup_and_place_it_in_the_basket_view_6_15_100_0_0_initstate_0;pick_up_the_black_bowl_between_the_plate_and_the_ramekin_and_place_it_on_the_plate_view_13_15_100_0_0_initstate_0;pick_up_the_black_bowl_next_to_the_ramekin_and_place_it_on_the_plate_view_0_0_115_0_0_initstate_0;pick_up_the_black_bowl_next_to_the_ramekin_and_place_it_on_the_plate_view_0_0_120_0_0_initstate_0;pick_up_the_black_bowl_on_the_cookie_box_and_place_it_on_the_plate_view_58_0_100_0_0_initstate_0;pick_up_the_cream_cheese_and_place_it_in_the_basket_view_0_0_100_4_10_initstate_0;pick_up_the_cream_cheese_and_place_it_in_the_basket_view_0_0_119_0_0_initstate_0;put_the_bowl_on_the_stove_view_16_15_100_0_0_initstate_0;put_the_bowl_on_the_stove_view_22_15_100_0_0_initstate_0,Camera Viewpoints,2;3,libero_plus:libero_10:682;libero_plus:libero_10:685;libero_plus:libero_10:703;libero_plus:libero_10:711;libero_plus:libero_goal:690;libero_plus:libero_goal:691;libero_plus:libero_goal:718;libero_plus:libero_goal:727;libero_plus:libero_object:647;libero_plus:libero_object:657;libero_plus:libero_object:668;libero_plus:libero_object:672;libero_plus:libero_spatial:611;libero_plus:libero_spatial:614;libero_plus:libero_spatial:616;libero_plus:libero_spatial:729,160,16,4,154,0.9625,1,1,6,-0.03125,1.0,-0.06875,0.00625
libero_plus,perturbation_type,Camera Viewpoints,libero_10;libero_goal;libero_object;libero_spatial,LIVING_ROOM_SCENE2_put_both_the_alphabet_soup_and_the_tomato_sauce_in_the_basket;LIVING_ROOM_SCENE2_put_both_the_cream_cheese_box_and_the_butter_in_the_basket;open_the_middle_drawer_of_the_cabinet;pick_up_the_alphabet_soup_and_place_it_in_the_basket;pick_up_the_black_bowl_between_the_plate_and_the_ramekin_and_place_it_on_the_plate;pick_up_the_black_bowl_next_to_the_ramekin_and_place_it_on_the_plate;pick_up_the_black_bowl_on_the_cookie_box_and_place_it_on_the_plate;pick_up_the_cream_cheese_and_place_it_in_the_basket;put_the_bowl_on_the_stove,LIVING_ROOM_SCENE2_put_both_the_alphabet_soup_and_the_tomato_sauce_in_the_basket_view_0_0_100_2_350_initstate_0;LIVING_ROOM_SCENE2_put_both_the_alphabet_soup_and_the_tomato_sauce_in_the_basket_view_0_0_100_2_6_initstate_0;LIVING_ROOM_SCENE2_put_both_the_cream_cheese_box_and_the_butter_in_the_basket_view_0_0_100_4_6_initstate_0;LIVING_ROOM_SCENE2_put_both_the_cream_cheese_box_and_the_butter_in_the_basket_view_17_15_100_0_0_initstate_0;open_the_middle_drawer_of_the_cabinet_view_0_0_100_2_4_initstate_0;open_the_middle_drawer_of_the_cabinet_view_0_0_100_2_6_initstate_0;pick_up_the_alphabet_soup_and_place_it_in_the_basket_view_0_0_100_2_6_initstate_0;pick_up_the_alphabet_soup_and_place_it_in_the_basket_view_6_15_100_0_0_initstate_0;pick_up_the_black_bowl_between_the_plate_and_the_ramekin_and_place_it_on_the_plate_view_13_15_100_0_0_initstate_0;pick_up_the_black_bowl_next_to_the_ramekin_and_place_it_on_the_plate_view_0_0_115_0_0_initstate_0;pick_up_the_black_bowl_next_to_the_ramekin_and_place_it_on_the_plate_view_0_0_120_0_0_initstate_0;pick_up_the_black_bowl_on_the_cookie_box_and_place_it_on_the_plate_view_58_0_100_0_0_initstate_0;pick_up_the_cream_cheese_and_place_it_in_the_basket_view_0_0_100_4_10_initstate_0;pick_up_the_cream_cheese_and_place_it_in_the_basket_view_0_0_119_0_0_initstate_0;put_the_bowl_on_the_stove_view_16_15_100_0_0_initstate_0;put_the_bowl_on_the_stove_view_22_15_100_0_0_initstate_0,Camera Viewpoints,2;3,libero_plus:libero_10:682;libero_plus:libero_10:685;libero_plus:libero_10:703;libero_plus:libero_10:711;libero_plus:libero_goal:690;libero_plus:libero_goal:691;libero_plus:libero_goal:718;libero_plus:libero_goal:727;libero_plus:libero_object:647;libero_plus:libero_object:657;libero_plus:libero_object:668;libero_plus:libero_object:672;libero_plus:libero_spatial:611;libero_plus:libero_spatial:614;libero_plus:libero_spatial:616;libero_plus:libero_spatial:729,160,16,10,155,0.96875,1,1,5,-0.025,1.0,-0.05625,0.00625
libero_plus,perturbation_type,Objects Layout,libero_10;libero_goal;libero_object;libero_spatial,KITCHEN_SCENE3_turn_on_the_stove_and_put_the_moka_pot_on_it;KITCHEN_SCENE4_put_the_black_bowl_in_the_bottom_drawer_of_the_cabinet_and_close_it;open_the_middle_drawer_of_the_cabinet;open_the_top_drawer_and_put_the_bowl_inside;pick_up_the_alphabet_soup_and_place_it_in_the_basket;pick_up_the_bbq_sauce_and_place_it_in_the_basket;pick_up_the_black_bowl_between_the_plate_and_the_ramekin_and_place_it_on_the_plate;pick_up_the_black_bowl_from_table_center_and_place_it_on_the_plate;pick_up_the_black_bowl_next_to_the_plate_and_place_it_on_the_plate,KITCHEN_SCENE3_turn_on_the_stove_and_put_the_moka_pot_on_it_add_25;KITCHEN_SCENE3_turn_on_the_stove_and_put_the_moka_pot_on_it_level5_sample3;KITCHEN_SCENE4_put_the_black_bowl_in_the_bottom_drawer_of_the_cabinet_and_close_it_add_15;KITCHEN_SCENE4_put_the_black_bowl_in_the_bottom_drawer_of_the_cabinet_and_close_it_level3_sample1;open_the_middle_drawer_of_the_cabinet_add_13;open_the_middle_drawer_of_the_cabinet_add_15;open_the_top_drawer_and_put_the_bowl_inside_add_10;open_the_top_drawer_and_put_the_bowl_inside_add_13;pick_up_the_alphabet_soup_and_place_it_in_the_basket_add_11;pick_up_the_alphabet_soup_and_place_it_in_the_basket_add_18;pick_up_the_bbq_sauce_and_place_it_in_the_basket_add_10;pick_up_the_bbq_sauce_and_place_it_in_the_basket_add_15;pick_up_the_black_bowl_between_the_plate_and_the_ramekin_and_place_it_on_the_plate_add_2;pick_up_the_black_bowl_between_the_plate_and_the_ramekin_and_place_it_on_the_plate_level5_sample3;pick_up_the_black_bowl_from_table_center_and_place_it_on_the_plate_add_15;pick_up_the_black_bowl_next_to_the_plate_and_place_it_on_the_plate_level1_sample1,Objects Layout,2;3,libero_plus:libero_10:1940;libero_plus:libero_10:1957;libero_plus:libero_10:1961;libero_plus:libero_10:1974;libero_plus:libero_goal:1890;libero_plus:libero_goal:1892;libero_plus:libero_goal:1931;libero_plus:libero_goal:1933;libero_plus:libero_object:1819;libero_plus:libero_object:1824;libero_plus:libero_object:1859;libero_plus:libero_object:1863;libero_plus:libero_spatial:1734;libero_plus:libero_spatial:1767;libero_plus:libero_spatial:1772;libero_plus:libero_spatial:1893,160,16,1,153,0.95625,7,0,0,0.0,0.0,,
libero_plus,perturbation_type,Objects Layout,libero_10;libero_goal;libero_object;libero_spatial,KITCHEN_SCENE3_turn_on_the_stove_and_put_the_moka_pot_on_it;KITCHEN_SCENE4_put_the_black_bowl_in_the_bottom_drawer_of_the_cabinet_and_close_it;open_the_middle_drawer_of_the_cabinet;open_the_top_drawer_and_put_the_bowl_inside;pick_up_the_alphabet_soup_and_place_it_in_the_basket;pick_up_the_bbq_sauce_and_place_it_in_the_basket;pick_up_the_black_bowl_between_the_plate_and_the_ramekin_and_place_it_on_the_plate;pick_up_the_black_bowl_from_table_center_and_place_it_on_the_plate;pick_up_the_black_bowl_next_to_the_plate_and_place_it_on_the_plate,KITCHEN_SCENE3_turn_on_the_stove_and_put_the_moka_pot_on_it_add_25;KITCHEN_SCENE3_turn_on_the_stove_and_put_the_moka_pot_on_it_level5_sample3;KITCHEN_SCENE4_put_the_black_bowl_in_the_bottom_drawer_of_the_cabinet_and_close_it_add_15;KITCHEN_SCENE4_put_the_black_bowl_in_the_bottom_drawer_of_the_cabinet_and_close_it_level3_sample1;open_the_middle_drawer_of_the_cabinet_add_13;open_the_middle_drawer_of_the_cabinet_add_15;open_the_top_drawer_and_put_the_bowl_inside_add_10;open_the_top_drawer_and_put_the_bowl_inside_add_13;pick_up_the_alphabet_soup_and_place_it_in_the_basket_add_11;pick_up_the_alphabet_soup_and_place_it_in_the_basket_add_18;pick_up_the_bbq_sauce_and_place_it_in_the_basket_add_10;pick_up_the_bbq_sauce_and_place_it_in_the_basket_add_15;pick_up_the_black_bowl_between_the_plate_and_the_ramekin_and_place_it_on_the_plate_add_2;pick_up_the_black_bowl_between_the_plate_and_the_ramekin_and_place_it_on_the_plate_level5_sample3;pick_up_the_black_bowl_from_table_center_and_place_it_on_the_plate_add_15;pick_up_the_black_bowl_next_to_the_plate_and_place_it_on_the_plate_level1_sample1,Objects Layout,2;3,libero_plus:libero_10:1940;libero_plus:libero_10:1957;libero_plus:libero_10:1961;libero_plus:libero_10:1974;libero_plus:libero_goal:1890;libero_plus:libero_goal:1892;libero_plus:libero_goal:1931;libero_plus:libero_goal:1933;libero_plus:libero_object:1819;libero_plus:libero_object:1824;libero_plus:libero_object:1859;libero_plus:libero_object:1863;libero_plus:libero_spatial:1734;libero_plus:libero_spatial:1767;libero_plus:libero_spatial:1772;libero_plus:libero_spatial:1893,160,16,2,155,0.96875,7,6,4,0.0125,0.8571428571428571,-0.03125,0.0625
libero_plus,perturbation_type,Objects Layout,libero_10;libero_goal;libero_object;libero_spatial,KITCHEN_SCENE3_turn_on_the_stove_and_put_the_moka_pot_on_it;KITCHEN_SCENE4_put_the_black_bowl_in_the_bottom_drawer_of_the_cabinet_and_close_it;open_the_middle_drawer_of_the_cabinet;open_the_top_drawer_and_put_the_bowl_inside;pick_up_the_alphabet_soup_and_place_it_in_the_basket;pick_up_the_bbq_sauce_and_place_it_in_the_basket;pick_up_the_black_bowl_between_the_plate_and_the_ramekin_and_place_it_on_the_plate;pick_up_the_black_bowl_from_table_center_and_place_it_on_the_plate;pick_up_the_black_bowl_next_to_the_plate_and_place_it_on_the_plate,KITCHEN_SCENE3_turn_on_the_stove_and_put_the_moka_pot_on_it_add_25;KITCHEN_SCENE3_turn_on_the_stove_and_put_the_moka_pot_on_it_level5_sample3;KITCHEN_SCENE4_put_the_black_bowl_in_the_bottom_drawer_of_the_cabinet_and_close_it_add_15;KITCHEN_SCENE4_put_the_black_bowl_in_the_bottom_drawer_of_the_cabinet_and_close_it_level3_sample1;open_the_middle_drawer_of_the_cabinet_add_13;open_the_middle_drawer_of_the_cabinet_add_15;open_the_top_drawer_and_put_the_bowl_inside_add_10;open_the_top_drawer_and_put_the_bowl_inside_add_13;pick_up_the_alphabet_soup_and_place_it_in_the_basket_add_11;pick_up_the_alphabet_soup_and_place_it_in_the_basket_add_18;pick_up_the_bbq_sauce_and_place_it_in_the_basket_add_10;pick_up_the_bbq_sauce_and_place_it_in_the_basket_add_15;pick_up_the_black_bowl_between_the_plate_and_the_ramekin_and_place_it_on_the_plate_add_2;pick_up_the_black_bowl_between_the_plate_and_the_ramekin_and_place_it_on_the_plate_level5_sample3;pick_up_the_black_bowl_from_table_center_and_place_it_on_the_plate_add_15;pick_up_the_black_bowl_next_to_the_plate_and_place_it_on_the_plate_level1_sample1,Objects Layout,2;3,libero_plus:libero_10:1940;libero_plus:libero_10:1957;libero_plus:libero_10:1961;libero_plus:libero_10:1974;libero_plus:libero_goal:1890;libero_plus:libero_goal:1892;libero_plus:libero_goal:1931;libero_plus:libero_goal:1933;libero_plus:libero_object:1819;libero_plus:libero_object:1824;libero_plus:libero_object:1859;libero_plus:libero_object:1863;libero_plus:libero_spatial:1734;libero_plus:libero_spatial:1767;libero_plus:libero_spatial:1772;libero_plus:libero_spatial:1893,160,16,4,158,0.9875,7,6,1,0.03125,0.8571428571428571,0.00625,0.0625
libero_plus,perturbation_type,Objects Layout,libero_10;libero_goal;libero_object;libero_spatial,KITCHEN_SCENE3_turn_on_the_stove_and_put_the_moka_pot_on_it;KITCHEN_SCENE4_put_the_black_bowl_in_the_bottom_drawer_of_the_cabinet_and_close_it;open_the_middle_drawer_of_the_cabinet;open_the_top_drawer_and_put_the_bowl_inside;pick_up_the_alphabet_soup_and_place_it_in_the_basket;pick_up_the_bbq_sauce_and_place_it_in_the_basket;pick_up_the_black_bowl_between_the_plate_and_the_ramekin_and_place_it_on_the_plate;pick_up_the_black_bowl_from_table_center_and_place_it_on_the_plate;pick_up_the_black_bowl_next_to_the_plate_and_place_it_on_the_plate,KITCHEN_SCENE3_turn_on_the_stove_and_put_the_moka_pot_on_it_add_25;KITCHEN_SCENE3_turn_on_the_stove_and_put_the_moka_pot_on_it_level5_sample3;KITCHEN_SCENE4_put_the_black_bowl_in_the_bottom_drawer_of_the_cabinet_and_close_it_add_15;KITCHEN_SCENE4_put_the_black_bowl_in_the_bottom_drawer_of_the_cabinet_and_close_it_level3_sample1;open_the_middle_drawer_of_the_cabinet_add_13;open_the_middle_drawer_of_the_cabinet_add_15;open_the_top_drawer_and_put_the_bowl_inside_add_10;open_the_top_drawer_and_put_the_bowl_inside_add_13;pick_up_the_alphabet_soup_and_place_it_in_the_basket_add_11;pick_up_the_alphabet_soup_and_place_it_in_the_basket_add_18;pick_up_the_bbq_sauce_and_place_it_in_the_basket_add_10;pick_up_the_bbq_sauce_and_place_it_in_the_basket_add_15;pick_up_the_black_bowl_between_the_plate_and_the_ramekin_and_place_it_on_the_plate_add_2;pick_up_the_black_bowl_between_the_plate_and_the_ramekin_and_place_it_on_the_plate_level5_sample3;pick_up_the_black_bowl_from_table_center_and_place_it_on_the_plate_add_15;pick_up_the_black_bowl_next_to_the_plate_and_place_it_on_the_plate_level1_sample1,Objects Layout,2;3,libero_plus:libero_10:1940;libero_plus:libero_10:1957;libero_plus:libero_10:1961;libero_plus:libero_10:1974;libero_plus:libero_goal:1890;libero_plus:libero_goal:1892;libero_plus:libero_goal:1931;libero_plus:libero_goal:1933;libero_plus:libero_object:1819;libero_plus:libero_object:1824;libero_plus:libero_object:1859;libero_plus:libero_object:1863;libero_plus:libero_spatial:1734;libero_plus:libero_spatial:1767;libero_plus:libero_spatial:1772;libero_plus:libero_spatial:1893,160,16,10,160,1.0,7,7,0,0.04375,1.0,0.00625,0.1
libero_plus,perturbation_type,Robot Initial States,libero_10;libero_goal;libero_object;libero_spatial,LIVING_ROOM_SCENE2_put_both_the_alphabet_soup_and_the_tomato_sauce_in_the_basket;LIVING_ROOM_SCENE2_put_both_the_cream_cheese_box_and_the_butter_in_the_basket;open_the_middle_drawer_of_the_cabinet;pick_up_the_alphabet_soup_and_place_it_in_the_basket;pick_up_the_black_bowl_between_the_plate_and_the_ramekin_and_place_it_on_the_plate;pick_up_the_black_bowl_next_to_the_ramekin_and_place_it_on_the_plate;pick_up_the_cream_cheese_and_place_it_in_the_basket;put_the_bowl_on_the_stove,LIVING_ROOM_SCENE2_put_both_the_alphabet_soup_and_the_tomato_sauce_in_the_basket_view_0_0_100_0_0_initstate_1;LIVING_ROOM_SCENE2_put_both_the_alphabet_soup_and_the_tomato_sauce_in_the_basket_view_0_0_100_0_0_initstate_171;LIVING_ROOM_SCENE2_put_both_the_cream_cheese_box_and_the_butter_in_the_basket_view_0_0_100_0_0_initstate_2;LIVING_ROOM_SCENE2_put_both_the_cream_cheese_box_and_the_butter_in_the_basket_view_0_0_100_0_0_initstate_212;open_the_middle_drawer_of_the_cabinet_view_0_0_100_0_0_initstate_1;open_the_middle_drawer_of_the_cabinet_view_0_0_100_0_0_initstate_71;pick_up_the_alphabet_soup_and_place_it_in_the_basket_view_0_0_100_0_0_initstate_181;pick_up_the_alphabet_soup_and_place_it_in_the_basket_view_0_0_100_0_0_initstate_71;pick_up_the_black_bowl_between_the_plate_and_the_ramekin_and_place_it_on_the_plate_view_0_0_100_0_0_initstate_131;pick_up_the_black_bowl_between_the_plate_and_the_ramekin_and_place_it_on_the_plate_view_0_0_100_0_0_initstate_161;pick_up_the_black_bowl_next_to_the_ramekin_and_place_it_on_the_plate_view_0_0_100_0_0_initstate_112;pick_up_the_black_bowl_next_to_the_ramekin_and_place_it_on_the_plate_view_0_0_100_0_0_initstate_252;pick_up_the_cream_cheese_and_place_it_in_the_basket_view_0_0_100_0_0_initstate_2;pick_up_the_cream_cheese_and_place_it_in_the_basket_view_0_0_100_0_0_initstate_62;put_the_bowl_on_the_stove_view_0_0_100_0_0_initstate_112;put_the_bowl_on_the_stove_view_0_0_100_0_0_initstate_132,Robot Initial States,2;3,libero_plus:libero_10:289;libero_plus:libero_10:299;libero_plus:libero_10:330;libero_plus:libero_10:339;libero_plus:libero_goal:281;libero_plus:libero_goal:284;libero_plus:libero_goal:328;libero_plus:libero_goal:329;libero_plus:libero_object:250;libero_plus:libero_object:258;libero_plus:libero_object:290;libero_plus:libero_object:292;libero_plus:libero_spatial:262;libero_plus:libero_spatial:265;libero_plus:libero_spatial:293;libero_plus:libero_spatial:304,160,16,1,142,0.8875,18,0,0,0.0,0.0,,
libero_plus,perturbation_type,Robot Initial States,libero_10;libero_goal;libero_object;libero_spatial,LIVING_ROOM_SCENE2_put_both_the_alphabet_soup_and_the_tomato_sauce_in_the_basket;LIVING_ROOM_SCENE2_put_both_the_cream_cheese_box_and_the_butter_in_the_basket;open_the_middle_drawer_of_the_cabinet;pick_up_the_alphabet_soup_and_place_it_in_the_basket;pick_up_the_black_bowl_between_the_plate_and_the_ramekin_and_place_it_on_the_plate;pick_up_the_black_bowl_next_to_the_ramekin_and_place_it_on_the_plate;pick_up_the_cream_cheese_and_place_it_in_the_basket;put_the_bowl_on_the_stove,LIVING_ROOM_SCENE2_put_both_the_alphabet_soup_and_the_tomato_sauce_in_the_basket_view_0_0_100_0_0_initstate_1;LIVING_ROOM_SCENE2_put_both_the_alphabet_soup_and_the_tomato_sauce_in_the_basket_view_0_0_100_0_0_initstate_171;LIVING_ROOM_SCENE2_put_both_the_cream_cheese_box_and_the_butter_in_the_basket_view_0_0_100_0_0_initstate_2;LIVING_ROOM_SCENE2_put_both_the_cream_cheese_box_and_the_butter_in_the_basket_view_0_0_100_0_0_initstate_212;open_the_middle_drawer_of_the_cabinet_view_0_0_100_0_0_initstate_1;open_the_middle_drawer_of_the_cabinet_view_0_0_100_0_0_initstate_71;pick_up_the_alphabet_soup_and_place_it_in_the_basket_view_0_0_100_0_0_initstate_181;pick_up_the_alphabet_soup_and_place_it_in_the_basket_view_0_0_100_0_0_initstate_71;pick_up_the_black_bowl_between_the_plate_and_the_ramekin_and_place_it_on_the_plate_view_0_0_100_0_0_initstate_131;pick_up_the_black_bowl_between_the_plate_and_the_ramekin_and_place_it_on_the_plate_view_0_0_100_0_0_initstate_161;pick_up_the_black_bowl_next_to_the_ramekin_and_place_it_on_the_plate_view_0_0_100_0_0_initstate_112;pick_up_the_black_bowl_next_to_the_ramekin_and_place_it_on_the_plate_view_0_0_100_0_0_initstate_252;pick_up_the_cream_cheese_and_place_it_in_the_basket_view_0_0_100_0_0_initstate_2;pick_up_the_cream_cheese_and_place_it_in_the_basket_view_0_0_100_0_0_initstate_62;put_the_bowl_on_the_stove_view_0_0_100_0_0_initstate_112;put_the_bowl_on_the_stove_view_0_0_100_0_0_initstate_132,Robot Initial States,2;3,libero_plus:libero_10:289;libero_plus:libero_10:299;libero_plus:libero_10:330;libero_plus:libero_10:339;libero_plus:libero_goal:281;libero_plus:libero_goal:284;libero_plus:libero_goal:328;libero_plus:libero_goal:329;libero_plus:libero_object:250;libero_plus:libero_object:258;libero_plus:libero_object:290;libero_plus:libero_object:292;libero_plus:libero_spatial:262;libero_plus:libero_spatial:265;libero_plus:libero_spatial:293;libero_plus:libero_spatial:304,160,16,2,148,0.925,18,8,2,0.0375,0.4444444444444444,0.0,0.08125
libero_plus,perturbation_type,Robot Initial States,libero_10;libero_goal;libero_object;libero_spatial,LIVING_ROOM_SCENE2_put_both_the_alphabet_soup_and_the_tomato_sauce_in_the_basket;LIVING_ROOM_SCENE2_put_both_the_cream_cheese_box_and_the_butter_in_the_basket;open_the_middle_drawer_of_the_cabinet;pick_up_the_alphabet_soup_and_place_it_in_the_basket;pick_up_the_black_bowl_between_the_plate_and_the_ramekin_and_place_it_on_the_plate;pick_up_the_black_bowl_next_to_the_ramekin_and_place_it_on_the_plate;pick_up_the_cream_cheese_and_place_it_in_the_basket;put_the_bowl_on_the_stove,LIVING_ROOM_SCENE2_put_both_the_alphabet_soup_and_the_tomato_sauce_in_the_basket_view_0_0_100_0_0_initstate_1;LIVING_ROOM_SCENE2_put_both_the_alphabet_soup_and_the_tomato_sauce_in_the_basket_view_0_0_100_0_0_initstate_171;LIVING_ROOM_SCENE2_put_both_the_cream_cheese_box_and_the_butter_in_the_basket_view_0_0_100_0_0_initstate_2;LIVING_ROOM_SCENE2_put_both_the_cream_cheese_box_and_the_butter_in_the_basket_view_0_0_100_0_0_initstate_212;open_the_middle_drawer_of_the_cabinet_view_0_0_100_0_0_initstate_1;open_the_middle_drawer_of_the_cabinet_view_0_0_100_0_0_initstate_71;pick_up_the_alphabet_soup_and_place_it_in_the_basket_view_0_0_100_0_0_initstate_181;pick_up_the_alphabet_soup_and_place_it_in_the_basket_view_0_0_100_0_0_initstate_71;pick_up_the_black_bowl_between_the_plate_and_the_ramekin_and_place_it_on_the_plate_view_0_0_100_0_0_initstate_131;pick_up_the_black_bowl_between_the_plate_and_the_ramekin_and_place_it_on_the_plate_view_0_0_100_0_0_initstate_161;pick_up_the_black_bowl_next_to_the_ramekin_and_place_it_on_the_plate_view_0_0_100_0_0_initstate_112;pick_up_the_black_bowl_next_to_the_ramekin_and_place_it_on_the_plate_view_0_0_100_0_0_initstate_252;pick_up_the_cream_cheese_and_place_it_in_the_basket_view_0_0_100_0_0_initstate_2;pick_up_the_cream_cheese_and_place_it_in_the_basket_view_0_0_100_0_0_initstate_62;put_the_bowl_on_the_stove_view_0_0_100_0_0_initstate_112;put_the_bowl_on_the_stove_view_0_0_100_0_0_initstate_132,Robot Initial States,2;3,libero_plus:libero_10:289;libero_plus:libero_10:299;libero_plus:libero_10:330;libero_plus:libero_10:339;libero_plus:libero_goal:281;libero_plus:libero_goal:284;libero_plus:libero_goal:328;libero_plus:libero_goal:329;libero_plus:libero_object:250;libero_plus:libero_object:258;libero_plus:libero_object:290;libero_plus:libero_object:292;libero_plus:libero_spatial:262;libero_plus:libero_spatial:265;libero_plus:libero_spatial:293;libero_plus:libero_spatial:304,160,16,4,147,0.91875,18,9,4,0.03125,0.5,-0.0125,0.075
libero_plus,perturbation_type,Robot Initial States,libero_10;libero_goal;libero_object;libero_spatial,LIVING_ROOM_SCENE2_put_both_the_alphabet_soup_and_the_tomato_sauce_in_the_basket;LIVING_ROOM_SCENE2_put_both_the_cream_cheese_box_and_the_butter_in_the_basket;open_the_middle_drawer_of_the_cabinet;pick_up_the_alphabet_soup_and_place_it_in_the_basket;pick_up_the_black_bowl_between_the_plate_and_the_ramekin_and_place_it_on_the_plate;pick_up_the_black_bowl_next_to_the_ramekin_and_place_it_on_the_plate;pick_up_the_cream_cheese_and_place_it_in_the_basket;put_the_bowl_on_the_stove,LIVING_ROOM_SCENE2_put_both_the_alphabet_soup_and_the_tomato_sauce_in_the_basket_view_0_0_100_0_0_initstate_1;LIVING_ROOM_SCENE2_put_both_the_alphabet_soup_and_the_tomato_sauce_in_the_basket_view_0_0_100_0_0_initstate_171;LIVING_ROOM_SCENE2_put_both_the_cream_cheese_box_and_the_butter_in_the_basket_view_0_0_100_0_0_initstate_2;LIVING_ROOM_SCENE2_put_both_the_cream_cheese_box_and_the_butter_in_the_basket_view_0_0_100_0_0_initstate_212;open_the_middle_drawer_of_the_cabinet_view_0_0_100_0_0_initstate_1;open_the_middle_drawer_of_the_cabinet_view_0_0_100_0_0_initstate_71;pick_up_the_alphabet_soup_and_place_it_in_the_basket_view_0_0_100_0_0_initstate_181;pick_up_the_alphabet_soup_and_place_it_in_the_basket_view_0_0_100_0_0_initstate_71;pick_up_the_black_bowl_between_the_plate_and_the_ramekin_and_place_it_on_the_plate_view_0_0_100_0_0_initstate_131;pick_up_the_black_bowl_between_the_plate_and_the_ramekin_and_place_it_on_the_plate_view_0_0_100_0_0_initstate_161;pick_up_the_black_bowl_next_to_the_ramekin_and_place_it_on_the_plate_view_0_0_100_0_0_initstate_112;pick_up_the_black_bowl_next_to_the_ramekin_and_place_it_on_the_plate_view_0_0_100_0_0_initstate_252;pick_up_the_cream_cheese_and_place_it_in_the_basket_view_0_0_100_0_0_initstate_2;pick_up_the_cream_cheese_and_place_it_in_the_basket_view_0_0_100_0_0_initstate_62;put_the_bowl_on_the_stove_view_0_0_100_0_0_initstate_112;put_the_bowl_on_the_stove_view_0_0_100_0_0_initstate_132,Robot Initial States,2;3,libero_plus:libero_10:289;libero_plus:libero_10:299;libero_plus:libero_10:330;libero_plus:libero_10:339;libero_plus:libero_goal:281;libero_plus:libero_goal:284;libero_plus:libero_goal:328;libero_plus:libero_goal:329;libero_plus:libero_object:250;libero_plus:libero_object:258;libero_plus:libero_object:290;libero_plus:libero_object:292;libero_plus:libero_spatial:262;libero_plus:libero_spatial:265;libero_plus:libero_spatial:293;libero_plus:libero_spatial:304,160,16,10,148,0.925,18,8,2,0.0375,0.4444444444444444,0.00625,0.075
libero_plus,severity,2,libero_10;libero_goal;libero_object;libero_spatial,KITCHEN_SCENE3_turn_on_the_stove_and_put_the_moka_pot_on_it;KITCHEN_SCENE4_put_the_black_bowl_in_the_bottom_drawer_of_the_cabinet_and_close_it;LIVING_ROOM_SCENE2_put_both_the_alphabet_soup_and_the_tomato_sauce_in_the_basket;LIVING_ROOM_SCENE2_put_both_the_cream_cheese_box_and_the_butter_in_the_basket;open_the_middle_drawer_of_the_cabinet;open_the_top_drawer_and_put_the_bowl_inside;pick_up_the_alphabet_soup_and_place_it_in_the_basket;pick_up_the_bbq_sauce_and_place_it_in_the_basket;pick_up_the_black_bowl_between_the_plate_and_the_ramekin_and_place_it_on_the_plate;pick_up_the_black_bowl_next_to_the_plate_and_place_it_on_the_plate;pick_up_the_black_bowl_next_to_the_ramekin_and_place_it_on_the_plate;pick_up_the_cream_cheese_and_place_it_in_the_basket;put_the_bowl_on_the_stove,KITCHEN_SCENE3_turn_on_the_stove_and_put_the_moka_pot_on_it_add_25;KITCHEN_SCENE4_put_the_black_bowl_in_the_bottom_drawer_of_the_cabinet_and_close_it_add_15;LIVING_ROOM_SCENE2_put_both_the_alphabet_soup_and_the_tomato_sauce_in_the_basket_view_0_0_100_0_0_initstate_1;LIVING_ROOM_SCENE2_put_both_the_alphabet_soup_and_the_tomato_sauce_in_the_basket_view_0_0_100_2_350_initstate_0;LIVING_ROOM_SCENE2_put_both_the_cream_cheese_box_and_the_butter_in_the_basket_view_0_0_100_0_0_initstate_2;LIVING_ROOM_SCENE2_put_both_the_cream_cheese_box_and_the_butter_in_the_basket_view_0_0_100_4_6_initstate_0;open_the_middle_drawer_of_the_cabinet_add_13;open_the_middle_drawer_of_the_cabinet_view_0_0_100_0_0_initstate_71;open_the_middle_drawer_of_the_cabinet_view_0_0_100_2_4_initstate_0;open_the_top_drawer_and_put_the_bowl_inside_add_10;pick_up_the_alphabet_soup_and_place_it_in_the_basket_add_11;pick_up_the_alphabet_soup_and_place_it_in_the_basket_view_0_0_100_0_0_initstate_71;pick_up_the_alphabet_soup_and_place_it_in_the_basket_view_0_0_100_2_6_initstate_0;pick_up_the_bbq_sauce_and_place_it_in_the_basket_add_10;pick_up_the_black_bowl_between_the_plate_and_the_ramekin_and_place_it_on_the_plate_level5_sample3;pick_up_the_black_bowl_between_the_plate_and_the_ramekin_and_place_it_on_the_plate_view_0_0_100_0_0_initstate_161;pick_up_the_black_bowl_between_the_plate_and_the_ramekin_and_place_it_on_the_plate_view_13_15_100_0_0_initstate_0;pick_up_the_black_bowl_next_to_the_plate_and_place_it_on_the_plate_level1_sample1;pick_up_the_black_bowl_next_to_the_ramekin_and_place_it_on_the_plate_view_0_0_100_0_0_initstate_252;pick_up_the_black_bowl_next_to_the_ramekin_and_place_it_on_the_plate_view_0_0_115_0_0_initstate_0;pick_up_the_cream_cheese_and_place_it_in_the_basket_view_0_0_100_0_0_initstate_2;pick_up_the_cream_cheese_and_place_it_in_the_basket_view_0_0_119_0_0_initstate_0;put_the_bowl_on_the_stove_view_0_0_100_0_0_initstate_112;put_the_bowl_on_the_stove_view_16_15_100_0_0_initstate_0,Camera Viewpoints;Objects Layout;Robot Initial States,2,libero_plus:libero_10:1940;libero_plus:libero_10:1961;libero_plus:libero_10:289;libero_plus:libero_10:330;libero_plus:libero_10:685;libero_plus:libero_10:703;libero_plus:libero_goal:1890;libero_plus:libero_goal:1931;libero_plus:libero_goal:284;libero_plus:libero_goal:328;libero_plus:libero_goal:690;libero_plus:libero_goal:718;libero_plus:libero_object:1819;libero_plus:libero_object:1859;libero_plus:libero_object:250;libero_plus:libero_object:290;libero_plus:libero_object:647;libero_plus:libero_object:668;libero_plus:libero_spatial:1767;libero_plus:libero_spatial:1893;libero_plus:libero_spatial:265;libero_plus:libero_spatial:304;libero_plus:libero_spatial:611;libero_plus:libero_spatial:614,240,24,1,226,0.9416666666666667,14,0,0,0.0,0.0,,
libero_plus,severity,2,libero_10;libero_goal;libero_object;libero_spatial,KITCHEN_SCENE3_turn_on_the_stove_and_put_the_moka_pot_on_it;KITCHEN_SCENE4_put_the_black_bowl_in_the_bottom_drawer_of_the_cabinet_and_close_it;LIVING_ROOM_SCENE2_put_both_the_alphabet_soup_and_the_tomato_sauce_in_the_basket;LIVING_ROOM_SCENE2_put_both_the_cream_cheese_box_and_the_butter_in_the_basket;open_the_middle_drawer_of_the_cabinet;open_the_top_drawer_and_put_the_bowl_inside;pick_up_the_alphabet_soup_and_place_it_in_the_basket;pick_up_the_bbq_sauce_and_place_it_in_the_basket;pick_up_the_black_bowl_between_the_plate_and_the_ramekin_and_place_it_on_the_plate;pick_up_the_black_bowl_next_to_the_plate_and_place_it_on_the_plate;pick_up_the_black_bowl_next_to_the_ramekin_and_place_it_on_the_plate;pick_up_the_cream_cheese_and_place_it_in_the_basket;put_the_bowl_on_the_stove,KITCHEN_SCENE3_turn_on_the_stove_and_put_the_moka_pot_on_it_add_25;KITCHEN_SCENE4_put_the_black_bowl_in_the_bottom_drawer_of_the_cabinet_and_close_it_add_15;LIVING_ROOM_SCENE2_put_both_the_alphabet_soup_and_the_tomato_sauce_in_the_basket_view_0_0_100_0_0_initstate_1;LIVING_ROOM_SCENE2_put_both_the_alphabet_soup_and_the_tomato_sauce_in_the_basket_view_0_0_100_2_350_initstate_0;LIVING_ROOM_SCENE2_put_both_the_cream_cheese_box_and_the_butter_in_the_basket_view_0_0_100_0_0_initstate_2;LIVING_ROOM_SCENE2_put_both_the_cream_cheese_box_and_the_butter_in_the_basket_view_0_0_100_4_6_initstate_0;open_the_middle_drawer_of_the_cabinet_add_13;open_the_middle_drawer_of_the_cabinet_view_0_0_100_0_0_initstate_71;open_the_middle_drawer_of_the_cabinet_view_0_0_100_2_4_initstate_0;open_the_top_drawer_and_put_the_bowl_inside_add_10;pick_up_the_alphabet_soup_and_place_it_in_the_basket_add_11;pick_up_the_alphabet_soup_and_place_it_in_the_basket_view_0_0_100_0_0_initstate_71;pick_up_the_alphabet_soup_and_place_it_in_the_basket_view_0_0_100_2_6_initstate_0;pick_up_the_bbq_sauce_and_place_it_in_the_basket_add_10;pick_up_the_black_bowl_between_the_plate_and_the_ramekin_and_place_it_on_the_plate_level5_sample3;pick_up_the_black_bowl_between_the_plate_and_the_ramekin_and_place_it_on_the_plate_view_0_0_100_0_0_initstate_161;pick_up_the_black_bowl_between_the_plate_and_the_ramekin_and_place_it_on_the_plate_view_13_15_100_0_0_initstate_0;pick_up_the_black_bowl_next_to_the_plate_and_place_it_on_the_plate_level1_sample1;pick_up_the_black_bowl_next_to_the_ramekin_and_place_it_on_the_plate_view_0_0_100_0_0_initstate_252;pick_up_the_black_bowl_next_to_the_ramekin_and_place_it_on_the_plate_view_0_0_115_0_0_initstate_0;pick_up_the_cream_cheese_and_place_it_in_the_basket_view_0_0_100_0_0_initstate_2;pick_up_the_cream_cheese_and_place_it_in_the_basket_view_0_0_119_0_0_initstate_0;put_the_bowl_on_the_stove_view_0_0_100_0_0_initstate_112;put_the_bowl_on_the_stove_view_16_15_100_0_0_initstate_0,Camera Viewpoints;Objects Layout;Robot Initial States,2,libero_plus:libero_10:1940;libero_plus:libero_10:1961;libero_plus:libero_10:289;libero_plus:libero_10:330;libero_plus:libero_10:685;libero_plus:libero_10:703;libero_plus:libero_goal:1890;libero_plus:libero_goal:1931;libero_plus:libero_goal:284;libero_plus:libero_goal:328;libero_plus:libero_goal:690;libero_plus:libero_goal:718;libero_plus:libero_object:1819;libero_plus:libero_object:1859;libero_plus:libero_object:250;libero_plus:libero_object:290;libero_plus:libero_object:647;libero_plus:libero_object:668;libero_plus:libero_spatial:1767;libero_plus:libero_spatial:1893;libero_plus:libero_spatial:265;libero_plus:libero_spatial:304;libero_plus:libero_spatial:611;libero_plus:libero_spatial:614,240,24,2,233,0.9708333333333333,14,11,4,0.029166666666666667,0.7857142857142857,-0.008333333333333333,0.07083333333333333
libero_plus,severity,2,libero_10;libero_goal;libero_object;libero_spatial,KITCHEN_SCENE3_turn_on_the_stove_and_put_the_moka_pot_on_it;KITCHEN_SCENE4_put_the_black_bowl_in_the_bottom_drawer_of_the_cabinet_and_close_it;LIVING_ROOM_SCENE2_put_both_the_alphabet_soup_and_the_tomato_sauce_in_the_basket;LIVING_ROOM_SCENE2_put_both_the_cream_cheese_box_and_the_butter_in_the_basket;open_the_middle_drawer_of_the_cabinet;open_the_top_drawer_and_put_the_bowl_inside;pick_up_the_alphabet_soup_and_place_it_in_the_basket;pick_up_the_bbq_sauce_and_place_it_in_the_basket;pick_up_the_black_bowl_between_the_plate_and_the_ramekin_and_place_it_on_the_plate;pick_up_the_black_bowl_next_to_the_plate_and_place_it_on_the_plate;pick_up_the_black_bowl_next_to_the_ramekin_and_place_it_on_the_plate;pick_up_the_cream_cheese_and_place_it_in_the_basket;put_the_bowl_on_the_stove,KITCHEN_SCENE3_turn_on_the_stove_and_put_the_moka_pot_on_it_add_25;KITCHEN_SCENE4_put_the_black_bowl_in_the_bottom_drawer_of_the_cabinet_and_close_it_add_15;LIVING_ROOM_SCENE2_put_both_the_alphabet_soup_and_the_tomato_sauce_in_the_basket_view_0_0_100_0_0_initstate_1;LIVING_ROOM_SCENE2_put_both_the_alphabet_soup_and_the_tomato_sauce_in_the_basket_view_0_0_100_2_350_initstate_0;LIVING_ROOM_SCENE2_put_both_the_cream_cheese_box_and_the_butter_in_the_basket_view_0_0_100_0_0_initstate_2;LIVING_ROOM_SCENE2_put_both_the_cream_cheese_box_and_the_butter_in_the_basket_view_0_0_100_4_6_initstate_0;open_the_middle_drawer_of_the_cabinet_add_13;open_the_middle_drawer_of_the_cabinet_view_0_0_100_0_0_initstate_71;open_the_middle_drawer_of_the_cabinet_view_0_0_100_2_4_initstate_0;open_the_top_drawer_and_put_the_bowl_inside_add_10;pick_up_the_alphabet_soup_and_place_it_in_the_basket_add_11;pick_up_the_alphabet_soup_and_place_it_in_the_basket_view_0_0_100_0_0_initstate_71;pick_up_the_alphabet_soup_and_place_it_in_the_basket_view_0_0_100_2_6_initstate_0;pick_up_the_bbq_sauce_and_place_it_in_the_basket_add_10;pick_up_the_black_bowl_between_the_plate_and_the_ramekin_and_place_it_on_the_plate_level5_sample3;pick_up_the_black_bowl_between_the_plate_and_the_ramekin_and_place_it_on_the_plate_view_0_0_100_0_0_initstate_161;pick_up_the_black_bowl_between_the_plate_and_the_ramekin_and_place_it_on_the_plate_view_13_15_100_0_0_initstate_0;pick_up_the_black_bowl_next_to_the_plate_and_place_it_on_the_plate_level1_sample1;pick_up_the_black_bowl_next_to_the_ramekin_and_place_it_on_the_plate_view_0_0_100_0_0_initstate_252;pick_up_the_black_bowl_next_to_the_ramekin_and_place_it_on_the_plate_view_0_0_115_0_0_initstate_0;pick_up_the_cream_cheese_and_place_it_in_the_basket_view_0_0_100_0_0_initstate_2;pick_up_the_cream_cheese_and_place_it_in_the_basket_view_0_0_119_0_0_initstate_0;put_the_bowl_on_the_stove_view_0_0_100_0_0_initstate_112;put_the_bowl_on_the_stove_view_16_15_100_0_0_initstate_0,Camera Viewpoints;Objects Layout;Robot Initial States,2,libero_plus:libero_10:1940;libero_plus:libero_10:1961;libero_plus:libero_10:289;libero_plus:libero_10:330;libero_plus:libero_10:685;libero_plus:libero_10:703;libero_plus:libero_goal:1890;libero_plus:libero_goal:1931;libero_plus:libero_goal:284;libero_plus:libero_goal:328;libero_plus:libero_goal:690;libero_plus:libero_goal:718;libero_plus:libero_object:1819;libero_plus:libero_object:1859;libero_plus:libero_object:250;libero_plus:libero_object:290;libero_plus:libero_object:647;libero_plus:libero_object:668;libero_plus:libero_spatial:1767;libero_plus:libero_spatial:1893;libero_plus:libero_spatial:265;libero_plus:libero_spatial:304;libero_plus:libero_spatial:611;libero_plus:libero_spatial:614,240,24,4,233,0.9708333333333333,14,10,3,0.029166666666666667,0.7142857142857143,0.0,0.0625
libero_plus,severity,2,libero_10;libero_goal;libero_object;libero_spatial,KITCHEN_SCENE3_turn_on_the_stove_and_put_the_moka_pot_on_it;KITCHEN_SCENE4_put_the_black_bowl_in_the_bottom_drawer_of_the_cabinet_and_close_it;LIVING_ROOM_SCENE2_put_both_the_alphabet_soup_and_the_tomato_sauce_in_the_basket;LIVING_ROOM_SCENE2_put_both_the_cream_cheese_box_and_the_butter_in_the_basket;open_the_middle_drawer_of_the_cabinet;open_the_top_drawer_and_put_the_bowl_inside;pick_up_the_alphabet_soup_and_place_it_in_the_basket;pick_up_the_bbq_sauce_and_place_it_in_the_basket;pick_up_the_black_bowl_between_the_plate_and_the_ramekin_and_place_it_on_the_plate;pick_up_the_black_bowl_next_to_the_plate_and_place_it_on_the_plate;pick_up_the_black_bowl_next_to_the_ramekin_and_place_it_on_the_plate;pick_up_the_cream_cheese_and_place_it_in_the_basket;put_the_bowl_on_the_stove,KITCHEN_SCENE3_turn_on_the_stove_and_put_the_moka_pot_on_it_add_25;KITCHEN_SCENE4_put_the_black_bowl_in_the_bottom_drawer_of_the_cabinet_and_close_it_add_15;LIVING_ROOM_SCENE2_put_both_the_alphabet_soup_and_the_tomato_sauce_in_the_basket_view_0_0_100_0_0_initstate_1;LIVING_ROOM_SCENE2_put_both_the_alphabet_soup_and_the_tomato_sauce_in_the_basket_view_0_0_100_2_350_initstate_0;LIVING_ROOM_SCENE2_put_both_the_cream_cheese_box_and_the_butter_in_the_basket_view_0_0_100_0_0_initstate_2;LIVING_ROOM_SCENE2_put_both_the_cream_cheese_box_and_the_butter_in_the_basket_view_0_0_100_4_6_initstate_0;open_the_middle_drawer_of_the_cabinet_add_13;open_the_middle_drawer_of_the_cabinet_view_0_0_100_0_0_initstate_71;open_the_middle_drawer_of_the_cabinet_view_0_0_100_2_4_initstate_0;open_the_top_drawer_and_put_the_bowl_inside_add_10;pick_up_the_alphabet_soup_and_place_it_in_the_basket_add_11;pick_up_the_alphabet_soup_and_place_it_in_the_basket_view_0_0_100_0_0_initstate_71;pick_up_the_alphabet_soup_and_place_it_in_the_basket_view_0_0_100_2_6_initstate_0;pick_up_the_bbq_sauce_and_place_it_in_the_basket_add_10;pick_up_the_black_bowl_between_the_plate_and_the_ramekin_and_place_it_on_the_plate_level5_sample3;pick_up_the_black_bowl_between_the_plate_and_the_ramekin_and_place_it_on_the_plate_view_0_0_100_0_0_initstate_161;pick_up_the_black_bowl_between_the_plate_and_the_ramekin_and_place_it_on_the_plate_view_13_15_100_0_0_initstate_0;pick_up_the_black_bowl_next_to_the_plate_and_place_it_on_the_plate_level1_sample1;pick_up_the_black_bowl_next_to_the_ramekin_and_place_it_on_the_plate_view_0_0_100_0_0_initstate_252;pick_up_the_black_bowl_next_to_the_ramekin_and_place_it_on_the_plate_view_0_0_115_0_0_initstate_0;pick_up_the_cream_cheese_and_place_it_in_the_basket_view_0_0_100_0_0_initstate_2;pick_up_the_cream_cheese_and_place_it_in_the_basket_view_0_0_119_0_0_initstate_0;put_the_bowl_on_the_stove_view_0_0_100_0_0_initstate_112;put_the_bowl_on_the_stove_view_16_15_100_0_0_initstate_0,Camera Viewpoints;Objects Layout;Robot Initial States,2,libero_plus:libero_10:1940;libero_plus:libero_10:1961;libero_plus:libero_10:289;libero_plus:libero_10:330;libero_plus:libero_10:685;libero_plus:libero_10:703;libero_plus:libero_goal:1890;libero_plus:libero_goal:1931;libero_plus:libero_goal:284;libero_plus:libero_goal:328;libero_plus:libero_goal:690;libero_plus:libero_goal:718;libero_plus:libero_object:1819;libero_plus:libero_object:1859;libero_plus:libero_object:250;libero_plus:libero_object:290;libero_plus:libero_object:647;libero_plus:libero_object:668;libero_plus:libero_spatial:1767;libero_plus:libero_spatial:1893;libero_plus:libero_spatial:265;libero_plus:libero_spatial:304;libero_plus:libero_spatial:611;libero_plus:libero_spatial:614,240,24,10,233,0.9708333333333333,14,11,4,0.029166666666666667,0.7857142857142857,-0.0125,0.075
libero_plus,severity,3,libero_10;libero_goal;libero_object;libero_spatial,KITCHEN_SCENE3_turn_on_the_stove_and_put_the_moka_pot_on_it;KITCHEN_SCENE4_put_the_black_bowl_in_the_bottom_drawer_of_the_cabinet_and_close_it;LIVING_ROOM_SCENE2_put_both_the_alphabet_soup_and_the_tomato_sauce_in_the_basket;LIVING_ROOM_SCENE2_put_both_the_cream_cheese_box_and_the_butter_in_the_basket;open_the_middle_drawer_of_the_cabinet;open_the_top_drawer_and_put_the_bowl_inside;pick_up_the_alphabet_soup_and_place_it_in_the_basket;pick_up_the_bbq_sauce_and_place_it_in_the_basket;pick_up_the_black_bowl_between_the_plate_and_the_ramekin_and_place_it_on_the_plate;pick_up_the_black_bowl_from_table_center_and_place_it_on_the_plate;pick_up_the_black_bowl_next_to_the_ramekin_and_place_it_on_the_plate;pick_up_the_black_bowl_on_the_cookie_box_and_place_it_on_the_plate;pick_up_the_cream_cheese_and_place_it_in_the_basket;put_the_bowl_on_the_stove,KITCHEN_SCENE3_turn_on_the_stove_and_put_the_moka_pot_on_it_level5_sample3;KITCHEN_SCENE4_put_the_black_bowl_in_the_bottom_drawer_of_the_cabinet_and_close_it_level3_sample1;LIVING_ROOM_SCENE2_put_both_the_alphabet_soup_and_the_tomato_sauce_in_the_basket_view_0_0_100_0_0_initstate_171;LIVING_ROOM_SCENE2_put_both_the_alphabet_soup_and_the_tomato_sauce_in_the_basket_view_0_0_100_2_6_initstate_0;LIVING_ROOM_SCENE2_put_both_the_cream_cheese_box_and_the_butter_in_the_basket_view_0_0_100_0_0_initstate_212;LIVING_ROOM_SCENE2_put_both_the_cream_cheese_box_and_the_butter_in_the_basket_view_17_15_100_0_0_initstate_0;open_the_middle_drawer_of_the_cabinet_add_15;open_the_middle_drawer_of_the_cabinet_view_0_0_100_0_0_initstate_1;open_the_middle_drawer_of_the_cabinet_view_0_0_100_2_6_initstate_0;open_the_top_drawer_and_put_the_bowl_inside_add_13;pick_up_the_alphabet_soup_and_place_it_in_the_basket_add_18;pick_up_the_alphabet_soup_and_place_it_in_the_basket_view_0_0_100_0_0_initstate_181;pick_up_the_alphabet_soup_and_place_it_in_the_basket_view_6_15_100_0_0_initstate_0;pick_up_the_bbq_sauce_and_place_it_in_the_basket_add_15;pick_up_the_black_bowl_between_the_plate_and_the_ramekin_and_place_it_on_the_plate_add_2;pick_up_the_black_bowl_between_the_plate_and_the_ramekin_and_place_it_on_the_plate_view_0_0_100_0_0_initstate_131;pick_up_the_black_bowl_from_table_center_and_place_it_on_the_plate_add_15;pick_up_the_black_bowl_next_to_the_ramekin_and_place_it_on_the_plate_view_0_0_100_0_0_initstate_112;pick_up_the_black_bowl_next_to_the_ramekin_and_place_it_on_the_plate_view_0_0_120_0_0_initstate_0;pick_up_the_black_bowl_on_the_cookie_box_and_place_it_on_the_plate_view_58_0_100_0_0_initstate_0;pick_up_the_cream_cheese_and_place_it_in_the_basket_view_0_0_100_0_0_initstate_62;pick_up_the_cream_cheese_and_place_it_in_the_basket_view_0_0_100_4_10_initstate_0;put_the_bowl_on_the_stove_view_0_0_100_0_0_initstate_132;put_the_bowl_on_the_stove_view_22_15_100_0_0_initstate_0,Camera Viewpoints;Objects Layout;Robot Initial States,3,libero_plus:libero_10:1957;libero_plus:libero_10:1974;libero_plus:libero_10:299;libero_plus:libero_10:339;libero_plus:libero_10:682;libero_plus:libero_10:711;libero_plus:libero_goal:1892;libero_plus:libero_goal:1933;libero_plus:libero_goal:281;libero_plus:libero_goal:329;libero_plus:libero_goal:691;libero_plus:libero_goal:727;libero_plus:libero_object:1824;libero_plus:libero_object:1863;libero_plus:libero_object:258;libero_plus:libero_object:292;libero_plus:libero_object:657;libero_plus:libero_object:672;libero_plus:libero_spatial:1734;libero_plus:libero_spatial:1772;libero_plus:libero_spatial:262;libero_plus:libero_spatial:293;libero_plus:libero_spatial:616;libero_plus:libero_spatial:729,240,24,1,228,0.95,12,0,0,0.0,0.0,,
libero_plus,severity,3,libero_10;libero_goal;libero_object;libero_spatial,KITCHEN_SCENE3_turn_on_the_stove_and_put_the_moka_pot_on_it;KITCHEN_SCENE4_put_the_black_bowl_in_the_bottom_drawer_of_the_cabinet_and_close_it;LIVING_ROOM_SCENE2_put_both_the_alphabet_soup_and_the_tomato_sauce_in_the_basket;LIVING_ROOM_SCENE2_put_both_the_cream_cheese_box_and_the_butter_in_the_basket;open_the_middle_drawer_of_the_cabinet;open_the_top_drawer_and_put_the_bowl_inside;pick_up_the_alphabet_soup_and_place_it_in_the_basket;pick_up_the_bbq_sauce_and_place_it_in_the_basket;pick_up_the_black_bowl_between_the_plate_and_the_ramekin_and_place_it_on_the_plate;pick_up_the_black_bowl_from_table_center_and_place_it_on_the_plate;pick_up_the_black_bowl_next_to_the_ramekin_and_place_it_on_the_plate;pick_up_the_black_bowl_on_the_cookie_box_and_place_it_on_the_plate;pick_up_the_cream_cheese_and_place_it_in_the_basket;put_the_bowl_on_the_stove,KITCHEN_SCENE3_turn_on_the_stove_and_put_the_moka_pot_on_it_level5_sample3;KITCHEN_SCENE4_put_the_black_bowl_in_the_bottom_drawer_of_the_cabinet_and_close_it_level3_sample1;LIVING_ROOM_SCENE2_put_both_the_alphabet_soup_and_the_tomato_sauce_in_the_basket_view_0_0_100_0_0_initstate_171;LIVING_ROOM_SCENE2_put_both_the_alphabet_soup_and_the_tomato_sauce_in_the_basket_view_0_0_100_2_6_initstate_0;LIVING_ROOM_SCENE2_put_both_the_cream_cheese_box_and_the_butter_in_the_basket_view_0_0_100_0_0_initstate_212;LIVING_ROOM_SCENE2_put_both_the_cream_cheese_box_and_the_butter_in_the_basket_view_17_15_100_0_0_initstate_0;open_the_middle_drawer_of_the_cabinet_add_15;open_the_middle_drawer_of_the_cabinet_view_0_0_100_0_0_initstate_1;open_the_middle_drawer_of_the_cabinet_view_0_0_100_2_6_initstate_0;open_the_top_drawer_and_put_the_bowl_inside_add_13;pick_up_the_alphabet_soup_and_place_it_in_the_basket_add_18;pick_up_the_alphabet_soup_and_place_it_in_the_basket_view_0_0_100_0_0_initstate_181;pick_up_the_alphabet_soup_and_place_it_in_the_basket_view_6_15_100_0_0_initstate_0;pick_up_the_bbq_sauce_and_place_it_in_the_basket_add_15;pick_up_the_black_bowl_between_the_plate_and_the_ramekin_and_place_it_on_the_plate_add_2;pick_up_the_black_bowl_between_the_plate_and_the_ramekin_and_place_it_on_the_plate_view_0_0_100_0_0_initstate_131;pick_up_the_black_bowl_from_table_center_and_place_it_on_the_plate_add_15;pick_up_the_black_bowl_next_to_the_ramekin_and_place_it_on_the_plate_view_0_0_100_0_0_initstate_112;pick_up_the_black_bowl_next_to_the_ramekin_and_place_it_on_the_plate_view_0_0_120_0_0_initstate_0;pick_up_the_black_bowl_on_the_cookie_box_and_place_it_on_the_plate_view_58_0_100_0_0_initstate_0;pick_up_the_cream_cheese_and_place_it_in_the_basket_view_0_0_100_0_0_initstate_62;pick_up_the_cream_cheese_and_place_it_in_the_basket_view_0_0_100_4_10_initstate_0;put_the_bowl_on_the_stove_view_0_0_100_0_0_initstate_132;put_the_bowl_on_the_stove_view_22_15_100_0_0_initstate_0,Camera Viewpoints;Objects Layout;Robot Initial States,3,libero_plus:libero_10:1957;libero_plus:libero_10:1974;libero_plus:libero_10:299;libero_plus:libero_10:339;libero_plus:libero_10:682;libero_plus:libero_10:711;libero_plus:libero_goal:1892;libero_plus:libero_goal:1933;libero_plus:libero_goal:281;libero_plus:libero_goal:329;libero_plus:libero_goal:691;libero_plus:libero_goal:727;libero_plus:libero_object:1824;libero_plus:libero_object:1863;libero_plus:libero_object:258;libero_plus:libero_object:292;libero_plus:libero_object:657;libero_plus:libero_object:672;libero_plus:libero_spatial:1734;libero_plus:libero_spatial:1772;libero_plus:libero_spatial:262;libero_plus:libero_spatial:293;libero_plus:libero_spatial:616;libero_plus:libero_spatial:729,240,24,2,223,0.9291666666666667,12,4,9,-0.020833333333333332,0.3333333333333333,-0.05,0.008333333333333333
libero_plus,severity,3,libero_10;libero_goal;libero_object;libero_spatial,KITCHEN_SCENE3_turn_on_the_stove_and_put_the_moka_pot_on_it;KITCHEN_SCENE4_put_the_black_bowl_in_the_bottom_drawer_of_the_cabinet_and_close_it;LIVING_ROOM_SCENE2_put_both_the_alphabet_soup_and_the_tomato_sauce_in_the_basket;LIVING_ROOM_SCENE2_put_both_the_cream_cheese_box_and_the_butter_in_the_basket;open_the_middle_drawer_of_the_cabinet;open_the_top_drawer_and_put_the_bowl_inside;pick_up_the_alphabet_soup_and_place_it_in_the_basket;pick_up_the_bbq_sauce_and_place_it_in_the_basket;pick_up_the_black_bowl_between_the_plate_and_the_ramekin_and_place_it_on_the_plate;pick_up_the_black_bowl_from_table_center_and_place_it_on_the_plate;pick_up_the_black_bowl_next_to_the_ramekin_and_place_it_on_the_plate;pick_up_the_black_bowl_on_the_cookie_box_and_place_it_on_the_plate;pick_up_the_cream_cheese_and_place_it_in_the_basket;put_the_bowl_on_the_stove,KITCHEN_SCENE3_turn_on_the_stove_and_put_the_moka_pot_on_it_level5_sample3;KITCHEN_SCENE4_put_the_black_bowl_in_the_bottom_drawer_of_the_cabinet_and_close_it_level3_sample1;LIVING_ROOM_SCENE2_put_both_the_alphabet_soup_and_the_tomato_sauce_in_the_basket_view_0_0_100_0_0_initstate_171;LIVING_ROOM_SCENE2_put_both_the_alphabet_soup_and_the_tomato_sauce_in_the_basket_view_0_0_100_2_6_initstate_0;LIVING_ROOM_SCENE2_put_both_the_cream_cheese_box_and_the_butter_in_the_basket_view_0_0_100_0_0_initstate_212;LIVING_ROOM_SCENE2_put_both_the_cream_cheese_box_and_the_butter_in_the_basket_view_17_15_100_0_0_initstate_0;open_the_middle_drawer_of_the_cabinet_add_15;open_the_middle_drawer_of_the_cabinet_view_0_0_100_0_0_initstate_1;open_the_middle_drawer_of_the_cabinet_view_0_0_100_2_6_initstate_0;open_the_top_drawer_and_put_the_bowl_inside_add_13;pick_up_the_alphabet_soup_and_place_it_in_the_basket_add_18;pick_up_the_alphabet_soup_and_place_it_in_the_basket_view_0_0_100_0_0_initstate_181;pick_up_the_alphabet_soup_and_place_it_in_the_basket_view_6_15_100_0_0_initstate_0;pick_up_the_bbq_sauce_and_place_it_in_the_basket_add_15;pick_up_the_black_bowl_between_the_plate_and_the_ramekin_and_place_it_on_the_plate_add_2;pick_up_the_black_bowl_between_the_plate_and_the_ramekin_and_place_it_on_the_plate_view_0_0_100_0_0_initstate_131;pick_up_the_black_bowl_from_table_center_and_place_it_on_the_plate_add_15;pick_up_the_black_bowl_next_to_the_ramekin_and_place_it_on_the_plate_view_0_0_100_0_0_initstate_112;pick_up_the_black_bowl_next_to_the_ramekin_and_place_it_on_the_plate_view_0_0_120_0_0_initstate_0;pick_up_the_black_bowl_on_the_cookie_box_and_place_it_on_the_plate_view_58_0_100_0_0_initstate_0;pick_up_the_cream_cheese_and_place_it_in_the_basket_view_0_0_100_0_0_initstate_62;pick_up_the_cream_cheese_and_place_it_in_the_basket_view_0_0_100_4_10_initstate_0;put_the_bowl_on_the_stove_view_0_0_100_0_0_initstate_132;put_the_bowl_on_the_stove_view_22_15_100_0_0_initstate_0,Camera Viewpoints;Objects Layout;Robot Initial States,3,libero_plus:libero_10:1957;libero_plus:libero_10:1974;libero_plus:libero_10:299;libero_plus:libero_10:339;libero_plus:libero_10:682;libero_plus:libero_10:711;libero_plus:libero_goal:1892;libero_plus:libero_goal:1933;libero_plus:libero_goal:281;libero_plus:libero_goal:329;libero_plus:libero_goal:691;libero_plus:libero_goal:727;libero_plus:libero_object:1824;libero_plus:libero_object:1863;libero_plus:libero_object:258;libero_plus:libero_object:292;libero_plus:libero_object:657;libero_plus:libero_object:672;libero_plus:libero_spatial:1734;libero_plus:libero_spatial:1772;libero_plus:libero_spatial:262;libero_plus:libero_spatial:293;libero_plus:libero_spatial:616;libero_plus:libero_spatial:729,240,24,4,226,0.9416666666666667,12,6,8,-0.008333333333333333,0.5,-0.041666666666666664,0.025
libero_plus,severity,3,libero_10;libero_goal;libero_object;libero_spatial,KITCHEN_SCENE3_turn_on_the_stove_and_put_the_moka_pot_on_it;KITCHEN_SCENE4_put_the_black_bowl_in_the_bottom_drawer_of_the_cabinet_and_close_it;LIVING_ROOM_SCENE2_put_both_the_alphabet_soup_and_the_tomato_sauce_in_the_basket;LIVING_ROOM_SCENE2_put_both_the_cream_cheese_box_and_the_butter_in_the_basket;open_the_middle_drawer_of_the_cabinet;open_the_top_drawer_and_put_the_bowl_inside;pick_up_the_alphabet_soup_and_place_it_in_the_basket;pick_up_the_bbq_sauce_and_place_it_in_the_basket;pick_up_the_black_bowl_between_the_plate_and_the_ramekin_and_place_it_on_the_plate;pick_up_the_black_bowl_from_table_center_and_place_it_on_the_plate;pick_up_the_black_bowl_next_to_the_ramekin_and_place_it_on_the_plate;pick_up_the_black_bowl_on_the_cookie_box_and_place_it_on_the_plate;pick_up_the_cream_cheese_and_place_it_in_the_basket;put_the_bowl_on_the_stove,KITCHEN_SCENE3_turn_on_the_stove_and_put_the_moka_pot_on_it_level5_sample3;KITCHEN_SCENE4_put_the_black_bowl_in_the_bottom_drawer_of_the_cabinet_and_close_it_level3_sample1;LIVING_ROOM_SCENE2_put_both_the_alphabet_soup_and_the_tomato_sauce_in_the_basket_view_0_0_100_0_0_initstate_171;LIVING_ROOM_SCENE2_put_both_the_alphabet_soup_and_the_tomato_sauce_in_the_basket_view_0_0_100_2_6_initstate_0;LIVING_ROOM_SCENE2_put_both_the_cream_cheese_box_and_the_butter_in_the_basket_view_0_0_100_0_0_initstate_212;LIVING_ROOM_SCENE2_put_both_the_cream_cheese_box_and_the_butter_in_the_basket_view_17_15_100_0_0_initstate_0;open_the_middle_drawer_of_the_cabinet_add_15;open_the_middle_drawer_of_the_cabinet_view_0_0_100_0_0_initstate_1;open_the_middle_drawer_of_the_cabinet_view_0_0_100_2_6_initstate_0;open_the_top_drawer_and_put_the_bowl_inside_add_13;pick_up_the_alphabet_soup_and_place_it_in_the_basket_add_18;pick_up_the_alphabet_soup_and_place_it_in_the_basket_view_0_0_100_0_0_initstate_181;pick_up_the_alphabet_soup_and_place_it_in_the_basket_view_6_15_100_0_0_initstate_0;pick_up_the_bbq_sauce_and_place_it_in_the_basket_add_15;pick_up_the_black_bowl_between_the_plate_and_the_ramekin_and_place_it_on_the_plate_add_2;pick_up_the_black_bowl_between_the_plate_and_the_ramekin_and_place_it_on_the_plate_view_0_0_100_0_0_initstate_131;pick_up_the_black_bowl_from_table_center_and_place_it_on_the_plate_add_15;pick_up_the_black_bowl_next_to_the_ramekin_and_place_it_on_the_plate_view_0_0_100_0_0_initstate_112;pick_up_the_black_bowl_next_to_the_ramekin_and_place_it_on_the_plate_view_0_0_120_0_0_initstate_0;pick_up_the_black_bowl_on_the_cookie_box_and_place_it_on_the_plate_view_58_0_100_0_0_initstate_0;pick_up_the_cream_cheese_and_place_it_in_the_basket_view_0_0_100_0_0_initstate_62;pick_up_the_cream_cheese_and_place_it_in_the_basket_view_0_0_100_4_10_initstate_0;put_the_bowl_on_the_stove_view_0_0_100_0_0_initstate_132;put_the_bowl_on_the_stove_view_22_15_100_0_0_initstate_0,Camera Viewpoints;Objects Layout;Robot Initial States,3,libero_plus:libero_10:1957;libero_plus:libero_10:1974;libero_plus:libero_10:299;libero_plus:libero_10:339;libero_plus:libero_10:682;libero_plus:libero_10:711;libero_plus:libero_goal:1892;libero_plus:libero_goal:1933;libero_plus:libero_goal:281;libero_plus:libero_goal:329;libero_plus:libero_goal:691;libero_plus:libero_goal:727;libero_plus:libero_object:1824;libero_plus:libero_object:1863;libero_plus:libero_object:258;libero_plus:libero_object:292;libero_plus:libero_object:657;libero_plus:libero_object:672;libero_plus:libero_spatial:1734;libero_plus:libero_spatial:1772;libero_plus:libero_spatial:262;libero_plus:libero_spatial:293;libero_plus:libero_spatial:616;libero_plus:libero_spatial:729,240,24,10,230,0.9583333333333334,12,5,3,0.008333333333333333,0.4166666666666667,-0.008333333333333333,0.025
libero_plus,condition,libero_plus:libero_10:1940,libero_10,KITCHEN_SCENE3_turn_on_the_stove_and_put_the_moka_pot_on_it,KITCHEN_SCENE3_turn_on_the_stove_and_put_the_moka_pot_on_it_add_25,Objects Layout,2,libero_plus:libero_10:1940,10,1,1,6,0.6,4,0,0,0.0,0.0,,
libero_plus,condition,libero_plus:libero_10:1940,libero_10,KITCHEN_SCENE3_turn_on_the_stove_and_put_the_moka_pot_on_it,KITCHEN_SCENE3_turn_on_the_stove_and_put_the_moka_pot_on_it_add_25,Objects Layout,2,libero_plus:libero_10:1940,10,1,2,9,0.9,4,3,0,0.3,0.75,,
libero_plus,condition,libero_plus:libero_10:1940,libero_10,KITCHEN_SCENE3_turn_on_the_stove_and_put_the_moka_pot_on_it,KITCHEN_SCENE3_turn_on_the_stove_and_put_the_moka_pot_on_it_add_25,Objects Layout,2,libero_plus:libero_10:1940,10,1,4,8,0.8,4,3,1,0.2,0.75,,
libero_plus,condition,libero_plus:libero_10:1940,libero_10,KITCHEN_SCENE3_turn_on_the_stove_and_put_the_moka_pot_on_it,KITCHEN_SCENE3_turn_on_the_stove_and_put_the_moka_pot_on_it_add_25,Objects Layout,2,libero_plus:libero_10:1940,10,1,10,10,1.0,4,4,0,0.4,1.0,,
libero_plus,condition,libero_plus:libero_10:1957,libero_10,KITCHEN_SCENE3_turn_on_the_stove_and_put_the_moka_pot_on_it,KITCHEN_SCENE3_turn_on_the_stove_and_put_the_moka_pot_on_it_level5_sample3,Objects Layout,3,libero_plus:libero_10:1957,10,1,1,9,0.9,1,0,0,0.0,0.0,,
libero_plus,condition,libero_plus:libero_10:1957,libero_10,KITCHEN_SCENE3_turn_on_the_stove_and_put_the_moka_pot_on_it,KITCHEN_SCENE3_turn_on_the_stove_and_put_the_moka_pot_on_it_level5_sample3,Objects Layout,3,libero_plus:libero_10:1957,10,1,2,7,0.7,1,1,3,-0.2,1.0,,
libero_plus,condition,libero_plus:libero_10:1957,libero_10,KITCHEN_SCENE3_turn_on_the_stove_and_put_the_moka_pot_on_it,KITCHEN_SCENE3_turn_on_the_stove_and_put_the_moka_pot_on_it_level5_sample3,Objects Layout,3,libero_plus:libero_10:1957,10,1,4,10,1.0,1,1,0,0.1,1.0,,
libero_plus,condition,libero_plus:libero_10:1957,libero_10,KITCHEN_SCENE3_turn_on_the_stove_and_put_the_moka_pot_on_it,KITCHEN_SCENE3_turn_on_the_stove_and_put_the_moka_pot_on_it_level5_sample3,Objects Layout,3,libero_plus:libero_10:1957,10,1,10,10,1.0,1,1,0,0.1,1.0,,
libero_plus,condition,libero_plus:libero_10:1961,libero_10,KITCHEN_SCENE4_put_the_black_bowl_in_the_bottom_drawer_of_the_cabinet_and_close_it,KITCHEN_SCENE4_put_the_black_bowl_in_the_bottom_drawer_of_the_cabinet_and_close_it_add_15,Objects Layout,2,libero_plus:libero_10:1961,10,1,1,10,1.0,0,0,0,0.0,,,
libero_plus,condition,libero_plus:libero_10:1961,libero_10,KITCHEN_SCENE4_put_the_black_bowl_in_the_bottom_drawer_of_the_cabinet_and_close_it,KITCHEN_SCENE4_put_the_black_bowl_in_the_bottom_drawer_of_the_cabinet_and_close_it_add_15,Objects Layout,2,libero_plus:libero_10:1961,10,1,2,10,1.0,0,0,0,0.0,,,
libero_plus,condition,libero_plus:libero_10:1961,libero_10,KITCHEN_SCENE4_put_the_black_bowl_in_the_bottom_drawer_of_the_cabinet_and_close_it,KITCHEN_SCENE4_put_the_black_bowl_in_the_bottom_drawer_of_the_cabinet_and_close_it_add_15,Objects Layout,2,libero_plus:libero_10:1961,10,1,4,10,1.0,0,0,0,0.0,,,
libero_plus,condition,libero_plus:libero_10:1961,libero_10,KITCHEN_SCENE4_put_the_black_bowl_in_the_bottom_drawer_of_the_cabinet_and_close_it,KITCHEN_SCENE4_put_the_black_bowl_in_the_bottom_drawer_of_the_cabinet_and_close_it_add_15,Objects Layout,2,libero_plus:libero_10:1961,10,1,10,10,1.0,0,0,0,0.0,,,
libero_plus,condition,libero_plus:libero_10:1974,libero_10,KITCHEN_SCENE4_put_the_black_bowl_in_the_bottom_drawer_of_the_cabinet_and_close_it,KITCHEN_SCENE4_put_the_black_bowl_in_the_bottom_drawer_of_the_cabinet_and_close_it_level3_sample1,Objects Layout,3,libero_plus:libero_10:1974,10,1,1,10,1.0,0,0,0,0.0,,,
libero_plus,condition,libero_plus:libero_10:1974,libero_10,KITCHEN_SCENE4_put_the_black_bowl_in_the_bottom_drawer_of_the_cabinet_and_close_it,KITCHEN_SCENE4_put_the_black_bowl_in_the_bottom_drawer_of_the_cabinet_and_close_it_level3_sample1,Objects Layout,3,libero_plus:libero_10:1974,10,1,2,10,1.0,0,0,0,0.0,,,
libero_plus,condition,libero_plus:libero_10:1974,libero_10,KITCHEN_SCENE4_put_the_black_bowl_in_the_bottom_drawer_of_the_cabinet_and_close_it,KITCHEN_SCENE4_put_the_black_bowl_in_the_bottom_drawer_of_the_cabinet_and_close_it_level3_sample1,Objects Layout,3,libero_plus:libero_10:1974,10,1,4,10,1.0,0,0,0,0.0,,,
libero_plus,condition,libero_plus:libero_10:1974,libero_10,KITCHEN_SCENE4_put_the_black_bowl_in_the_bottom_drawer_of_the_cabinet_and_close_it,KITCHEN_SCENE4_put_the_black_bowl_in_the_bottom_drawer_of_the_cabinet_and_close_it_level3_sample1,Objects Layout,3,libero_plus:libero_10:1974,10,1,10,10,1.0,0,0,0,0.0,,,
libero_plus,condition,libero_plus:libero_10:289,libero_10,LIVING_ROOM_SCENE2_put_both_the_alphabet_soup_and_the_tomato_sauce_in_the_basket,LIVING_ROOM_SCENE2_put_both_the_alphabet_soup_and_the_tomato_sauce_in_the_basket_view_0_0_100_0_0_initstate_1,Robot Initial States,2,libero_plus:libero_10:289,10,1,1,10,1.0,0,0,0,0.0,,,
libero_plus,condition,libero_plus:libero_10:289,libero_10,LIVING_ROOM_SCENE2_put_both_the_alphabet_soup_and_the_tomato_sauce_in_the_basket,LIVING_ROOM_SCENE2_put_both_the_alphabet_soup_and_the_tomato_sauce_in_the_basket_view_0_0_100_0_0_initstate_1,Robot Initial States,2,libero_plus:libero_10:289,10,1,2,10,1.0,0,0,0,0.0,,,
libero_plus,condition,libero_plus:libero_10:289,libero_10,LIVING_ROOM_SCENE2_put_both_the_alphabet_soup_and_the_tomato_sauce_in_the_basket,LIVING_ROOM_SCENE2_put_both_the_alphabet_soup_and_the_tomato_sauce_in_the_basket_view_0_0_100_0_0_initstate_1,Robot Initial States,2,libero_plus:libero_10:289,10,1,4,10,1.0,0,0,0,0.0,,,
libero_plus,condition,libero_plus:libero_10:289,libero_10,LIVING_ROOM_SCENE2_put_both_the_alphabet_soup_and_the_tomato_sauce_in_the_basket,LIVING_ROOM_SCENE2_put_both_the_alphabet_soup_and_the_tomato_sauce_in_the_basket_view_0_0_100_0_0_initstate_1,Robot Initial States,2,libero_plus:libero_10:289,10,1,10,10,1.0,0,0,0,0.0,,,
libero_plus,condition,libero_plus:libero_10:299,libero_10,LIVING_ROOM_SCENE2_put_both_the_alphabet_soup_and_the_tomato_sauce_in_the_basket,LIVING_ROOM_SCENE2_put_both_the_alphabet_soup_and_the_tomato_sauce_in_the_basket_view_0_0_100_0_0_initstate_171,Robot Initial States,3,libero_plus:libero_10:299,10,1,1,5,0.5,5,0,0,0.0,0.0,,
libero_plus,condition,libero_plus:libero_10:299,libero_10,LIVING_ROOM_SCENE2_put_both_the_alphabet_soup_and_the_tomato_sauce_in_the_basket,LIVING_ROOM_SCENE2_put_both_the_alphabet_soup_and_the_tomato_sauce_in_the_basket_view_0_0_100_0_0_initstate_171,Robot Initial States,3,libero_plus:libero_10:299,10,1,2,5,0.5,5,0,0,0.0,0.0,,
libero_plus,condition,libero_plus:libero_10:299,libero_10,LIVING_ROOM_SCENE2_put_both_the_alphabet_soup_and_the_tomato_sauce_in_the_basket,LIVING_ROOM_SCENE2_put_both_the_alphabet_soup_and_the_tomato_sauce_in_the_basket_view_0_0_100_0_0_initstate_171,Robot Initial States,3,libero_plus:libero_10:299,10,1,4,7,0.7,5,2,0,0.2,0.4,,
libero_plus,condition,libero_plus:libero_10:299,libero_10,LIVING_ROOM_SCENE2_put_both_the_alphabet_soup_and_the_tomato_sauce_in_the_basket,LIVING_ROOM_SCENE2_put_both_the_alphabet_soup_and_the_tomato_sauce_in_the_basket_view_0_0_100_0_0_initstate_171,Robot Initial States,3,libero_plus:libero_10:299,10,1,10,6,0.6,5,1,0,0.1,0.2,,
libero_plus,condition,libero_plus:libero_10:330,libero_10,LIVING_ROOM_SCENE2_put_both_the_cream_cheese_box_and_the_butter_in_the_basket,LIVING_ROOM_SCENE2_put_both_the_cream_cheese_box_and_the_butter_in_the_basket_view_0_0_100_0_0_initstate_2,Robot Initial States,2,libero_plus:libero_10:330,10,1,1,10,1.0,0,0,0,0.0,,,
libero_plus,condition,libero_plus:libero_10:330,libero_10,LIVING_ROOM_SCENE2_put_both_the_cream_cheese_box_and_the_butter_in_the_basket,LIVING_ROOM_SCENE2_put_both_the_cream_cheese_box_and_the_butter_in_the_basket_view_0_0_100_0_0_initstate_2,Robot Initial States,2,libero_plus:libero_10:330,10,1,2,10,1.0,0,0,0,0.0,,,
libero_plus,condition,libero_plus:libero_10:330,libero_10,LIVING_ROOM_SCENE2_put_both_the_cream_cheese_box_and_the_butter_in_the_basket,LIVING_ROOM_SCENE2_put_both_the_cream_cheese_box_and_the_butter_in_the_basket_view_0_0_100_0_0_initstate_2,Robot Initial States,2,libero_plus:libero_10:330,10,1,4,10,1.0,0,0,0,0.0,,,
libero_plus,condition,libero_plus:libero_10:330,libero_10,LIVING_ROOM_SCENE2_put_both_the_cream_cheese_box_and_the_butter_in_the_basket,LIVING_ROOM_SCENE2_put_both_the_cream_cheese_box_and_the_butter_in_the_basket_view_0_0_100_0_0_initstate_2,Robot Initial States,2,libero_plus:libero_10:330,10,1,10,10,1.0,0,0,0,0.0,,,
libero_plus,condition,libero_plus:libero_10:339,libero_10,LIVING_ROOM_SCENE2_put_both_the_cream_cheese_box_and_the_butter_in_the_basket,LIVING_ROOM_SCENE2_put_both_the_cream_cheese_box_and_the_butter_in_the_basket_view_0_0_100_0_0_initstate_212,Robot Initial States,3,libero_plus:libero_10:339,10,1,1,8,0.8,2,0,0,0.0,0.0,,
libero_plus,condition,libero_plus:libero_10:339,libero_10,LIVING_ROOM_SCENE2_put_both_the_cream_cheese_box_and_the_butter_in_the_basket,LIVING_ROOM_SCENE2_put_both_the_cream_cheese_box_and_the_butter_in_the_basket_view_0_0_100_0_0_initstate_212,Robot Initial States,3,libero_plus:libero_10:339,10,1,2,10,1.0,2,2,0,0.2,1.0,,
libero_plus,condition,libero_plus:libero_10:339,libero_10,LIVING_ROOM_SCENE2_put_both_the_cream_cheese_box_and_the_butter_in_the_basket,LIVING_ROOM_SCENE2_put_both_the_cream_cheese_box_and_the_butter_in_the_basket_view_0_0_100_0_0_initstate_212,Robot Initial States,3,libero_plus:libero_10:339,10,1,4,9,0.9,2,2,1,0.1,1.0,,
libero_plus,condition,libero_plus:libero_10:339,libero_10,LIVING_ROOM_SCENE2_put_both_the_cream_cheese_box_and_the_butter_in_the_basket,LIVING_ROOM_SCENE2_put_both_the_cream_cheese_box_and_the_butter_in_the_basket_view_0_0_100_0_0_initstate_212,Robot Initial States,3,libero_plus:libero_10:339,10,1,10,9,0.9,2,2,1,0.1,1.0,,
libero_plus,condition,libero_plus:libero_10:682,libero_10,LIVING_ROOM_SCENE2_put_both_the_alphabet_soup_and_the_tomato_sauce_in_the_basket,LIVING_ROOM_SCENE2_put_both_the_alphabet_soup_and_the_tomato_sauce_in_the_basket_view_0_0_100_2_6_initstate_0,Camera Viewpoints,3,libero_plus:libero_10:682,10,1,1,10,1.0,0,0,0,0.0,,,
libero_plus,condition,libero_plus:libero_10:682,libero_10,LIVING_ROOM_SCENE2_put_both_the_alphabet_soup_and_the_tomato_sauce_in_the_basket,LIVING_ROOM_SCENE2_put_both_the_alphabet_soup_and_the_tomato_sauce_in_the_basket_view_0_0_100_2_6_initstate_0,Camera Viewpoints,3,libero_plus:libero_10:682,10,1,2,10,1.0,0,0,0,0.0,,,
libero_plus,condition,libero_plus:libero_10:682,libero_10,LIVING_ROOM_SCENE2_put_both_the_alphabet_soup_and_the_tomato_sauce_in_the_basket,LIVING_ROOM_SCENE2_put_both_the_alphabet_soup_and_the_tomato_sauce_in_the_basket_view_0_0_100_2_6_initstate_0,Camera Viewpoints,3,libero_plus:libero_10:682,10,1,4,10,1.0,0,0,0,0.0,,,
libero_plus,condition,libero_plus:libero_10:682,libero_10,LIVING_ROOM_SCENE2_put_both_the_alphabet_soup_and_the_tomato_sauce_in_the_basket,LIVING_ROOM_SCENE2_put_both_the_alphabet_soup_and_the_tomato_sauce_in_the_basket_view_0_0_100_2_6_initstate_0,Camera Viewpoints,3,libero_plus:libero_10:682,10,1,10,10,1.0,0,0,0,0.0,,,
libero_plus,condition,libero_plus:libero_10:685,libero_10,LIVING_ROOM_SCENE2_put_both_the_alphabet_soup_and_the_tomato_sauce_in_the_basket,LIVING_ROOM_SCENE2_put_both_the_alphabet_soup_and_the_tomato_sauce_in_the_basket_view_0_0_100_2_350_initstate_0,Camera Viewpoints,2,libero_plus:libero_10:685,10,1,1,10,1.0,0,0,0,0.0,,,
libero_plus,condition,libero_plus:libero_10:685,libero_10,LIVING_ROOM_SCENE2_put_both_the_alphabet_soup_and_the_tomato_sauce_in_the_basket,LIVING_ROOM_SCENE2_put_both_the_alphabet_soup_and_the_tomato_sauce_in_the_basket_view_0_0_100_2_350_initstate_0,Camera Viewpoints,2,libero_plus:libero_10:685,10,1,2,9,0.9,0,0,1,-0.1,,,
libero_plus,condition,libero_plus:libero_10:685,libero_10,LIVING_ROOM_SCENE2_put_both_the_alphabet_soup_and_the_tomato_sauce_in_the_basket,LIVING_ROOM_SCENE2_put_both_the_alphabet_soup_and_the_tomato_sauce_in_the_basket_view_0_0_100_2_350_initstate_0,Camera Viewpoints,2,libero_plus:libero_10:685,10,1,4,9,0.9,0,0,1,-0.1,,,
libero_plus,condition,libero_plus:libero_10:685,libero_10,LIVING_ROOM_SCENE2_put_both_the_alphabet_soup_and_the_tomato_sauce_in_the_basket,LIVING_ROOM_SCENE2_put_both_the_alphabet_soup_and_the_tomato_sauce_in_the_basket_view_0_0_100_2_350_initstate_0,Camera Viewpoints,2,libero_plus:libero_10:685,10,1,10,8,0.8,0,0,2,-0.2,,,
libero_plus,condition,libero_plus:libero_10:703,libero_10,LIVING_ROOM_SCENE2_put_both_the_cream_cheese_box_and_the_butter_in_the_basket,LIVING_ROOM_SCENE2_put_both_the_cream_cheese_box_and_the_butter_in_the_basket_view_0_0_100_4_6_initstate_0,Camera Viewpoints,2,libero_plus:libero_10:703,10,1,1,10,1.0,0,0,0,0.0,,,
libero_plus,condition,libero_plus:libero_10:703,libero_10,LIVING_ROOM_SCENE2_put_both_the_cream_cheese_box_and_the_butter_in_the_basket,LIVING_ROOM_SCENE2_put_both_the_cream_cheese_box_and_the_butter_in_the_basket_view_0_0_100_4_6_initstate_0,Camera Viewpoints,2,libero_plus:libero_10:703,10,1,2,10,1.0,0,0,0,0.0,,,
libero_plus,condition,libero_plus:libero_10:703,libero_10,LIVING_ROOM_SCENE2_put_both_the_cream_cheese_box_and_the_butter_in_the_basket,LIVING_ROOM_SCENE2_put_both_the_cream_cheese_box_and_the_butter_in_the_basket_view_0_0_100_4_6_initstate_0,Camera Viewpoints,2,libero_plus:libero_10:703,10,1,4,10,1.0,0,0,0,0.0,,,
libero_plus,condition,libero_plus:libero_10:703,libero_10,LIVING_ROOM_SCENE2_put_both_the_cream_cheese_box_and_the_butter_in_the_basket,LIVING_ROOM_SCENE2_put_both_the_cream_cheese_box_and_the_butter_in_the_basket_view_0_0_100_4_6_initstate_0,Camera Viewpoints,2,libero_plus:libero_10:703,10,1,10,10,1.0,0,0,0,0.0,,,
libero_plus,condition,libero_plus:libero_10:711,libero_10,LIVING_ROOM_SCENE2_put_both_the_cream_cheese_box_and_the_butter_in_the_basket,LIVING_ROOM_SCENE2_put_both_the_cream_cheese_box_and_the_butter_in_the_basket_view_17_15_100_0_0_initstate_0,Camera Viewpoints,3,libero_plus:libero_10:711,10,1,1,10,1.0,0,0,0,0.0,,,
libero_plus,condition,libero_plus:libero_10:711,libero_10,LIVING_ROOM_SCENE2_put_both_the_cream_cheese_box_and_the_butter_in_the_basket,LIVING_ROOM_SCENE2_put_both_the_cream_cheese_box_and_the_butter_in_the_basket_view_17_15_100_0_0_initstate_0,Camera Viewpoints,3,libero_plus:libero_10:711,10,1,2,10,1.0,0,0,0,0.0,,,
libero_plus,condition,libero_plus:libero_10:711,libero_10,LIVING_ROOM_SCENE2_put_both_the_cream_cheese_box_and_the_butter_in_the_basket,LIVING_ROOM_SCENE2_put_both_the_cream_cheese_box_and_the_butter_in_the_basket_view_17_15_100_0_0_initstate_0,Camera Viewpoints,3,libero_plus:libero_10:711,10,1,4,10,1.0,0,0,0,0.0,,,
libero_plus,condition,libero_plus:libero_10:711,libero_10,LIVING_ROOM_SCENE2_put_both_the_cream_cheese_box_and_the_butter_in_the_basket,LIVING_ROOM_SCENE2_put_both_the_cream_cheese_box_and_the_butter_in_the_basket_view_17_15_100_0_0_initstate_0,Camera Viewpoints,3,libero_plus:libero_10:711,10,1,10,10,1.0,0,0,0,0.0,,,
libero_plus,condition,libero_plus:libero_goal:1890,libero_goal,open_the_middle_drawer_of_the_cabinet,open_the_middle_drawer_of_the_cabinet_add_13,Objects Layout,2,libero_plus:libero_goal:1890,10,1,1,10,1.0,0,0,0,0.0,,,
libero_plus,condition,libero_plus:libero_goal:1890,libero_goal,open_the_middle_drawer_of_the_cabinet,open_the_middle_drawer_of_the_cabinet_add_13,Objects Layout,2,libero_plus:libero_goal:1890,10,1,2,10,1.0,0,0,0,0.0,,,
libero_plus,condition,libero_plus:libero_goal:1890,libero_goal,open_the_middle_drawer_of_the_cabinet,open_the_middle_drawer_of_the_cabinet_add_13,Objects Layout,2,libero_plus:libero_goal:1890,10,1,4,10,1.0,0,0,0,0.0,,,
libero_plus,condition,libero_plus:libero_goal:1890,libero_goal,open_the_middle_drawer_of_the_cabinet,open_the_middle_drawer_of_the_cabinet_add_13,Objects Layout,2,libero_plus:libero_goal:1890,10,1,10,10,1.0,0,0,0,0.0,,,
libero_plus,condition,libero_plus:libero_goal:1892,libero_goal,open_the_middle_drawer_of_the_cabinet,open_the_middle_drawer_of_the_cabinet_add_15,Objects Layout,3,libero_plus:libero_goal:1892,10,1,1,10,1.0,0,0,0,0.0,,,
libero_plus,condition,libero_plus:libero_goal:1892,libero_goal,open_the_middle_drawer_of_the_cabinet,open_the_middle_drawer_of_the_cabinet_add_15,Objects Layout,3,libero_plus:libero_goal:1892,10,1,2,10,1.0,0,0,0,0.0,,,
libero_plus,condition,libero_plus:libero_goal:1892,libero_goal,open_the_middle_drawer_of_the_cabinet,open_the_middle_drawer_of_the_cabinet_add_15,Objects Layout,3,libero_plus:libero_goal:1892,10,1,4,10,1.0,0,0,0,0.0,,,
libero_plus,condition,libero_plus:libero_goal:1892,libero_goal,open_the_middle_drawer_of_the_cabinet,open_the_middle_drawer_of_the_cabinet_add_15,Objects Layout,3,libero_plus:libero_goal:1892,10,1,10,10,1.0,0,0,0,0.0,,,
libero_plus,condition,libero_plus:libero_goal:1931,libero_goal,open_the_top_drawer_and_put_the_bowl_inside,open_the_top_drawer_and_put_the_bowl_inside_add_10,Objects Layout,2,libero_plus:libero_goal:1931,10,1,1,9,0.9,1,0,0,0.0,0.0,,
libero_plus,condition,libero_plus:libero_goal:1931,libero_goal,open_the_top_drawer_and_put_the_bowl_inside,open_the_top_drawer_and_put_the_bowl_inside_add_10,Objects Layout,2,libero_plus:libero_goal:1931,10,1,2,10,1.0,1,1,0,0.1,1.0,,
libero_plus,condition,libero_plus:libero_goal:1931,libero_goal,open_the_top_drawer_and_put_the_bowl_inside,open_the_top_drawer_and_put_the_bowl_inside_add_10,Objects Layout,2,libero_plus:libero_goal:1931,10,1,4,10,1.0,1,1,0,0.1,1.0,,
libero_plus,condition,libero_plus:libero_goal:1931,libero_goal,open_the_top_drawer_and_put_the_bowl_inside,open_the_top_drawer_and_put_the_bowl_inside_add_10,Objects Layout,2,libero_plus:libero_goal:1931,10,1,10,10,1.0,1,1,0,0.1,1.0,,
libero_plus,condition,libero_plus:libero_goal:1933,libero_goal,open_the_top_drawer_and_put_the_bowl_inside,open_the_top_drawer_and_put_the_bowl_inside_add_13,Objects Layout,3,libero_plus:libero_goal:1933,10,1,1,10,1.0,0,0,0,0.0,,,
libero_plus,condition,libero_plus:libero_goal:1933,libero_goal,open_the_top_drawer_and_put_the_bowl_inside,open_the_top_drawer_and_put_the_bowl_inside_add_13,Objects Layout,3,libero_plus:libero_goal:1933,10,1,2,10,1.0,0,0,0,0.0,,,
libero_plus,condition,libero_plus:libero_goal:1933,libero_goal,open_the_top_drawer_and_put_the_bowl_inside,open_the_top_drawer_and_put_the_bowl_inside_add_13,Objects Layout,3,libero_plus:libero_goal:1933,10,1,4,10,1.0,0,0,0,0.0,,,
libero_plus,condition,libero_plus:libero_goal:1933,libero_goal,open_the_top_drawer_and_put_the_bowl_inside,open_the_top_drawer_and_put_the_bowl_inside_add_13,Objects Layout,3,libero_plus:libero_goal:1933,10,1,10,10,1.0,0,0,0,0.0,,,
libero_plus,condition,libero_plus:libero_goal:281,libero_goal,open_the_middle_drawer_of_the_cabinet,open_the_middle_drawer_of_the_cabinet_view_0_0_100_0_0_initstate_1,Robot Initial States,3,libero_plus:libero_goal:281,10,1,1,10,1.0,0,0,0,0.0,,,
libero_plus,condition,libero_plus:libero_goal:281,libero_goal,open_the_middle_drawer_of_the_cabinet,open_the_middle_drawer_of_the_cabinet_view_0_0_100_0_0_initstate_1,Robot Initial States,3,libero_plus:libero_goal:281,10,1,2,10,1.0,0,0,0,0.0,,,
libero_plus,condition,libero_plus:libero_goal:281,libero_goal,open_the_middle_drawer_of_the_cabinet,open_the_middle_drawer_of_the_cabinet_view_0_0_100_0_0_initstate_1,Robot Initial States,3,libero_plus:libero_goal:281,10,1,4,10,1.0,0,0,0,0.0,,,
libero_plus,condition,libero_plus:libero_goal:281,libero_goal,open_the_middle_drawer_of_the_cabinet,open_the_middle_drawer_of_the_cabinet_view_0_0_100_0_0_initstate_1,Robot Initial States,3,libero_plus:libero_goal:281,10,1,10,10,1.0,0,0,0,0.0,,,
libero_plus,condition,libero_plus:libero_goal:284,libero_goal,open_the_middle_drawer_of_the_cabinet,open_the_middle_drawer_of_the_cabinet_view_0_0_100_0_0_initstate_71,Robot Initial States,2,libero_plus:libero_goal:284,10,1,1,8,0.8,2,0,0,0.0,0.0,,
libero_plus,condition,libero_plus:libero_goal:284,libero_goal,open_the_middle_drawer_of_the_cabinet,open_the_middle_drawer_of_the_cabinet_view_0_0_100_0_0_initstate_71,Robot Initial States,2,libero_plus:libero_goal:284,10,1,2,9,0.9,2,1,0,0.1,0.5,,
libero_plus,condition,libero_plus:libero_goal:284,libero_goal,open_the_middle_drawer_of_the_cabinet,open_the_middle_drawer_of_the_cabinet_view_0_0_100_0_0_initstate_71,Robot Initial States,2,libero_plus:libero_goal:284,10,1,4,7,0.7,2,0,1,-0.1,0.0,,
libero_plus,condition,libero_plus:libero_goal:284,libero_goal,open_the_middle_drawer_of_the_cabinet,open_the_middle_drawer_of_the_cabinet_view_0_0_100_0_0_initstate_71,Robot Initial States,2,libero_plus:libero_goal:284,10,1,10,8,0.8,2,0,0,0.0,0.0,,
libero_plus,condition,libero_plus:libero_goal:328,libero_goal,put_the_bowl_on_the_stove,put_the_bowl_on_the_stove_view_0_0_100_0_0_initstate_112,Robot Initial States,2,libero_plus:libero_goal:328,10,1,1,10,1.0,0,0,0,0.0,,,
libero_plus,condition,libero_plus:libero_goal:328,libero_goal,put_the_bowl_on_the_stove,put_the_bowl_on_the_stove_view_0_0_100_0_0_initstate_112,Robot Initial States,2,libero_plus:libero_goal:328,10,1,2,10,1.0,0,0,0,0.0,,,
libero_plus,condition,libero_plus:libero_goal:328,libero_goal,put_the_bowl_on_the_stove,put_the_bowl_on_the_stove_view_0_0_100_0_0_initstate_112,Robot Initial States,2,libero_plus:libero_goal:328,10,1,4,10,1.0,0,0,0,0.0,,,
libero_plus,condition,libero_plus:libero_goal:328,libero_goal,put_the_bowl_on_the_stove,put_the_bowl_on_the_stove_view_0_0_100_0_0_initstate_112,Robot Initial States,2,libero_plus:libero_goal:328,10,1,10,10,1.0,0,0,0,0.0,,,
libero_plus,condition,libero_plus:libero_goal:329,libero_goal,put_the_bowl_on_the_stove,put_the_bowl_on_the_stove_view_0_0_100_0_0_initstate_132,Robot Initial States,3,libero_plus:libero_goal:329,10,1,1,10,1.0,0,0,0,0.0,,,
libero_plus,condition,libero_plus:libero_goal:329,libero_goal,put_the_bowl_on_the_stove,put_the_bowl_on_the_stove_view_0_0_100_0_0_initstate_132,Robot Initial States,3,libero_plus:libero_goal:329,10,1,2,10,1.0,0,0,0,0.0,,,
libero_plus,condition,libero_plus:libero_goal:329,libero_goal,put_the_bowl_on_the_stove,put_the_bowl_on_the_stove_view_0_0_100_0_0_initstate_132,Robot Initial States,3,libero_plus:libero_goal:329,10,1,4,10,1.0,0,0,0,0.0,,,
libero_plus,condition,libero_plus:libero_goal:329,libero_goal,put_the_bowl_on_the_stove,put_the_bowl_on_the_stove_view_0_0_100_0_0_initstate_132,Robot Initial States,3,libero_plus:libero_goal:329,10,1,10,10,1.0,0,0,0,0.0,,,
libero_plus,condition,libero_plus:libero_goal:690,libero_goal,open_the_middle_drawer_of_the_cabinet,open_the_middle_drawer_of_the_cabinet_view_0_0_100_2_4_initstate_0,Camera Viewpoints,2,libero_plus:libero_goal:690,10,1,1,10,1.0,0,0,0,0.0,,,
libero_plus,condition,libero_plus:libero_goal:690,libero_goal,open_the_middle_drawer_of_the_cabinet,open_the_middle_drawer_of_the_cabinet_view_0_0_100_2_4_initstate_0,Camera Viewpoints,2,libero_plus:libero_goal:690,10,1,2,10,1.0,0,0,0,0.0,,,
libero_plus,condition,libero_plus:libero_goal:690,libero_goal,open_the_middle_drawer_of_the_cabinet,open_the_middle_drawer_of_the_cabinet_view_0_0_100_2_4_initstate_0,Camera Viewpoints,2,libero_plus:libero_goal:690,10,1,4,10,1.0,0,0,0,0.0,,,
libero_plus,condition,libero_plus:libero_goal:690,libero_goal,open_the_middle_drawer_of_the_cabinet,open_the_middle_drawer_of_the_cabinet_view_0_0_100_2_4_initstate_0,Camera Viewpoints,2,libero_plus:libero_goal:690,10,1,10,10,1.0,0,0,0,0.0,,,
libero_plus,condition,libero_plus:libero_goal:691,libero_goal,open_the_middle_drawer_of_the_cabinet,open_the_middle_drawer_of_the_cabinet_view_0_0_100_2_6_initstate_0,Camera Viewpoints,3,libero_plus:libero_goal:691,10,1,1,10,1.0,0,0,0,0.0,,,
libero_plus,condition,libero_plus:libero_goal:691,libero_goal,open_the_middle_drawer_of_the_cabinet,open_the_middle_drawer_of_the_cabinet_view_0_0_100_2_6_initstate_0,Camera Viewpoints,3,libero_plus:libero_goal:691,10,1,2,10,1.0,0,0,0,0.0,,,
libero_plus,condition,libero_plus:libero_goal:691,libero_goal,open_the_middle_drawer_of_the_cabinet,open_the_middle_drawer_of_the_cabinet_view_0_0_100_2_6_initstate_0,Camera Viewpoints,3,libero_plus:libero_goal:691,10,1,4,10,1.0,0,0,0,0.0,,,
libero_plus,condition,libero_plus:libero_goal:691,libero_goal,open_the_middle_drawer_of_the_cabinet,open_the_middle_drawer_of_the_cabinet_view_0_0_100_2_6_initstate_0,Camera Viewpoints,3,libero_plus:libero_goal:691,10,1,10,10,1.0,0,0,0,0.0,,,
libero_plus,condition,libero_plus:libero_goal:718,libero_goal,put_the_bowl_on_the_stove,put_the_bowl_on_the_stove_view_16_15_100_0_0_initstate_0,Camera Viewpoints,2,libero_plus:libero_goal:718,10,1,1,10,1.0,0,0,0,0.0,,,
libero_plus,condition,libero_plus:libero_goal:718,libero_goal,put_the_bowl_on_the_stove,put_the_bowl_on_the_stove_view_16_15_100_0_0_initstate_0,Camera Viewpoints,2,libero_plus:libero_goal:718,10,1,2,9,0.9,0,0,1,-0.1,,,
libero_plus,condition,libero_plus:libero_goal:718,libero_goal,put_the_bowl_on_the_stove,put_the_bowl_on_the_stove_view_16_15_100_0_0_initstate_0,Camera Viewpoints,2,libero_plus:libero_goal:718,10,1,4,10,1.0,0,0,0,0.0,,,
libero_plus,condition,libero_plus:libero_goal:718,libero_goal,put_the_bowl_on_the_stove,put_the_bowl_on_the_stove_view_16_15_100_0_0_initstate_0,Camera Viewpoints,2,libero_plus:libero_goal:718,10,1,10,9,0.9,0,0,1,-0.1,,,
libero_plus,condition,libero_plus:libero_goal:727,libero_goal,put_the_bowl_on_the_stove,put_the_bowl_on_the_stove_view_22_15_100_0_0_initstate_0,Camera Viewpoints,3,libero_plus:libero_goal:727,10,1,1,10,1.0,0,0,0,0.0,,,
libero_plus,condition,libero_plus:libero_goal:727,libero_goal,put_the_bowl_on_the_stove,put_the_bowl_on_the_stove_view_22_15_100_0_0_initstate_0,Camera Viewpoints,3,libero_plus:libero_goal:727,10,1,2,8,0.8,0,0,2,-0.2,,,
libero_plus,condition,libero_plus:libero_goal:727,libero_goal,put_the_bowl_on_the_stove,put_the_bowl_on_the_stove_view_22_15_100_0_0_initstate_0,Camera Viewpoints,3,libero_plus:libero_goal:727,10,1,4,8,0.8,0,0,2,-0.2,,,
libero_plus,condition,libero_plus:libero_goal:727,libero_goal,put_the_bowl_on_the_stove,put_the_bowl_on_the_stove_view_22_15_100_0_0_initstate_0,Camera Viewpoints,3,libero_plus:libero_goal:727,10,1,10,10,1.0,0,0,0,0.0,,,
libero_plus,condition,libero_plus:libero_object:1819,libero_object,pick_up_the_alphabet_soup_and_place_it_in_the_basket,pick_up_the_alphabet_soup_and_place_it_in_the_basket_add_11,Objects Layout,2,libero_plus:libero_object:1819,10,1,1,10,1.0,0,0,0,0.0,,,
libero_plus,condition,libero_plus:libero_object:1819,libero_object,pick_up_the_alphabet_soup_and_place_it_in_the_basket,pick_up_the_alphabet_soup_and_place_it_in_the_basket_add_11,Objects Layout,2,libero_plus:libero_object:1819,10,1,2,10,1.0,0,0,0,0.0,,,
libero_plus,condition,libero_plus:libero_object:1819,libero_object,pick_up_the_alphabet_soup_and_place_it_in_the_basket,pick_up_the_alphabet_soup_and_place_it_in_the_basket_add_11,Objects Layout,2,libero_plus:libero_object:1819,10,1,4,10,1.0,0,0,0,0.0,,,
libero_plus,condition,libero_plus:libero_object:1819,libero_object,pick_up_the_alphabet_soup_and_place_it_in_the_basket,pick_up_the_alphabet_soup_and_place_it_in_the_basket_add_11,Objects Layout,2,libero_plus:libero_object:1819,10,1,10,10,1.0,0,0,0,0.0,,,
libero_plus,condition,libero_plus:libero_object:1824,libero_object,pick_up_the_alphabet_soup_and_place_it_in_the_basket,pick_up_the_alphabet_soup_and_place_it_in_the_basket_add_18,Objects Layout,3,libero_plus:libero_object:1824,10,1,1,10,1.0,0,0,0,0.0,,,
libero_plus,condition,libero_plus:libero_object:1824,libero_object,pick_up_the_alphabet_soup_and_place_it_in_the_basket,pick_up_the_alphabet_soup_and_place_it_in_the_basket_add_18,Objects Layout,3,libero_plus:libero_object:1824,10,1,2,10,1.0,0,0,0,0.0,,,
libero_plus,condition,libero_plus:libero_object:1824,libero_object,pick_up_the_alphabet_soup_and_place_it_in_the_basket,pick_up_the_alphabet_soup_and_place_it_in_the_basket_add_18,Objects Layout,3,libero_plus:libero_object:1824,10,1,4,10,1.0,0,0,0,0.0,,,
libero_plus,condition,libero_plus:libero_object:1824,libero_object,pick_up_the_alphabet_soup_and_place_it_in_the_basket,pick_up_the_alphabet_soup_and_place_it_in_the_basket_add_18,Objects Layout,3,libero_plus:libero_object:1824,10,1,10,10,1.0,0,0,0,0.0,,,
libero_plus,condition,libero_plus:libero_object:1859,libero_object,pick_up_the_bbq_sauce_and_place_it_in_the_basket,pick_up_the_bbq_sauce_and_place_it_in_the_basket_add_10,Objects Layout,2,libero_plus:libero_object:1859,10,1,1,10,1.0,0,0,0,0.0,,,
libero_plus,condition,libero_plus:libero_object:1859,libero_object,pick_up_the_bbq_sauce_and_place_it_in_the_basket,pick_up_the_bbq_sauce_and_place_it_in_the_basket_add_10,Objects Layout,2,libero_plus:libero_object:1859,10,1,2,9,0.9,0,0,1,-0.1,,,
libero_plus,condition,libero_plus:libero_object:1859,libero_object,pick_up_the_bbq_sauce_and_place_it_in_the_basket,pick_up_the_bbq_sauce_and_place_it_in_the_basket_add_10,Objects Layout,2,libero_plus:libero_object:1859,10,1,4,10,1.0,0,0,0,0.0,,,
libero_plus,condition,libero_plus:libero_object:1859,libero_object,pick_up_the_bbq_sauce_and_place_it_in_the_basket,pick_up_the_bbq_sauce_and_place_it_in_the_basket_add_10,Objects Layout,2,libero_plus:libero_object:1859,10,1,10,10,1.0,0,0,0,0.0,,,
libero_plus,condition,libero_plus:libero_object:1863,libero_object,pick_up_the_bbq_sauce_and_place_it_in_the_basket,pick_up_the_bbq_sauce_and_place_it_in_the_basket_add_15,Objects Layout,3,libero_plus:libero_object:1863,10,1,1,10,1.0,0,0,0,0.0,,,
libero_plus,condition,libero_plus:libero_object:1863,libero_object,pick_up_the_bbq_sauce_and_place_it_in_the_basket,pick_up_the_bbq_sauce_and_place_it_in_the_basket_add_15,Objects Layout,3,libero_plus:libero_object:1863,10,1,2,10,1.0,0,0,0,0.0,,,
libero_plus,condition,libero_plus:libero_object:1863,libero_object,pick_up_the_bbq_sauce_and_place_it_in_the_basket,pick_up_the_bbq_sauce_and_place_it_in_the_basket_add_15,Objects Layout,3,libero_plus:libero_object:1863,10,1,4,10,1.0,0,0,0,0.0,,,
libero_plus,condition,libero_plus:libero_object:1863,libero_object,pick_up_the_bbq_sauce_and_place_it_in_the_basket,pick_up_the_bbq_sauce_and_place_it_in_the_basket_add_15,Objects Layout,3,libero_plus:libero_object:1863,10,1,10,10,1.0,0,0,0,0.0,,,
libero_plus,condition,libero_plus:libero_object:250,libero_object,pick_up_the_alphabet_soup_and_place_it_in_the_basket,pick_up_the_alphabet_soup_and_place_it_in_the_basket_view_0_0_100_0_0_initstate_71,Robot Initial States,2,libero_plus:libero_object:250,10,1,1,8,0.8,2,0,0,0.0,0.0,,
libero_plus,condition,libero_plus:libero_object:250,libero_object,pick_up_the_alphabet_soup_and_place_it_in_the_basket,pick_up_the_alphabet_soup_and_place_it_in_the_basket_view_0_0_100_0_0_initstate_71,Robot Initial States,2,libero_plus:libero_object:250,10,1,2,10,1.0,2,2,0,0.2,1.0,,
libero_plus,condition,libero_plus:libero_object:250,libero_object,pick_up_the_alphabet_soup_and_place_it_in_the_basket,pick_up_the_alphabet_soup_and_place_it_in_the_basket_view_0_0_100_0_0_initstate_71,Robot Initial States,2,libero_plus:libero_object:250,10,1,4,10,1.0,2,2,0,0.2,1.0,,
libero_plus,condition,libero_plus:libero_object:250,libero_object,pick_up_the_alphabet_soup_and_place_it_in_the_basket,pick_up_the_alphabet_soup_and_place_it_in_the_basket_view_0_0_100_0_0_initstate_71,Robot Initial States,2,libero_plus:libero_object:250,10,1,10,10,1.0,2,2,0,0.2,1.0,,
libero_plus,condition,libero_plus:libero_object:258,libero_object,pick_up_the_alphabet_soup_and_place_it_in_the_basket,pick_up_the_alphabet_soup_and_place_it_in_the_basket_view_0_0_100_0_0_initstate_181,Robot Initial States,3,libero_plus:libero_object:258,10,1,1,10,1.0,0,0,0,0.0,,,
libero_plus,condition,libero_plus:libero_object:258,libero_object,pick_up_the_alphabet_soup_and_place_it_in_the_basket,pick_up_the_alphabet_soup_and_place_it_in_the_basket_view_0_0_100_0_0_initstate_181,Robot Initial States,3,libero_plus:libero_object:258,10,1,2,10,1.0,0,0,0,0.0,,,
libero_plus,condition,libero_plus:libero_object:258,libero_object,pick_up_the_alphabet_soup_and_place_it_in_the_basket,pick_up_the_alphabet_soup_and_place_it_in_the_basket_view_0_0_100_0_0_initstate_181,Robot Initial States,3,libero_plus:libero_object:258,10,1,4,10,1.0,0,0,0,0.0,,,
libero_plus,condition,libero_plus:libero_object:258,libero_object,pick_up_the_alphabet_soup_and_place_it_in_the_basket,pick_up_the_alphabet_soup_and_place_it_in_the_basket_view_0_0_100_0_0_initstate_181,Robot Initial States,3,libero_plus:libero_object:258,10,1,10,10,1.0,0,0,0,0.0,,,
libero_plus,condition,libero_plus:libero_object:290,libero_object,pick_up_the_cream_cheese_and_place_it_in_the_basket,pick_up_the_cream_cheese_and_place_it_in_the_basket_view_0_0_100_0_0_initstate_2,Robot Initial States,2,libero_plus:libero_object:290,10,1,1,7,0.7,3,0,0,0.0,0.0,,
libero_plus,condition,libero_plus:libero_object:290,libero_object,pick_up_the_cream_cheese_and_place_it_in_the_basket,pick_up_the_cream_cheese_and_place_it_in_the_basket_view_0_0_100_0_0_initstate_2,Robot Initial States,2,libero_plus:libero_object:290,10,1,2,9,0.9,3,2,0,0.2,0.6666666666666666,,
libero_plus,condition,libero_plus:libero_object:290,libero_object,pick_up_the_cream_cheese_and_place_it_in_the_basket,pick_up_the_cream_cheese_and_place_it_in_the_basket_view_0_0_100_0_0_initstate_2,Robot Initial States,2,libero_plus:libero_object:290,10,1,4,9,0.9,3,2,0,0.2,0.6666666666666666,,
libero_plus,condition,libero_plus:libero_object:290,libero_object,pick_up_the_cream_cheese_and_place_it_in_the_basket,pick_up_the_cream_cheese_and_place_it_in_the_basket_view_0_0_100_0_0_initstate_2,Robot Initial States,2,libero_plus:libero_object:290,10,1,10,9,0.9,3,2,0,0.2,0.6666666666666666,,
libero_plus,condition,libero_plus:libero_object:292,libero_object,pick_up_the_cream_cheese_and_place_it_in_the_basket,pick_up_the_cream_cheese_and_place_it_in_the_basket_view_0_0_100_0_0_initstate_62,Robot Initial States,3,libero_plus:libero_object:292,10,1,1,6,0.6,4,0,0,0.0,0.0,,
libero_plus,condition,libero_plus:libero_object:292,libero_object,pick_up_the_cream_cheese_and_place_it_in_the_basket,pick_up_the_cream_cheese_and_place_it_in_the_basket_view_0_0_100_0_0_initstate_62,Robot Initial States,3,libero_plus:libero_object:292,10,1,2,5,0.5,4,1,2,-0.1,0.25,,
libero_plus,condition,libero_plus:libero_object:292,libero_object,pick_up_the_cream_cheese_and_place_it_in_the_basket,pick_up_the_cream_cheese_and_place_it_in_the_basket_view_0_0_100_0_0_initstate_62,Robot Initial States,3,libero_plus:libero_object:292,10,1,4,5,0.5,4,1,2,-0.1,0.25,,
libero_plus,condition,libero_plus:libero_object:292,libero_object,pick_up_the_cream_cheese_and_place_it_in_the_basket,pick_up_the_cream_cheese_and_place_it_in_the_basket_view_0_0_100_0_0_initstate_62,Robot Initial States,3,libero_plus:libero_object:292,10,1,10,6,0.6,4,1,1,0.0,0.25,,
libero_plus,condition,libero_plus:libero_object:647,libero_object,pick_up_the_alphabet_soup_and_place_it_in_the_basket,pick_up_the_alphabet_soup_and_place_it_in_the_basket_view_0_0_100_2_6_initstate_0,Camera Viewpoints,2,libero_plus:libero_object:647,10,1,1,10,1.0,0,0,0,0.0,,,
libero_plus,condition,libero_plus:libero_object:647,libero_object,pick_up_the_alphabet_soup_and_place_it_in_the_basket,pick_up_the_alphabet_soup_and_place_it_in_the_basket_view_0_0_100_2_6_initstate_0,Camera Viewpoints,2,libero_plus:libero_object:647,10,1,2,10,1.0,0,0,0,0.0,,,
libero_plus,condition,libero_plus:libero_object:647,libero_object,pick_up_the_alphabet_soup_and_place_it_in_the_basket,pick_up_the_alphabet_soup_and_place_it_in_the_basket_view_0_0_100_2_6_initstate_0,Camera Viewpoints,2,libero_plus:libero_object:647,10,1,4,10,1.0,0,0,0,0.0,,,
libero_plus,condition,libero_plus:libero_object:647,libero_object,pick_up_the_alphabet_soup_and_place_it_in_the_basket,pick_up_the_alphabet_soup_and_place_it_in_the_basket_view_0_0_100_2_6_initstate_0,Camera Viewpoints,2,libero_plus:libero_object:647,10,1,10,10,1.0,0,0,0,0.0,,,
libero_plus,condition,libero_plus:libero_object:657,libero_object,pick_up_the_alphabet_soup_and_place_it_in_the_basket,pick_up_the_alphabet_soup_and_place_it_in_the_basket_view_6_15_100_0_0_initstate_0,Camera Viewpoints,3,libero_plus:libero_object:657,10,1,1,10,1.0,0,0,0,0.0,,,
libero_plus,condition,libero_plus:libero_object:657,libero_object,pick_up_the_alphabet_soup_and_place_it_in_the_basket,pick_up_the_alphabet_soup_and_place_it_in_the_basket_view_6_15_100_0_0_initstate_0,Camera Viewpoints,3,libero_plus:libero_object:657,10,1,2,9,0.9,0,0,1,-0.1,,,
libero_plus,condition,libero_plus:libero_object:657,libero_object,pick_up_the_alphabet_soup_and_place_it_in_the_basket,pick_up_the_alphabet_soup_and_place_it_in_the_basket_view_6_15_100_0_0_initstate_0,Camera Viewpoints,3,libero_plus:libero_object:657,10,1,4,9,0.9,0,0,1,-0.1,,,
libero_plus,condition,libero_plus:libero_object:657,libero_object,pick_up_the_alphabet_soup_and_place_it_in_the_basket,pick_up_the_alphabet_soup_and_place_it_in_the_basket_view_6_15_100_0_0_initstate_0,Camera Viewpoints,3,libero_plus:libero_object:657,10,1,10,10,1.0,0,0,0,0.0,,,
libero_plus,condition,libero_plus:libero_object:668,libero_object,pick_up_the_cream_cheese_and_place_it_in_the_basket,pick_up_the_cream_cheese_and_place_it_in_the_basket_view_0_0_119_0_0_initstate_0,Camera Viewpoints,2,libero_plus:libero_object:668,10,1,1,9,0.9,1,0,0,0.0,0.0,,
libero_plus,condition,libero_plus:libero_object:668,libero_object,pick_up_the_cream_cheese_and_place_it_in_the_basket,pick_up_the_cream_cheese_and_place_it_in_the_basket_view_0_0_119_0_0_initstate_0,Camera Viewpoints,2,libero_plus:libero_object:668,10,1,2,10,1.0,1,1,0,0.1,1.0,,
libero_plus,condition,libero_plus:libero_object:668,libero_object,pick_up_the_cream_cheese_and_place_it_in_the_basket,pick_up_the_cream_cheese_and_place_it_in_the_basket_view_0_0_119_0_0_initstate_0,Camera Viewpoints,2,libero_plus:libero_object:668,10,1,4,10,1.0,1,1,0,0.1,1.0,,
libero_plus,condition,libero_plus:libero_object:668,libero_object,pick_up_the_cream_cheese_and_place_it_in_the_basket,pick_up_the_cream_cheese_and_place_it_in_the_basket_view_0_0_119_0_0_initstate_0,Camera Viewpoints,2,libero_plus:libero_object:668,10,1,10,10,1.0,1,1,0,0.1,1.0,,
libero_plus,condition,libero_plus:libero_object:672,libero_object,pick_up_the_cream_cheese_and_place_it_in_the_basket,pick_up_the_cream_cheese_and_place_it_in_the_basket_view_0_0_100_4_10_initstate_0,Camera Viewpoints,3,libero_plus:libero_object:672,10,1,1,10,1.0,0,0,0,0.0,,,
libero_plus,condition,libero_plus:libero_object:672,libero_object,pick_up_the_cream_cheese_and_place_it_in_the_basket,pick_up_the_cream_cheese_and_place_it_in_the_basket_view_0_0_100_4_10_initstate_0,Camera Viewpoints,3,libero_plus:libero_object:672,10,1,2,10,1.0,0,0,0,0.0,,,
libero_plus,condition,libero_plus:libero_object:672,libero_object,pick_up_the_cream_cheese_and_place_it_in_the_basket,pick_up_the_cream_cheese_and_place_it_in_the_basket_view_0_0_100_4_10_initstate_0,Camera Viewpoints,3,libero_plus:libero_object:672,10,1,4,10,1.0,0,0,0,0.0,,,
libero_plus,condition,libero_plus:libero_object:672,libero_object,pick_up_the_cream_cheese_and_place_it_in_the_basket,pick_up_the_cream_cheese_and_place_it_in_the_basket_view_0_0_100_4_10_initstate_0,Camera Viewpoints,3,libero_plus:libero_object:672,10,1,10,10,1.0,0,0,0,0.0,,,
libero_plus,condition,libero_plus:libero_spatial:1734,libero_spatial,pick_up_the_black_bowl_between_the_plate_and_the_ramekin_and_place_it_on_the_plate,pick_up_the_black_bowl_between_the_plate_and_the_ramekin_and_place_it_on_the_plate_add_2,Objects Layout,3,libero_plus:libero_spatial:1734,10,1,1,10,1.0,0,0,0,0.0,,,
libero_plus,condition,libero_plus:libero_spatial:1734,libero_spatial,pick_up_the_black_bowl_between_the_plate_and_the_ramekin_and_place_it_on_the_plate,pick_up_the_black_bowl_between_the_plate_and_the_ramekin_and_place_it_on_the_plate_add_2,Objects Layout,3,libero_plus:libero_spatial:1734,10,1,2,10,1.0,0,0,0,0.0,,,
libero_plus,condition,libero_plus:libero_spatial:1734,libero_spatial,pick_up_the_black_bowl_between_the_plate_and_the_ramekin_and_place_it_on_the_plate,pick_up_the_black_bowl_between_the_plate_and_the_ramekin_and_place_it_on_the_plate_add_2,Objects Layout,3,libero_plus:libero_spatial:1734,10,1,4,10,1.0,0,0,0,0.0,,,
libero_plus,condition,libero_plus:libero_spatial:1734,libero_spatial,pick_up_the_black_bowl_between_the_plate_and_the_ramekin_and_place_it_on_the_plate,pick_up_the_black_bowl_between_the_plate_and_the_ramekin_and_place_it_on_the_plate_add_2,Objects Layout,3,libero_plus:libero_spatial:1734,10,1,10,10,1.0,0,0,0,0.0,,,
libero_plus,condition,libero_plus:libero_spatial:1767,libero_spatial,pick_up_the_black_bowl_between_the_plate_and_the_ramekin_and_place_it_on_the_plate,pick_up_the_black_bowl_between_the_plate_and_the_ramekin_and_place_it_on_the_plate_level5_sample3,Objects Layout,2,libero_plus:libero_spatial:1767,10,1,1,9,0.9,1,0,0,0.0,0.0,,
libero_plus,condition,libero_plus:libero_spatial:1767,libero_spatial,pick_up_the_black_bowl_between_the_plate_and_the_ramekin_and_place_it_on_the_plate,pick_up_the_black_bowl_between_the_plate_and_the_ramekin_and_place_it_on_the_plate_level5_sample3,Objects Layout,2,libero_plus:libero_spatial:1767,10,1,2,10,1.0,1,1,0,0.1,1.0,,
libero_plus,condition,libero_plus:libero_spatial:1767,libero_spatial,pick_up_the_black_bowl_between_the_plate_and_the_ramekin_and_place_it_on_the_plate,pick_up_the_black_bowl_between_the_plate_and_the_ramekin_and_place_it_on_the_plate_level5_sample3,Objects Layout,2,libero_plus:libero_spatial:1767,10,1,4,10,1.0,1,1,0,0.1,1.0,,
libero_plus,condition,libero_plus:libero_spatial:1767,libero_spatial,pick_up_the_black_bowl_between_the_plate_and_the_ramekin_and_place_it_on_the_plate,pick_up_the_black_bowl_between_the_plate_and_the_ramekin_and_place_it_on_the_plate_level5_sample3,Objects Layout,2,libero_plus:libero_spatial:1767,10,1,10,10,1.0,1,1,0,0.1,1.0,,
libero_plus,condition,libero_plus:libero_spatial:1772,libero_spatial,pick_up_the_black_bowl_from_table_center_and_place_it_on_the_plate,pick_up_the_black_bowl_from_table_center_and_place_it_on_the_plate_add_15,Objects Layout,3,libero_plus:libero_spatial:1772,10,1,1,10,1.0,0,0,0,0.0,,,
libero_plus,condition,libero_plus:libero_spatial:1772,libero_spatial,pick_up_the_black_bowl_from_table_center_and_place_it_on_the_plate,pick_up_the_black_bowl_from_table_center_and_place_it_on_the_plate_add_15,Objects Layout,3,libero_plus:libero_spatial:1772,10,1,2,10,1.0,0,0,0,0.0,,,
libero_plus,condition,libero_plus:libero_spatial:1772,libero_spatial,pick_up_the_black_bowl_from_table_center_and_place_it_on_the_plate,pick_up_the_black_bowl_from_table_center_and_place_it_on_the_plate_add_15,Objects Layout,3,libero_plus:libero_spatial:1772,10,1,4,10,1.0,0,0,0,0.0,,,
libero_plus,condition,libero_plus:libero_spatial:1772,libero_spatial,pick_up_the_black_bowl_from_table_center_and_place_it_on_the_plate,pick_up_the_black_bowl_from_table_center_and_place_it_on_the_plate_add_15,Objects Layout,3,libero_plus:libero_spatial:1772,10,1,10,10,1.0,0,0,0,0.0,,,
libero_plus,condition,libero_plus:libero_spatial:1893,libero_spatial,pick_up_the_black_bowl_next_to_the_plate_and_place_it_on_the_plate,pick_up_the_black_bowl_next_to_the_plate_and_place_it_on_the_plate_level1_sample1,Objects Layout,2,libero_plus:libero_spatial:1893,10,1,1,10,1.0,0,0,0,0.0,,,
libero_plus,condition,libero_plus:libero_spatial:1893,libero_spatial,pick_up_the_black_bowl_next_to_the_plate_and_place_it_on_the_plate,pick_up_the_black_bowl_next_to_the_plate_and_place_it_on_the_plate_level1_sample1,Objects Layout,2,libero_plus:libero_spatial:1893,10,1,2,10,1.0,0,0,0,0.0,,,
libero_plus,condition,libero_plus:libero_spatial:1893,libero_spatial,pick_up_the_black_bowl_next_to_the_plate_and_place_it_on_the_plate,pick_up_the_black_bowl_next_to_the_plate_and_place_it_on_the_plate_level1_sample1,Objects Layout,2,libero_plus:libero_spatial:1893,10,1,4,10,1.0,0,0,0,0.0,,,
libero_plus,condition,libero_plus:libero_spatial:1893,libero_spatial,pick_up_the_black_bowl_next_to_the_plate_and_place_it_on_the_plate,pick_up_the_black_bowl_next_to_the_plate_and_place_it_on_the_plate_level1_sample1,Objects Layout,2,libero_plus:libero_spatial:1893,10,1,10,10,1.0,0,0,0,0.0,,,
libero_plus,condition,libero_plus:libero_spatial:262,libero_spatial,pick_up_the_black_bowl_between_the_plate_and_the_ramekin_and_place_it_on_the_plate,pick_up_the_black_bowl_between_the_plate_and_the_ramekin_and_place_it_on_the_plate_view_0_0_100_0_0_initstate_131,Robot Initial States,3,libero_plus:libero_spatial:262,10,1,1,10,1.0,0,0,0,0.0,,,
libero_plus,condition,libero_plus:libero_spatial:262,libero_spatial,pick_up_the_black_bowl_between_the_plate_and_the_ramekin_and_place_it_on_the_plate,pick_up_the_black_bowl_between_the_plate_and_the_ramekin_and_place_it_on_the_plate_view_0_0_100_0_0_initstate_131,Robot Initial States,3,libero_plus:libero_spatial:262,10,1,2,10,1.0,0,0,0,0.0,,,
libero_plus,condition,libero_plus:libero_spatial:262,libero_spatial,pick_up_the_black_bowl_between_the_plate_and_the_ramekin_and_place_it_on_the_plate,pick_up_the_black_bowl_between_the_plate_and_the_ramekin_and_place_it_on_the_plate_view_0_0_100_0_0_initstate_131,Robot Initial States,3,libero_plus:libero_spatial:262,10,1,4,10,1.0,0,0,0,0.0,,,
libero_plus,condition,libero_plus:libero_spatial:262,libero_spatial,pick_up_the_black_bowl_between_the_plate_and_the_ramekin_and_place_it_on_the_plate,pick_up_the_black_bowl_between_the_plate_and_the_ramekin_and_place_it_on_the_plate_view_0_0_100_0_0_initstate_131,Robot Initial States,3,libero_plus:libero_spatial:262,10,1,10,10,1.0,0,0,0,0.0,,,
libero_plus,condition,libero_plus:libero_spatial:265,libero_spatial,pick_up_the_black_bowl_between_the_plate_and_the_ramekin_and_place_it_on_the_plate,pick_up_the_black_bowl_between_the_plate_and_the_ramekin_and_place_it_on_the_plate_view_0_0_100_0_0_initstate_161,Robot Initial States,2,libero_plus:libero_spatial:265,10,1,1,10,1.0,0,0,0,0.0,,,
libero_plus,condition,libero_plus:libero_spatial:265,libero_spatial,pick_up_the_black_bowl_between_the_plate_and_the_ramekin_and_place_it_on_the_plate,pick_up_the_black_bowl_between_the_plate_and_the_ramekin_and_place_it_on_the_plate_view_0_0_100_0_0_initstate_161,Robot Initial States,2,libero_plus:libero_spatial:265,10,1,2,10,1.0,0,0,0,0.0,,,
libero_plus,condition,libero_plus:libero_spatial:265,libero_spatial,pick_up_the_black_bowl_between_the_plate_and_the_ramekin_and_place_it_on_the_plate,pick_up_the_black_bowl_between_the_plate_and_the_ramekin_and_place_it_on_the_plate_view_0_0_100_0_0_initstate_161,Robot Initial States,2,libero_plus:libero_spatial:265,10,1,4,10,1.0,0,0,0,0.0,,,
libero_plus,condition,libero_plus:libero_spatial:265,libero_spatial,pick_up_the_black_bowl_between_the_plate_and_the_ramekin_and_place_it_on_the_plate,pick_up_the_black_bowl_between_the_plate_and_the_ramekin_and_place_it_on_the_plate_view_0_0_100_0_0_initstate_161,Robot Initial States,2,libero_plus:libero_spatial:265,10,1,10,10,1.0,0,0,0,0.0,,,
libero_plus,condition,libero_plus:libero_spatial:293,libero_spatial,pick_up_the_black_bowl_next_to_the_ramekin_and_place_it_on_the_plate,pick_up_the_black_bowl_next_to_the_ramekin_and_place_it_on_the_plate_view_0_0_100_0_0_initstate_112,Robot Initial States,3,libero_plus:libero_spatial:293,10,1,1,10,1.0,0,0,0,0.0,,,
libero_plus,condition,libero_plus:libero_spatial:293,libero_spatial,pick_up_the_black_bowl_next_to_the_ramekin_and_place_it_on_the_plate,pick_up_the_black_bowl_next_to_the_ramekin_and_place_it_on_the_plate_view_0_0_100_0_0_initstate_112,Robot Initial States,3,libero_plus:libero_spatial:293,10,1,2,10,1.0,0,0,0,0.0,,,
libero_plus,condition,libero_plus:libero_spatial:293,libero_spatial,pick_up_the_black_bowl_next_to_the_ramekin_and_place_it_on_the_plate,pick_up_the_black_bowl_next_to_the_ramekin_and_place_it_on_the_plate_view_0_0_100_0_0_initstate_112,Robot Initial States,3,libero_plus:libero_spatial:293,10,1,4,10,1.0,0,0,0,0.0,,,
libero_plus,condition,libero_plus:libero_spatial:293,libero_spatial,pick_up_the_black_bowl_next_to_the_ramekin_and_place_it_on_the_plate,pick_up_the_black_bowl_next_to_the_ramekin_and_place_it_on_the_plate_view_0_0_100_0_0_initstate_112,Robot Initial States,3,libero_plus:libero_spatial:293,10,1,10,10,1.0,0,0,0,0.0,,,
libero_plus,condition,libero_plus:libero_spatial:304,libero_spatial,pick_up_the_black_bowl_next_to_the_ramekin_and_place_it_on_the_plate,pick_up_the_black_bowl_next_to_the_ramekin_and_place_it_on_the_plate_view_0_0_100_0_0_initstate_252,Robot Initial States,2,libero_plus:libero_spatial:304,10,1,1,10,1.0,0,0,0,0.0,,,
libero_plus,condition,libero_plus:libero_spatial:304,libero_spatial,pick_up_the_black_bowl_next_to_the_ramekin_and_place_it_on_the_plate,pick_up_the_black_bowl_next_to_the_ramekin_and_place_it_on_the_plate_view_0_0_100_0_0_initstate_252,Robot Initial States,2,libero_plus:libero_spatial:304,10,1,2,10,1.0,0,0,0,0.0,,,
libero_plus,condition,libero_plus:libero_spatial:304,libero_spatial,pick_up_the_black_bowl_next_to_the_ramekin_and_place_it_on_the_plate,pick_up_the_black_bowl_next_to_the_ramekin_and_place_it_on_the_plate_view_0_0_100_0_0_initstate_252,Robot Initial States,2,libero_plus:libero_spatial:304,10,1,4,10,1.0,0,0,0,0.0,,,
libero_plus,condition,libero_plus:libero_spatial:304,libero_spatial,pick_up_the_black_bowl_next_to_the_ramekin_and_place_it_on_the_plate,pick_up_the_black_bowl_next_to_the_ramekin_and_place_it_on_the_plate_view_0_0_100_0_0_initstate_252,Robot Initial States,2,libero_plus:libero_spatial:304,10,1,10,10,1.0,0,0,0,0.0,,,
libero_plus,condition,libero_plus:libero_spatial:611,libero_spatial,pick_up_the_black_bowl_between_the_plate_and_the_ramekin_and_place_it_on_the_plate,pick_up_the_black_bowl_between_the_plate_and_the_ramekin_and_place_it_on_the_plate_view_13_15_100_0_0_initstate_0,Camera Viewpoints,2,libero_plus:libero_spatial:611,10,1,1,10,1.0,0,0,0,0.0,,,
libero_plus,condition,libero_plus:libero_spatial:611,libero_spatial,pick_up_the_black_bowl_between_the_plate_and_the_ramekin_and_place_it_on_the_plate,pick_up_the_black_bowl_between_the_plate_and_the_ramekin_and_place_it_on_the_plate_view_13_15_100_0_0_initstate_0,Camera Viewpoints,2,libero_plus:libero_spatial:611,10,1,2,9,0.9,0,0,1,-0.1,,,
libero_plus,condition,libero_plus:libero_spatial:611,libero_spatial,pick_up_the_black_bowl_between_the_plate_and_the_ramekin_and_place_it_on_the_plate,pick_up_the_black_bowl_between_the_plate_and_the_ramekin_and_place_it_on_the_plate_view_13_15_100_0_0_initstate_0,Camera Viewpoints,2,libero_plus:libero_spatial:611,10,1,4,10,1.0,0,0,0,0.0,,,
libero_plus,condition,libero_plus:libero_spatial:611,libero_spatial,pick_up_the_black_bowl_between_the_plate_and_the_ramekin_and_place_it_on_the_plate,pick_up_the_black_bowl_between_the_plate_and_the_ramekin_and_place_it_on_the_plate_view_13_15_100_0_0_initstate_0,Camera Viewpoints,2,libero_plus:libero_spatial:611,10,1,10,9,0.9,0,0,1,-0.1,,,
libero_plus,condition,libero_plus:libero_spatial:614,libero_spatial,pick_up_the_black_bowl_next_to_the_ramekin_and_place_it_on_the_plate,pick_up_the_black_bowl_next_to_the_ramekin_and_place_it_on_the_plate_view_0_0_115_0_0_initstate_0,Camera Viewpoints,2,libero_plus:libero_spatial:614,10,1,1,10,1.0,0,0,0,0.0,,,
libero_plus,condition,libero_plus:libero_spatial:614,libero_spatial,pick_up_the_black_bowl_next_to_the_ramekin_and_place_it_on_the_plate,pick_up_the_black_bowl_next_to_the_ramekin_and_place_it_on_the_plate_view_0_0_115_0_0_initstate_0,Camera Viewpoints,2,libero_plus:libero_spatial:614,10,1,2,10,1.0,0,0,0,0.0,,,
libero_plus,condition,libero_plus:libero_spatial:614,libero_spatial,pick_up_the_black_bowl_next_to_the_ramekin_and_place_it_on_the_plate,pick_up_the_black_bowl_next_to_the_ramekin_and_place_it_on_the_plate_view_0_0_115_0_0_initstate_0,Camera Viewpoints,2,libero_plus:libero_spatial:614,10,1,4,10,1.0,0,0,0,0.0,,,
libero_plus,condition,libero_plus:libero_spatial:614,libero_spatial,pick_up_the_black_bowl_next_to_the_ramekin_and_place_it_on_the_plate,pick_up_the_black_bowl_next_to_the_ramekin_and_place_it_on_the_plate_view_0_0_115_0_0_initstate_0,Camera Viewpoints,2,libero_plus:libero_spatial:614,10,1,10,10,1.0,0,0,0,0.0,,,
libero_plus,condition,libero_plus:libero_spatial:616,libero_spatial,pick_up_the_black_bowl_next_to_the_ramekin_and_place_it_on_the_plate,pick_up_the_black_bowl_next_to_the_ramekin_and_place_it_on_the_plate_view_0_0_120_0_0_initstate_0,Camera Viewpoints,3,libero_plus:libero_spatial:616,10,1,1,10,1.0,0,0,0,0.0,,,
libero_plus,condition,libero_plus:libero_spatial:616,libero_spatial,pick_up_the_black_bowl_next_to_the_ramekin_and_place_it_on_the_plate,pick_up_the_black_bowl_next_to_the_ramekin_and_place_it_on_the_plate_view_0_0_120_0_0_initstate_0,Camera Viewpoints,3,libero_plus:libero_spatial:616,10,1,2,10,1.0,0,0,0,0.0,,,
libero_plus,condition,libero_plus:libero_spatial:616,libero_spatial,pick_up_the_black_bowl_next_to_the_ramekin_and_place_it_on_the_plate,pick_up_the_black_bowl_next_to_the_ramekin_and_place_it_on_the_plate_view_0_0_120_0_0_initstate_0,Camera Viewpoints,3,libero_plus:libero_spatial:616,10,1,4,10,1.0,0,0,0,0.0,,,
libero_plus,condition,libero_plus:libero_spatial:616,libero_spatial,pick_up_the_black_bowl_next_to_the_ramekin_and_place_it_on_the_plate,pick_up_the_black_bowl_next_to_the_ramekin_and_place_it_on_the_plate_view_0_0_120_0_0_initstate_0,Camera Viewpoints,3,libero_plus:libero_spatial:616,10,1,10,10,1.0,0,0,0,0.0,,,
libero_plus,condition,libero_plus:libero_spatial:729,libero_spatial,pick_up_the_black_bowl_on_the_cookie_box_and_place_it_on_the_plate,pick_up_the_black_bowl_on_the_cookie_box_and_place_it_on_the_plate_view_58_0_100_0_0_initstate_0,Camera Viewpoints,3,libero_plus:libero_spatial:729,10,1,1,10,1.0,0,0,0,0.0,,,
libero_plus,condition,libero_plus:libero_spatial:729,libero_spatial,pick_up_the_black_bowl_on_the_cookie_box_and_place_it_on_the_plate,pick_up_the_black_bowl_on_the_cookie_box_and_place_it_on_the_plate_view_58_0_100_0_0_initstate_0,Camera Viewpoints,3,libero_plus:libero_spatial:729,10,1,2,9,0.9,0,0,1,-0.1,,,
libero_plus,condition,libero_plus:libero_spatial:729,libero_spatial,pick_up_the_black_bowl_on_the_cookie_box_and_place_it_on_the_plate,pick_up_the_black_bowl_on_the_cookie_box_and_place_it_on_the_plate_view_58_0_100_0_0_initstate_0,Camera Viewpoints,3,libero_plus:libero_spatial:729,10,1,4,8,0.8,0,0,2,-0.2,,,
libero_plus,condition,libero_plus:libero_spatial:729,libero_spatial,pick_up_the_black_bowl_on_the_cookie_box_and_place_it_on_the_plate,pick_up_the_black_bowl_on_the_cookie_box_and_place_it_on_the_plate_view_58_0_100_0_0_initstate_0,Camera Viewpoints,3,libero_plus:libero_spatial:729,10,1,10,9,0.9,0,0,1,-0.1,,,
